[0.000000] (-) TimerEvent: {}
[0.000325] (px4_msgs) JobQueued: {'identifier': 'px4_msgs', 'dependencies': OrderedDict()}
[0.000388] (MAV) JobQueued: {'identifier': 'MAV', 'dependencies': OrderedDict([('px4_msgs', '/home/lee/workspace/ros2_ex/install/px4_msgs')])}
[0.000399] (ground) JobQueued: {'identifier': 'ground', 'dependencies': OrderedDict([('px4_msgs', '/home/lee/workspace/ros2_ex/install/px4_msgs')])}
[0.000407] (px4_msgs) JobStarted: {'identifier': 'px4_msgs'}
[0.004139] (px4_msgs) JobProgress: {'identifier': 'px4_msgs', 'progress': 'cmake'}
[0.004548] (px4_msgs) JobProgress: {'identifier': 'px4_msgs', 'progress': 'build'}
[0.004979] (px4_msgs) Command: {'cmd': ['/usr/bin/cmake', '--build', '/home/lee/workspace/ros2_ex/build/px4_msgs', '--', '-j32', '-l32'], 'cwd': '/home/lee/workspace/ros2_ex/build/px4_msgs', 'env': OrderedDict([('GJS_DEBUG_TOPICS', 'JS ERROR;JS LOG'), ('GZ_SIM_SYSTEM_PLUGIN_PATH', ':/home/lee/gazebo_maritime_ws/install/lib:/home/lee/workspace/gz_sim_modle/gazebo_joint_plugin/build:/home/lee/PX4-Autopilot/Tools/sitl_gazebo/build/px4_sitl_default/build_gz'), ('VSCODE_CWD', '/home/lee'), ('VSCODE_ESM_ENTRYPOINT', 'vs/workbench/api/node/extensionHostProcess'), ('LC_TIME', 'lzh_TW'), ('USER', 'lee'), ('GZ_SIM_RESOURCE_PATH', ':/home/lee/PX4-Autopilot/Tools/sitl_gazebo/models:/home/lee/workspace/gz_sim_modle:/usr/share/gz/gz-sim8/worlds:/home/lee/PX4-Autopilot/Tools/simulation/gz/worlds:/home/lee/PX4-Autopilot/Tools/sitl_gazebo/models:/home/lee/PX4-Autopilot/Tools/simulation/gz/models'), ('VSCODE_NLS_CONFIG', '{"userLocale":"en-us","osLocale":"en-us","resolvedLanguage":"en","defaultMessagesFile":"/usr/share/code/resources/app/out/nls.messages.json","locale":"en-us","availableLanguages":{}}'), ('VSCODE_HANDLES_UNCAUGHT_ERRORS', 'true'), ('XDG_SESSION_TYPE', 'x11'), ('GIT_ASKPASS', '/usr/share/code/resources/app/extensions/git/dist/askpass.sh'), ('SHLVL', '0'), ('LD_LIBRARY_PATH', '/home/lee/workspace/ros2_ex/install/px4_msgs/lib:/opt/ros/humble/opt/rviz_ogre_vendor/lib:/opt/ros/humble/lib/x86_64-linux-gnu:/opt/ros/humble/lib:/home/lee/gazebo_maritime_ws/install/lib'), ('HOME', '/home/lee'), ('CHROME_DESKTOP', 'code.desktop'), ('OLDPWD', '/home/lee/workspace/ros2_ex'), ('LESS', '-R'), ('DESKTOP_SESSION', 'ubuntu'), ('TERM_PROGRAM_VERSION', '1.100.2'), ('GIO_LAUNCHED_DESKTOP_FILE', '/usr/share/applications/code.desktop'), ('ZSH', '/home/lee/.oh-my-zsh'), ('LSCOLORS', 'Gxfxcxdxbxegedabagacad'), ('VSCODE_IPC_HOOK', '/run/user/1000/vscode-fab3baac-1.10-main.sock'), ('GTK_MODULES', 'gail:atk-bridge'), ('GNOME_SHELL_SESSION_MODE', 'ubuntu'), ('PAGER', 'less'), ('ROS_PYTHON_VERSION', '3'), ('APPLICATION_INSIGHTS_NO_DIAGNOSTIC_CHANNEL', '1'), ('VSCODE_GIT_ASKPASS_MAIN', '/usr/share/code/resources/app/extensions/git/dist/askpass-main.js'), ('LC_MONETARY', 'lzh_TW'), ('MANAGERPID', '1879'), ('VSCODE_GIT_ASKPASS_NODE', '/usr/share/code/code'), ('SYSTEMD_EXEC_PID', '2136'), ('DBUS_SESSION_BUS_ADDRESS', 'unix:path=/run/user/1000/bus'), ('GIO_LAUNCHED_DESKTOP_FILE_PID', '6966'), ('COLORTERM', 'truecolor'), ('_colcon_cd_root', '/opt/ros/humble/'), ('VSCODE_CRASH_REPORTER_PROCESS_TYPE', 'extensionHost'), ('ROS_DISTRO', 'humble'), ('COLCON_PREFIX_PATH', '/home/lee/workspace/ros2_ex/install:/home/lee/workspace/vrpn/vrpn_optitrack/install'), ('VSCODE_L10N_BUNDLE_LOCATION', ''), ('APPLICATION_INSIGHTS_NO_STATSBEAT', 'true'), ('LOGNAME', 'lee'), ('GTK_IM_MODULE', 'ibus'), ('JOURNAL_STREAM', '8:12659'), ('_P9K_SSH_TTY', ''), ('_', '/usr/bin/colcon'), ('XDG_SESSION_CLASS', 'user'), ('ROS_VERSION', '2'), ('USERNAME', 'lee'), ('GAZEBO_MODEL_PATH', '/home/lee/PX4-Autopilot/Tools/simulation/gz/models'), ('TERM', 'xterm-256color'), ('GNOME_DESKTOP_SESSION_ID', 'this-is-deprecated'), ('ROS_LOCALHOST_ONLY', '0'), ('WINDOWPATH', '2'), ('PATH', '/home/lee/.local/bin:/opt/ros/humble/bin:/usr/local/MATLAB/R2020a/bin/:/home/lee/.local/bin:/usr/local/sbin:/usr/local/bin:/usr/sbin:/usr/bin:/sbin:/bin:/usr/games:/usr/local/games:/snap/bin:/snap/bin:/home/lee/.config/Code/User/globalStorage/github.copilot-chat/debugCommand'), ('SESSION_MANAGER', 'local/lee-System-Product-Name:@/tmp/.ICE-unix/2109,unix/lee-System-Product-Name:/tmp/.ICE-unix/2109'), ('INVOCATION_ID', 'a44a99495a9f4cab8e686121c509e5ed'), ('LC_ADDRESS', 'lzh_TW'), ('XDG_RUNTIME_DIR', '/run/user/1000'), ('XDG_MENU_PREFIX', 'gnome-'), ('GDK_BACKEND', 'x11'), ('DISPLAY', ':1'), ('LANG', 'en_US.UTF-8'), ('LC_TELEPHONE', 'lzh_TW'), ('XDG_CURRENT_DESKTOP', 'Unity'), ('GZ_TRANSPORT_VERSION', '12'), ('XAUTHORITY', '/run/user/1000/gdm/Xauthority'), ('XDG_SESSION_DESKTOP', 'ubuntu'), ('XMODIFIERS', '@im=ibus'), ('LS_COLORS', ''), ('TERM_PROGRAM', 'vscode'), ('VSCODE_GIT_IPC_HANDLE', '/run/user/1000/vscode-git-ca4885e317.sock'), ('SSH_AGENT_LAUNCHER', 'gnome-keyring'), ('SSH_AUTH_SOCK', '/run/user/1000/keyring/ssh'), ('ORIGINAL_XDG_CURRENT_DESKTOP', 'ubuntu:GNOME'), ('AMENT_PREFIX_PATH', '/home/lee/workspace/ros2_ex/install/sensor:/home/lee/workspace/ros2_ex/install/ground:/home/lee/workspace/ros2_ex/install/MAV:/home/lee/workspace/ros2_ex/install/px4_msgs:/home/lee/workspace/vrpn/vrpn_optitrack/install/vrpn_mocap:/opt/ros/humble'), ('LC_NAME', 'lzh_TW'), ('SHELL', '/usr/bin/zsh'), ('QT_ACCESSIBILITY', '1'), ('GDMSESSION', 'ubuntu'), ('GZ_SIM_MODEL_PATH', '/home/lee/PX4-Autopilot/Tools/simulation/gz/models'), ('ELECTRON_RUN_AS_NODE', '1'), ('LC_MEASUREMENT', 'lzh_TW'), ('LC_IDENTIFICATION', 'lzh_TW'), ('GPG_AGENT_INFO', '/run/user/1000/gnupg/S.gpg-agent:0:1'), ('GJS_DEBUG_OUTPUT', 'stderr'), ('P9K_SSH', '0'), ('QT_IM_MODULE', 'ibus'), ('VSCODE_GIT_ASKPASS_EXTRA_ARGS', ''), ('LC_ALL', 'en_US.UTF-8'), ('PWD', '/home/lee/workspace/ros2_ex/build/px4_msgs'), ('XDG_DATA_DIRS', '/usr/share/ubuntu:/usr/share/gnome:/usr/local/share/:/usr/share/:/var/lib/snapd/desktop'), ('XDG_CONFIG_DIRS', '/etc/xdg/xdg-ubuntu:/etc/xdg'), ('GAZEBO_PLUGIN_PATH', ':/home/lee/PX4-Autopilot/build/px4_sitl_default/src/lib'), ('VSCODE_CODE_CACHE_PATH', '/home/lee/.config/Code/CachedData/848b80aeb52026648a8ff9f7c45a9b0a80641e2e'), ('LC_NUMERIC', 'lzh_TW'), ('PYTHONPATH', '/home/lee/workspace/ros2_ex/install/px4_msgs/local/lib/python3.10/dist-packages:/opt/ros/humble/lib/python3.10/site-packages:/opt/ros/humble/local/lib/python3.10/dist-packages'), ('LC_PAPER', 'lzh_TW'), ('COLCON', '1'), ('CMAKE_PREFIX_PATH', '/home/lee/workspace/ros2_ex/install/sensor:/home/lee/workspace/ros2_ex/install/ground:/home/lee/workspace/ros2_ex/install/MAV4:/home/lee/workspace/ros2_ex/install/MAV3:/home/lee/workspace/ros2_ex/install/MAV2:/home/lee/workspace/ros2_ex/install/MAV1:/home/lee/workspace/ros2_ex/install/MAV:/home/lee/workspace/ros2_ex/install/px4_msgs:/home/lee/workspace/vrpn/vrpn_optitrack/install/vrpn_mocap:/opt/ros/humble'), ('VSCODE_PID', '6966')]), 'shell': False}
[0.099922] (-) TimerEvent: {}
[0.181238] (px4_msgs) StdoutLine: {'line': b'[  0%] Built target ament_cmake_python_symlink_px4_msgs\n'}
[0.190726] (px4_msgs) StdoutLine: {'line': b'[  0%] Built target px4_msgs__cpp\n'}
[0.200097] (-) TimerEvent: {}
[0.202066] (px4_msgs) StdoutLine: {'line': b'[ 12%] Built target px4_msgs__rosidl_generator_c\n'}
[0.229988] (px4_msgs) StdoutLine: {'line': b'[ 25%] Built target px4_msgs__rosidl_typesupport_c\n'}
[0.239270] (px4_msgs) StdoutLine: {'line': b'[ 37%] Built target px4_msgs__rosidl_typesupport_cpp\n'}
[0.244442] (px4_msgs) StdoutLine: {'line': b'[ 50%] Built target px4_msgs__rosidl_typesupport_introspection_cpp\n'}
[0.245527] (px4_msgs) StdoutLine: {'line': b'[ 63%] Built target px4_msgs__rosidl_typesupport_introspection_c\n'}
[0.250356] (px4_msgs) StdoutLine: {'line': b'[ 75%] Built target px4_msgs__rosidl_typesupport_fastrtps_cpp\n'}
[0.265225] (px4_msgs) StdoutLine: {'line': b'[ 88%] Built target px4_msgs__rosidl_typesupport_fastrtps_c\n'}
[0.270486] (px4_msgs) StdoutLine: {'line': b'running egg_info\n'}
[0.276204] (px4_msgs) StdoutLine: {'line': b'writing px4_msgs.egg-info/PKG-INFO\n'}
[0.276489] (px4_msgs) StdoutLine: {'line': b'[ 88%] Built target px4_msgs\n'}
[0.276548] (px4_msgs) StdoutLine: {'line': b'writing dependency_links to px4_msgs.egg-info/dependency_links.txt\n'}
[0.276672] (px4_msgs) StdoutLine: {'line': b'writing top-level names to px4_msgs.egg-info/top_level.txt\n'}
[0.293468] (px4_msgs) StdoutLine: {'line': b'[ 88%] Built target px4_msgs__py\n'}
[0.294733] (px4_msgs) StdoutLine: {'line': b"reading manifest file 'px4_msgs.egg-info/SOURCES.txt'\n"}
[0.296491] (px4_msgs) StdoutLine: {'line': b"writing manifest file 'px4_msgs.egg-info/SOURCES.txt'\n"}
[0.300215] (-) TimerEvent: {}
[0.311886] (px4_msgs) StdoutLine: {'line': b'[ 88%] Built target ament_cmake_python_build_px4_msgs_egg\n'}
[0.344126] (px4_msgs) StdoutLine: {'line': b'[100%] Built target px4_msgs__rosidl_generator_py\n'}
[0.362009] (px4_msgs) StdoutLine: {'line': b'[100%] Built target px4_msgs__rosidl_typesupport_fastrtps_c__pyext\n'}
[0.362166] (px4_msgs) StdoutLine: {'line': b'[100%] Built target px4_msgs__rosidl_typesupport_introspection_c__pyext\n'}
[0.362220] (px4_msgs) StdoutLine: {'line': b'[100%] Built target px4_msgs__rosidl_typesupport_c__pyext\n'}
[0.368295] (px4_msgs) CommandEnded: {'returncode': 0}
[0.368867] (px4_msgs) JobProgress: {'identifier': 'px4_msgs', 'progress': 'install'}
[0.374875] (px4_msgs) Command: {'cmd': ['/usr/bin/cmake', '--install', '/home/lee/workspace/ros2_ex/build/px4_msgs'], 'cwd': '/home/lee/workspace/ros2_ex/build/px4_msgs', 'env': OrderedDict([('GJS_DEBUG_TOPICS', 'JS ERROR;JS LOG'), ('GZ_SIM_SYSTEM_PLUGIN_PATH', ':/home/lee/gazebo_maritime_ws/install/lib:/home/lee/workspace/gz_sim_modle/gazebo_joint_plugin/build:/home/lee/PX4-Autopilot/Tools/sitl_gazebo/build/px4_sitl_default/build_gz'), ('VSCODE_CWD', '/home/lee'), ('VSCODE_ESM_ENTRYPOINT', 'vs/workbench/api/node/extensionHostProcess'), ('LC_TIME', 'lzh_TW'), ('USER', 'lee'), ('GZ_SIM_RESOURCE_PATH', ':/home/lee/PX4-Autopilot/Tools/sitl_gazebo/models:/home/lee/workspace/gz_sim_modle:/usr/share/gz/gz-sim8/worlds:/home/lee/PX4-Autopilot/Tools/simulation/gz/worlds:/home/lee/PX4-Autopilot/Tools/sitl_gazebo/models:/home/lee/PX4-Autopilot/Tools/simulation/gz/models'), ('VSCODE_NLS_CONFIG', '{"userLocale":"en-us","osLocale":"en-us","resolvedLanguage":"en","defaultMessagesFile":"/usr/share/code/resources/app/out/nls.messages.json","locale":"en-us","availableLanguages":{}}'), ('VSCODE_HANDLES_UNCAUGHT_ERRORS', 'true'), ('XDG_SESSION_TYPE', 'x11'), ('GIT_ASKPASS', '/usr/share/code/resources/app/extensions/git/dist/askpass.sh'), ('SHLVL', '0'), ('LD_LIBRARY_PATH', '/home/lee/workspace/ros2_ex/install/px4_msgs/lib:/opt/ros/humble/opt/rviz_ogre_vendor/lib:/opt/ros/humble/lib/x86_64-linux-gnu:/opt/ros/humble/lib:/home/lee/gazebo_maritime_ws/install/lib'), ('HOME', '/home/lee'), ('CHROME_DESKTOP', 'code.desktop'), ('OLDPWD', '/home/lee/workspace/ros2_ex'), ('LESS', '-R'), ('DESKTOP_SESSION', 'ubuntu'), ('TERM_PROGRAM_VERSION', '1.100.2'), ('GIO_LAUNCHED_DESKTOP_FILE', '/usr/share/applications/code.desktop'), ('ZSH', '/home/lee/.oh-my-zsh'), ('LSCOLORS', 'Gxfxcxdxbxegedabagacad'), ('VSCODE_IPC_HOOK', '/run/user/1000/vscode-fab3baac-1.10-main.sock'), ('GTK_MODULES', 'gail:atk-bridge'), ('GNOME_SHELL_SESSION_MODE', 'ubuntu'), ('PAGER', 'less'), ('ROS_PYTHON_VERSION', '3'), ('APPLICATION_INSIGHTS_NO_DIAGNOSTIC_CHANNEL', '1'), ('VSCODE_GIT_ASKPASS_MAIN', '/usr/share/code/resources/app/extensions/git/dist/askpass-main.js'), ('LC_MONETARY', 'lzh_TW'), ('MANAGERPID', '1879'), ('VSCODE_GIT_ASKPASS_NODE', '/usr/share/code/code'), ('SYSTEMD_EXEC_PID', '2136'), ('DBUS_SESSION_BUS_ADDRESS', 'unix:path=/run/user/1000/bus'), ('GIO_LAUNCHED_DESKTOP_FILE_PID', '6966'), ('COLORTERM', 'truecolor'), ('_colcon_cd_root', '/opt/ros/humble/'), ('VSCODE_CRASH_REPORTER_PROCESS_TYPE', 'extensionHost'), ('ROS_DISTRO', 'humble'), ('COLCON_PREFIX_PATH', '/home/lee/workspace/ros2_ex/install:/home/lee/workspace/vrpn/vrpn_optitrack/install'), ('VSCODE_L10N_BUNDLE_LOCATION', ''), ('APPLICATION_INSIGHTS_NO_STATSBEAT', 'true'), ('LOGNAME', 'lee'), ('GTK_IM_MODULE', 'ibus'), ('JOURNAL_STREAM', '8:12659'), ('_P9K_SSH_TTY', ''), ('_', '/usr/bin/colcon'), ('XDG_SESSION_CLASS', 'user'), ('ROS_VERSION', '2'), ('USERNAME', 'lee'), ('GAZEBO_MODEL_PATH', '/home/lee/PX4-Autopilot/Tools/simulation/gz/models'), ('TERM', 'xterm-256color'), ('GNOME_DESKTOP_SESSION_ID', 'this-is-deprecated'), ('ROS_LOCALHOST_ONLY', '0'), ('WINDOWPATH', '2'), ('PATH', '/home/lee/.local/bin:/opt/ros/humble/bin:/usr/local/MATLAB/R2020a/bin/:/home/lee/.local/bin:/usr/local/sbin:/usr/local/bin:/usr/sbin:/usr/bin:/sbin:/bin:/usr/games:/usr/local/games:/snap/bin:/snap/bin:/home/lee/.config/Code/User/globalStorage/github.copilot-chat/debugCommand'), ('SESSION_MANAGER', 'local/lee-System-Product-Name:@/tmp/.ICE-unix/2109,unix/lee-System-Product-Name:/tmp/.ICE-unix/2109'), ('INVOCATION_ID', 'a44a99495a9f4cab8e686121c509e5ed'), ('LC_ADDRESS', 'lzh_TW'), ('XDG_RUNTIME_DIR', '/run/user/1000'), ('XDG_MENU_PREFIX', 'gnome-'), ('GDK_BACKEND', 'x11'), ('DISPLAY', ':1'), ('LANG', 'en_US.UTF-8'), ('LC_TELEPHONE', 'lzh_TW'), ('XDG_CURRENT_DESKTOP', 'Unity'), ('GZ_TRANSPORT_VERSION', '12'), ('XAUTHORITY', '/run/user/1000/gdm/Xauthority'), ('XDG_SESSION_DESKTOP', 'ubuntu'), ('XMODIFIERS', '@im=ibus'), ('LS_COLORS', ''), ('TERM_PROGRAM', 'vscode'), ('VSCODE_GIT_IPC_HANDLE', '/run/user/1000/vscode-git-ca4885e317.sock'), ('SSH_AGENT_LAUNCHER', 'gnome-keyring'), ('SSH_AUTH_SOCK', '/run/user/1000/keyring/ssh'), ('ORIGINAL_XDG_CURRENT_DESKTOP', 'ubuntu:GNOME'), ('AMENT_PREFIX_PATH', '/home/lee/workspace/ros2_ex/install/sensor:/home/lee/workspace/ros2_ex/install/ground:/home/lee/workspace/ros2_ex/install/MAV:/home/lee/workspace/ros2_ex/install/px4_msgs:/home/lee/workspace/vrpn/vrpn_optitrack/install/vrpn_mocap:/opt/ros/humble'), ('LC_NAME', 'lzh_TW'), ('SHELL', '/usr/bin/zsh'), ('QT_ACCESSIBILITY', '1'), ('GDMSESSION', 'ubuntu'), ('GZ_SIM_MODEL_PATH', '/home/lee/PX4-Autopilot/Tools/simulation/gz/models'), ('ELECTRON_RUN_AS_NODE', '1'), ('LC_MEASUREMENT', 'lzh_TW'), ('LC_IDENTIFICATION', 'lzh_TW'), ('GPG_AGENT_INFO', '/run/user/1000/gnupg/S.gpg-agent:0:1'), ('GJS_DEBUG_OUTPUT', 'stderr'), ('P9K_SSH', '0'), ('QT_IM_MODULE', 'ibus'), ('VSCODE_GIT_ASKPASS_EXTRA_ARGS', ''), ('LC_ALL', 'en_US.UTF-8'), ('PWD', '/home/lee/workspace/ros2_ex/build/px4_msgs'), ('XDG_DATA_DIRS', '/usr/share/ubuntu:/usr/share/gnome:/usr/local/share/:/usr/share/:/var/lib/snapd/desktop'), ('XDG_CONFIG_DIRS', '/etc/xdg/xdg-ubuntu:/etc/xdg'), ('GAZEBO_PLUGIN_PATH', ':/home/lee/PX4-Autopilot/build/px4_sitl_default/src/lib'), ('VSCODE_CODE_CACHE_PATH', '/home/lee/.config/Code/CachedData/848b80aeb52026648a8ff9f7c45a9b0a80641e2e'), ('LC_NUMERIC', 'lzh_TW'), ('PYTHONPATH', '/home/lee/workspace/ros2_ex/install/px4_msgs/local/lib/python3.10/dist-packages:/opt/ros/humble/lib/python3.10/site-packages:/opt/ros/humble/local/lib/python3.10/dist-packages'), ('LC_PAPER', 'lzh_TW'), ('COLCON', '1'), ('CMAKE_PREFIX_PATH', '/home/lee/workspace/ros2_ex/install/sensor:/home/lee/workspace/ros2_ex/install/ground:/home/lee/workspace/ros2_ex/install/MAV4:/home/lee/workspace/ros2_ex/install/MAV3:/home/lee/workspace/ros2_ex/install/MAV2:/home/lee/workspace/ros2_ex/install/MAV1:/home/lee/workspace/ros2_ex/install/MAV:/home/lee/workspace/ros2_ex/install/px4_msgs:/home/lee/workspace/vrpn/vrpn_optitrack/install/vrpn_mocap:/opt/ros/humble'), ('VSCODE_PID', '6966')]), 'shell': False}
[0.378819] (px4_msgs) StdoutLine: {'line': b'-- Install configuration: "RelWithDebInfo"\n'}
[0.379926] (px4_msgs) StdoutLine: {'line': b'-- Execute custom install script\n'}
[0.380001] (px4_msgs) StdoutLine: {'line': b'-- Up-to-date symlink: /home/lee/workspace/ros2_ex/install/px4_msgs/share/ament_index/resource_index/rosidl_interfaces/px4_msgs\n'}
[0.383534] (px4_msgs) StdoutLine: {'line': b'-- Up-to-date symlink: /home/lee/workspace/ros2_ex/install/px4_msgs/include/px4_msgs/px4_msgs/msg/action_request.h\n'}
[0.383989] (px4_msgs) StdoutLine: {'line': b'-- Up-to-date symlink: /home/lee/workspace/ros2_ex/install/px4_msgs/include/px4_msgs/px4_msgs/msg/actuator_armed.h\n'}
[0.384070] (px4_msgs) StdoutLine: {'line': b'-- Up-to-date symlink: /home/lee/workspace/ros2_ex/install/px4_msgs/include/px4_msgs/px4_msgs/msg/actuator_controls_status.h\n'}
[0.384126] (px4_msgs) StdoutLine: {'line': b'-- Up-to-date symlink: /home/lee/workspace/ros2_ex/install/px4_msgs/include/px4_msgs/px4_msgs/msg/actuator_motors.h\n'}
[0.384199] (px4_msgs) StdoutLine: {'line': b'-- Up-to-date symlink: /home/lee/workspace/ros2_ex/install/px4_msgs/include/px4_msgs/px4_msgs/msg/actuator_outputs.h\n'}
[0.384249] (px4_msgs) StdoutLine: {'line': b'-- Up-to-date symlink: /home/lee/workspace/ros2_ex/install/px4_msgs/include/px4_msgs/px4_msgs/msg/actuator_servos.h\n'}
[0.384514] (px4_msgs) StdoutLine: {'line': b'-- Up-to-date symlink: /home/lee/workspace/ros2_ex/install/px4_msgs/include/px4_msgs/px4_msgs/msg/actuator_servos_trim.h\n'}
[0.384598] (px4_msgs) StdoutLine: {'line': b'-- Up-to-date symlink: /home/lee/workspace/ros2_ex/install/px4_msgs/include/px4_msgs/px4_msgs/msg/actuator_test.h\n'}
[0.384653] (px4_msgs) StdoutLine: {'line': b'-- Up-to-date symlink: /home/lee/workspace/ros2_ex/install/px4_msgs/include/px4_msgs/px4_msgs/msg/adc_report.h\n'}
[0.384703] (px4_msgs) StdoutLine: {'line': b'-- Up-to-date symlink: /home/lee/workspace/ros2_ex/install/px4_msgs/include/px4_msgs/px4_msgs/msg/airspeed.h\n'}
[0.384935] (px4_msgs) StdoutLine: {'line': b'-- Up-to-date symlink: /home/lee/workspace/ros2_ex/install/px4_msgs/include/px4_msgs/px4_msgs/msg/airspeed_validated.h\n'}
[0.385007] (px4_msgs) StdoutLine: {'line': b'-- Up-to-date symlink: /home/lee/workspace/ros2_ex/install/px4_msgs/include/px4_msgs/px4_msgs/msg/airspeed_wind.h\n'}
[0.385060] (px4_msgs) StdoutLine: {'line': b'-- Up-to-date symlink: /home/lee/workspace/ros2_ex/install/px4_msgs/include/px4_msgs/px4_msgs/msg/arming_check_reply.h\n'}
[0.385110] (px4_msgs) StdoutLine: {'line': b'-- Up-to-date symlink: /home/lee/workspace/ros2_ex/install/px4_msgs/include/px4_msgs/px4_msgs/msg/arming_check_request.h\n'}
[0.385159] (px4_msgs) StdoutLine: {'line': b'-- Up-to-date symlink: /home/lee/workspace/ros2_ex/install/px4_msgs/include/px4_msgs/px4_msgs/msg/autotune_attitude_control_status.h\n'}
[0.385214] (px4_msgs) StdoutLine: {'line': b'-- Up-to-date symlink: /home/lee/workspace/ros2_ex/install/px4_msgs/include/px4_msgs/px4_msgs/msg/battery_info.h\n'}
[0.385263] (px4_msgs) StdoutLine: {'line': b'-- Up-to-date symlink: /home/lee/workspace/ros2_ex/install/px4_msgs/include/px4_msgs/px4_msgs/msg/battery_status.h\n'}
[0.385354] (px4_msgs) StdoutLine: {'line': b'-- Up-to-date symlink: /home/lee/workspace/ros2_ex/install/px4_msgs/include/px4_msgs/px4_msgs/msg/button_event.h\n'}
[0.385409] (px4_msgs) StdoutLine: {'line': b'-- Up-to-date symlink: /home/lee/workspace/ros2_ex/install/px4_msgs/include/px4_msgs/px4_msgs/msg/camera_capture.h\n'}
[0.385458] (px4_msgs) StdoutLine: {'line': b'-- Up-to-date symlink: /home/lee/workspace/ros2_ex/install/px4_msgs/include/px4_msgs/px4_msgs/msg/camera_status.h\n'}
[0.385507] (px4_msgs) StdoutLine: {'line': b'-- Up-to-date symlink: /home/lee/workspace/ros2_ex/install/px4_msgs/include/px4_msgs/px4_msgs/msg/camera_trigger.h\n'}
[0.385557] (px4_msgs) StdoutLine: {'line': b'-- Up-to-date symlink: /home/lee/workspace/ros2_ex/install/px4_msgs/include/px4_msgs/px4_msgs/msg/can_interface_status.h\n'}
[0.385605] (px4_msgs) StdoutLine: {'line': b'-- Up-to-date symlink: /home/lee/workspace/ros2_ex/install/px4_msgs/include/px4_msgs/px4_msgs/msg/cellular_status.h\n'}
[0.385654] (px4_msgs) StdoutLine: {'line': b'-- Up-to-date symlink: /home/lee/workspace/ros2_ex/install/px4_msgs/include/px4_msgs/px4_msgs/msg/collision_constraints.h\n'}
[0.385731] (px4_msgs) StdoutLine: {'line': b'-- Up-to-date symlink: /home/lee/workspace/ros2_ex/install/px4_msgs/include/px4_msgs/px4_msgs/msg/collision_report.h\n'}
[0.385781] (px4_msgs) StdoutLine: {'line': b'-- Up-to-date symlink: /home/lee/workspace/ros2_ex/install/px4_msgs/include/px4_msgs/px4_msgs/msg/config_overrides.h\n'}
[0.385829] (px4_msgs) StdoutLine: {'line': b'-- Up-to-date symlink: /home/lee/workspace/ros2_ex/install/px4_msgs/include/px4_msgs/px4_msgs/msg/control_allocator_status.h\n'}
[0.385877] (px4_msgs) StdoutLine: {'line': b'-- Up-to-date symlink: /home/lee/workspace/ros2_ex/install/px4_msgs/include/px4_msgs/px4_msgs/msg/cpuload.h\n'}
[0.385926] (px4_msgs) StdoutLine: {'line': b'-- Up-to-date symlink: /home/lee/workspace/ros2_ex/install/px4_msgs/include/px4_msgs/px4_msgs/msg/dataman_request.h\n'}
[0.386001] (px4_msgs) StdoutLine: {'line': b'-- Up-to-date symlink: /home/lee/workspace/ros2_ex/install/px4_msgs/include/px4_msgs/px4_msgs/msg/dataman_response.h\n'}
[0.386050] (px4_msgs) StdoutLine: {'line': b'-- Up-to-date symlink: /home/lee/workspace/ros2_ex/install/px4_msgs/include/px4_msgs/px4_msgs/msg/debug_array.h\n'}
[0.386099] (px4_msgs) StdoutLine: {'line': b'-- Up-to-date symlink: /home/lee/workspace/ros2_ex/install/px4_msgs/include/px4_msgs/px4_msgs/msg/debug_key_value.h\n'}
[0.386147] (px4_msgs) StdoutLine: {'line': b'-- Up-to-date symlink: /home/lee/workspace/ros2_ex/install/px4_msgs/include/px4_msgs/px4_msgs/msg/debug_value.h\n'}
[0.386195] (px4_msgs) StdoutLine: {'line': b'-- Up-to-date symlink: /home/lee/workspace/ros2_ex/install/px4_msgs/include/px4_msgs/px4_msgs/msg/debug_vect.h\n'}
[0.386243] (px4_msgs) StdoutLine: {'line': b'-- Up-to-date symlink: /home/lee/workspace/ros2_ex/install/px4_msgs/include/px4_msgs/px4_msgs/msg/detail/action_request__functions.h\n'}
[0.386323] (px4_msgs) StdoutLine: {'line': b'-- Up-to-date symlink: /home/lee/workspace/ros2_ex/install/px4_msgs/include/px4_msgs/px4_msgs/msg/detail/action_request__struct.h\n'}
[0.386387] (px4_msgs) StdoutLine: {'line': b'-- Up-to-date symlink: /home/lee/workspace/ros2_ex/install/px4_msgs/include/px4_msgs/px4_msgs/msg/detail/action_request__type_support.h\n'}
[0.386434] (px4_msgs) StdoutLine: {'line': b'-- Up-to-date symlink: /home/lee/workspace/ros2_ex/install/px4_msgs/include/px4_msgs/px4_msgs/msg/detail/actuator_armed__functions.h\n'}
[0.386482] (px4_msgs) StdoutLine: {'line': b'-- Up-to-date symlink: /home/lee/workspace/ros2_ex/install/px4_msgs/include/px4_msgs/px4_msgs/msg/detail/actuator_armed__struct.h\n'}
[0.386529] (px4_msgs) StdoutLine: {'line': b'-- Up-to-date symlink: /home/lee/workspace/ros2_ex/install/px4_msgs/include/px4_msgs/px4_msgs/msg/detail/actuator_armed__type_support.h\n'}
[0.386577] (px4_msgs) StdoutLine: {'line': b'-- Up-to-date symlink: /home/lee/workspace/ros2_ex/install/px4_msgs/include/px4_msgs/px4_msgs/msg/detail/actuator_controls_status__functions.h\n'}
[0.386624] (px4_msgs) StdoutLine: {'line': b'-- Up-to-date symlink: /home/lee/workspace/ros2_ex/install/px4_msgs/include/px4_msgs/px4_msgs/msg/detail/actuator_controls_status__struct.h\n'}
[0.386672] (px4_msgs) StdoutLine: {'line': b'-- Up-to-date symlink: /home/lee/workspace/ros2_ex/install/px4_msgs/include/px4_msgs/px4_msgs/msg/detail/actuator_controls_status__type_support.h\n'}
[0.386719] (px4_msgs) StdoutLine: {'line': b'-- Up-to-date symlink: /home/lee/workspace/ros2_ex/install/px4_msgs/include/px4_msgs/px4_msgs/msg/detail/actuator_motors__functions.h\n'}
[0.386766] (px4_msgs) StdoutLine: {'line': b'-- Up-to-date symlink: /home/lee/workspace/ros2_ex/install/px4_msgs/include/px4_msgs/px4_msgs/msg/detail/actuator_motors__struct.h\n'}
[0.386812] (px4_msgs) StdoutLine: {'line': b'-- Up-to-date symlink: /home/lee/workspace/ros2_ex/install/px4_msgs/include/px4_msgs/px4_msgs/msg/detail/actuator_motors__type_support.h\n'}
[0.386868] (px4_msgs) StdoutLine: {'line': b'-- Up-to-date symlink: /home/lee/workspace/ros2_ex/install/px4_msgs/include/px4_msgs/px4_msgs/msg/detail/actuator_outputs__functions.h\n'}
[0.386916] (px4_msgs) StdoutLine: {'line': b'-- Up-to-date symlink: /home/lee/workspace/ros2_ex/install/px4_msgs/include/px4_msgs/px4_msgs/msg/detail/actuator_outputs__struct.h\n'}
[0.386963] (px4_msgs) StdoutLine: {'line': b'-- Up-to-date symlink: /home/lee/workspace/ros2_ex/install/px4_msgs/include/px4_msgs/px4_msgs/msg/detail/actuator_outputs__type_support.h\n'}
[0.387010] (px4_msgs) StdoutLine: {'line': b'-- Up-to-date symlink: /home/lee/workspace/ros2_ex/install/px4_msgs/include/px4_msgs/px4_msgs/msg/detail/actuator_servos__functions.h\n'}
[0.387100] (px4_msgs) StdoutLine: {'line': b'-- Up-to-date symlink: /home/lee/workspace/ros2_ex/install/px4_msgs/include/px4_msgs/px4_msgs/msg/detail/actuator_servos__struct.h\n'}
[0.387148] (px4_msgs) StdoutLine: {'line': b'-- Up-to-date symlink: /home/lee/workspace/ros2_ex/install/px4_msgs/include/px4_msgs/px4_msgs/msg/detail/actuator_servos__type_support.h\n'}
[0.387210] (px4_msgs) StdoutLine: {'line': b'-- Up-to-date symlink: /home/lee/workspace/ros2_ex/install/px4_msgs/include/px4_msgs/px4_msgs/msg/detail/actuator_servos_trim__functions.h\n'}
[0.387257] (px4_msgs) StdoutLine: {'line': b'-- Up-to-date symlink: /home/lee/workspace/ros2_ex/install/px4_msgs/include/px4_msgs/px4_msgs/msg/detail/actuator_servos_trim__struct.h\n'}
[0.387331] (px4_msgs) StdoutLine: {'line': b'-- Up-to-date symlink: /home/lee/workspace/ros2_ex/install/px4_msgs/include/px4_msgs/px4_msgs/msg/detail/actuator_servos_trim__type_support.h\n'}
[0.387384] (px4_msgs) StdoutLine: {'line': b'-- Up-to-date symlink: /home/lee/workspace/ros2_ex/install/px4_msgs/include/px4_msgs/px4_msgs/msg/detail/actuator_test__functions.h\n'}
[0.387447] (px4_msgs) StdoutLine: {'line': b'-- Up-to-date symlink: /home/lee/workspace/ros2_ex/install/px4_msgs/include/px4_msgs/px4_msgs/msg/detail/actuator_test__struct.h\n'}
[0.387495] (px4_msgs) StdoutLine: {'line': b'-- Up-to-date symlink: /home/lee/workspace/ros2_ex/install/px4_msgs/include/px4_msgs/px4_msgs/msg/detail/actuator_test__type_support.h\n'}
[0.387542] (px4_msgs) StdoutLine: {'line': b'-- Up-to-date symlink: /home/lee/workspace/ros2_ex/install/px4_msgs/include/px4_msgs/px4_msgs/msg/detail/adc_report__functions.h\n'}
[0.387589] (px4_msgs) StdoutLine: {'line': b'-- Up-to-date symlink: /home/lee/workspace/ros2_ex/install/px4_msgs/include/px4_msgs/px4_msgs/msg/detail/adc_report__struct.h\n'}
[0.387636] (px4_msgs) StdoutLine: {'line': b'-- Up-to-date symlink: /home/lee/workspace/ros2_ex/install/px4_msgs/include/px4_msgs/px4_msgs/msg/detail/adc_report__type_support.h\n'}
[0.387683] (px4_msgs) StdoutLine: {'line': b'-- Up-to-date symlink: /home/lee/workspace/ros2_ex/install/px4_msgs/include/px4_msgs/px4_msgs/msg/detail/airspeed__functions.h\n'}
[0.387730] (px4_msgs) StdoutLine: {'line': b'-- Up-to-date symlink: /home/lee/workspace/ros2_ex/install/px4_msgs/include/px4_msgs/px4_msgs/msg/detail/airspeed__struct.h\n'}
[0.387778] (px4_msgs) StdoutLine: {'line': b'-- Up-to-date symlink: /home/lee/workspace/ros2_ex/install/px4_msgs/include/px4_msgs/px4_msgs/msg/detail/airspeed__type_support.h\n'}
[0.387825] (px4_msgs) StdoutLine: {'line': b'-- Up-to-date symlink: /home/lee/workspace/ros2_ex/install/px4_msgs/include/px4_msgs/px4_msgs/msg/detail/airspeed_validated__functions.h\n'}
[0.387872] (px4_msgs) StdoutLine: {'line': b'-- Up-to-date symlink: /home/lee/workspace/ros2_ex/install/px4_msgs/include/px4_msgs/px4_msgs/msg/detail/airspeed_validated__struct.h\n'}
[0.387929] (px4_msgs) StdoutLine: {'line': b'-- Up-to-date symlink: /home/lee/workspace/ros2_ex/install/px4_msgs/include/px4_msgs/px4_msgs/msg/detail/airspeed_validated__type_support.h\n'}
[0.387976] (px4_msgs) StdoutLine: {'line': b'-- Up-to-date symlink: /home/lee/workspace/ros2_ex/install/px4_msgs/include/px4_msgs/px4_msgs/msg/detail/airspeed_wind__functions.h\n'}
[0.388023] (px4_msgs) StdoutLine: {'line': b'-- Up-to-date symlink: /home/lee/workspace/ros2_ex/install/px4_msgs/include/px4_msgs/px4_msgs/msg/detail/airspeed_wind__struct.h\n'}
[0.388071] (px4_msgs) StdoutLine: {'line': b'-- Up-to-date symlink: /home/lee/workspace/ros2_ex/install/px4_msgs/include/px4_msgs/px4_msgs/msg/detail/airspeed_wind__type_support.h\n'}
[0.388118] (px4_msgs) StdoutLine: {'line': b'-- Up-to-date symlink: /home/lee/workspace/ros2_ex/install/px4_msgs/include/px4_msgs/px4_msgs/msg/detail/arming_check_reply__functions.h\n'}
[0.388165] (px4_msgs) StdoutLine: {'line': b'-- Up-to-date symlink: /home/lee/workspace/ros2_ex/install/px4_msgs/include/px4_msgs/px4_msgs/msg/detail/arming_check_reply__struct.h\n'}
[0.388211] (px4_msgs) StdoutLine: {'line': b'-- Up-to-date symlink: /home/lee/workspace/ros2_ex/install/px4_msgs/include/px4_msgs/px4_msgs/msg/detail/arming_check_reply__type_support.h\n'}
[0.388258] (px4_msgs) StdoutLine: {'line': b'-- Up-to-date symlink: /home/lee/workspace/ros2_ex/install/px4_msgs/include/px4_msgs/px4_msgs/msg/detail/arming_check_request__functions.h\n'}
[0.388368] (px4_msgs) StdoutLine: {'line': b'-- Up-to-date symlink: /home/lee/workspace/ros2_ex/install/px4_msgs/include/px4_msgs/px4_msgs/msg/detail/arming_check_request__struct.h\n'}
[0.388433] (px4_msgs) StdoutLine: {'line': b'-- Up-to-date symlink: /home/lee/workspace/ros2_ex/install/px4_msgs/include/px4_msgs/px4_msgs/msg/detail/arming_check_request__type_support.h\n'}
[0.388482] (px4_msgs) StdoutLine: {'line': b'-- Up-to-date symlink: /home/lee/workspace/ros2_ex/install/px4_msgs/include/px4_msgs/px4_msgs/msg/detail/autotune_attitude_control_status__functions.h\n'}
[0.388529] (px4_msgs) StdoutLine: {'line': b'-- Up-to-date symlink: /home/lee/workspace/ros2_ex/install/px4_msgs/include/px4_msgs/px4_msgs/msg/detail/autotune_attitude_control_status__struct.h\n'}
[0.388576] (px4_msgs) StdoutLine: {'line': b'-- Up-to-date symlink: /home/lee/workspace/ros2_ex/install/px4_msgs/include/px4_msgs/px4_msgs/msg/detail/autotune_attitude_control_status__type_support.h\n'}
[0.388623] (px4_msgs) StdoutLine: {'line': b'-- Up-to-date symlink: /home/lee/workspace/ros2_ex/install/px4_msgs/include/px4_msgs/px4_msgs/msg/detail/battery_info__functions.h\n'}
[0.388670] (px4_msgs) StdoutLine: {'line': b'-- Up-to-date symlink: /home/lee/workspace/ros2_ex/install/px4_msgs/include/px4_msgs/px4_msgs/msg/detail/battery_info__struct.h\n'}
[0.388718] (px4_msgs) StdoutLine: {'line': b'-- Up-to-date symlink: /home/lee/workspace/ros2_ex/install/px4_msgs/include/px4_msgs/px4_msgs/msg/detail/battery_info__type_support.h\n'}
[0.388764] (px4_msgs) StdoutLine: {'line': b'-- Up-to-date symlink: /home/lee/workspace/ros2_ex/install/px4_msgs/include/px4_msgs/px4_msgs/msg/detail/battery_status__functions.h\n'}
[0.388812] (px4_msgs) StdoutLine: {'line': b'-- Up-to-date symlink: /home/lee/workspace/ros2_ex/install/px4_msgs/include/px4_msgs/px4_msgs/msg/detail/battery_status__struct.h\n'}
[0.388859] (px4_msgs) StdoutLine: {'line': b'-- Up-to-date symlink: /home/lee/workspace/ros2_ex/install/px4_msgs/include/px4_msgs/px4_msgs/msg/detail/battery_status__type_support.h\n'}
[0.388906] (px4_msgs) StdoutLine: {'line': b'-- Up-to-date symlink: /home/lee/workspace/ros2_ex/install/px4_msgs/include/px4_msgs/px4_msgs/msg/detail/button_event__functions.h\n'}
[0.388994] (px4_msgs) StdoutLine: {'line': b'-- Up-to-date symlink: /home/lee/workspace/ros2_ex/install/px4_msgs/include/px4_msgs/px4_msgs/msg/detail/button_event__struct.h\n'}
[0.389043] (px4_msgs) StdoutLine: {'line': b'-- Up-to-date symlink: /home/lee/workspace/ros2_ex/install/px4_msgs/include/px4_msgs/px4_msgs/msg/detail/button_event__type_support.h\n'}
[0.389092] (px4_msgs) StdoutLine: {'line': b'-- Up-to-date symlink: /home/lee/workspace/ros2_ex/install/px4_msgs/include/px4_msgs/px4_msgs/msg/detail/camera_capture__functions.h\n'}
[0.389141] (px4_msgs) StdoutLine: {'line': b'-- Up-to-date symlink: /home/lee/workspace/ros2_ex/install/px4_msgs/include/px4_msgs/px4_msgs/msg/detail/camera_capture__struct.h\n'}
[0.389189] (px4_msgs) StdoutLine: {'line': b'-- Up-to-date symlink: /home/lee/workspace/ros2_ex/install/px4_msgs/include/px4_msgs/px4_msgs/msg/detail/camera_capture__type_support.h\n'}
[0.389238] (px4_msgs) StdoutLine: {'line': b'-- Up-to-date symlink: /home/lee/workspace/ros2_ex/install/px4_msgs/include/px4_msgs/px4_msgs/msg/detail/camera_status__functions.h\n'}
[0.389313] (px4_msgs) StdoutLine: {'line': b'-- Up-to-date symlink: /home/lee/workspace/ros2_ex/install/px4_msgs/include/px4_msgs/px4_msgs/msg/detail/camera_status__struct.h\n'}
[0.389382] (px4_msgs) StdoutLine: {'line': b'-- Up-to-date symlink: /home/lee/workspace/ros2_ex/install/px4_msgs/include/px4_msgs/px4_msgs/msg/detail/camera_status__type_support.h\n'}
[0.389431] (px4_msgs) StdoutLine: {'line': b'-- Up-to-date symlink: /home/lee/workspace/ros2_ex/install/px4_msgs/include/px4_msgs/px4_msgs/msg/detail/camera_trigger__functions.h\n'}
[0.389480] (px4_msgs) StdoutLine: {'line': b'-- Up-to-date symlink: /home/lee/workspace/ros2_ex/install/px4_msgs/include/px4_msgs/px4_msgs/msg/detail/camera_trigger__struct.h\n'}
[0.389530] (px4_msgs) StdoutLine: {'line': b'-- Up-to-date symlink: /home/lee/workspace/ros2_ex/install/px4_msgs/include/px4_msgs/px4_msgs/msg/detail/camera_trigger__type_support.h\n'}
[0.389608] (px4_msgs) StdoutLine: {'line': b'-- Up-to-date symlink: /home/lee/workspace/ros2_ex/install/px4_msgs/include/px4_msgs/px4_msgs/msg/detail/can_interface_status__functions.h\n'}
[0.389658] (px4_msgs) StdoutLine: {'line': b'-- Up-to-date symlink: /home/lee/workspace/ros2_ex/install/px4_msgs/include/px4_msgs/px4_msgs/msg/detail/can_interface_status__struct.h\n'}
[0.389707] (px4_msgs) StdoutLine: {'line': b'-- Up-to-date symlink: /home/lee/workspace/ros2_ex/install/px4_msgs/include/px4_msgs/px4_msgs/msg/detail/can_interface_status__type_support.h\n'}
[0.389756] (px4_msgs) StdoutLine: {'line': b'-- Up-to-date symlink: /home/lee/workspace/ros2_ex/install/px4_msgs/include/px4_msgs/px4_msgs/msg/detail/cellular_status__functions.h\n'}
[0.389804] (px4_msgs) StdoutLine: {'line': b'-- Up-to-date symlink: /home/lee/workspace/ros2_ex/install/px4_msgs/include/px4_msgs/px4_msgs/msg/detail/cellular_status__struct.h\n'}
[0.389852] (px4_msgs) StdoutLine: {'line': b'-- Up-to-date symlink: /home/lee/workspace/ros2_ex/install/px4_msgs/include/px4_msgs/px4_msgs/msg/detail/cellular_status__type_support.h\n'}
[0.389930] (px4_msgs) StdoutLine: {'line': b'-- Up-to-date symlink: /home/lee/workspace/ros2_ex/install/px4_msgs/include/px4_msgs/px4_msgs/msg/detail/collision_constraints__functions.h\n'}
[0.389979] (px4_msgs) StdoutLine: {'line': b'-- Up-to-date symlink: /home/lee/workspace/ros2_ex/install/px4_msgs/include/px4_msgs/px4_msgs/msg/detail/collision_constraints__struct.h\n'}
[0.390028] (px4_msgs) StdoutLine: {'line': b'-- Up-to-date symlink: /home/lee/workspace/ros2_ex/install/px4_msgs/include/px4_msgs/px4_msgs/msg/detail/collision_constraints__type_support.h\n'}
[0.390077] (px4_msgs) StdoutLine: {'line': b'-- Up-to-date symlink: /home/lee/workspace/ros2_ex/install/px4_msgs/include/px4_msgs/px4_msgs/msg/detail/collision_report__functions.h\n'}
[0.390125] (px4_msgs) StdoutLine: {'line': b'-- Up-to-date symlink: /home/lee/workspace/ros2_ex/install/px4_msgs/include/px4_msgs/px4_msgs/msg/detail/collision_report__struct.h\n'}
[0.390173] (px4_msgs) StdoutLine: {'line': b'-- Up-to-date symlink: /home/lee/workspace/ros2_ex/install/px4_msgs/include/px4_msgs/px4_msgs/msg/detail/collision_report__type_support.h\n'}
[0.390220] (px4_msgs) StdoutLine: {'line': b'-- Up-to-date symlink: /home/lee/workspace/ros2_ex/install/px4_msgs/include/px4_msgs/px4_msgs/msg/detail/config_overrides__functions.h\n'}
[0.390267] (px4_msgs) StdoutLine: {'line': b'-- Up-to-date symlink: /home/lee/workspace/ros2_ex/install/px4_msgs/include/px4_msgs/px4_msgs/msg/detail/config_overrides__struct.h\n'}
[0.390359] (px4_msgs) StdoutLine: {'line': b'-- Up-to-date symlink: /home/lee/workspace/ros2_ex/install/px4_msgs/include/px4_msgs/px4_msgs/msg/detail/config_overrides__type_support.h\n'}
[0.390418] (px4_msgs) StdoutLine: {'line': b'-- Up-to-date symlink: /home/lee/workspace/ros2_ex/install/px4_msgs/include/px4_msgs/px4_msgs/msg/detail/control_allocator_status__functions.h\n'}
[0.390467] (px4_msgs) StdoutLine: {'line': b'-- Up-to-date symlink: /home/lee/workspace/ros2_ex/install/px4_msgs/include/px4_msgs/px4_msgs/msg/detail/control_allocator_status__struct.h\n'}
[0.390515] (px4_msgs) StdoutLine: {'line': b'-- Up-to-date symlink: /home/lee/workspace/ros2_ex/install/px4_msgs/include/px4_msgs/px4_msgs/msg/detail/control_allocator_status__type_support.h\n'}
[0.390563] (px4_msgs) StdoutLine: {'line': b'-- Up-to-date symlink: /home/lee/workspace/ros2_ex/install/px4_msgs/include/px4_msgs/px4_msgs/msg/detail/cpuload__functions.h\n'}
[0.390637] (px4_msgs) StdoutLine: {'line': b'-- Up-to-date symlink: /home/lee/workspace/ros2_ex/install/px4_msgs/include/px4_msgs/px4_msgs/msg/detail/cpuload__struct.h\n'}
[0.390686] (px4_msgs) StdoutLine: {'line': b'-- Up-to-date symlink: /home/lee/workspace/ros2_ex/install/px4_msgs/include/px4_msgs/px4_msgs/msg/detail/cpuload__type_support.h\n'}
[0.390735] (px4_msgs) StdoutLine: {'line': b'-- Up-to-date symlink: /home/lee/workspace/ros2_ex/install/px4_msgs/include/px4_msgs/px4_msgs/msg/detail/dataman_request__functions.h\n'}
[0.390800] (px4_msgs) StdoutLine: {'line': b'-- Up-to-date symlink: /home/lee/workspace/ros2_ex/install/px4_msgs/include/px4_msgs/px4_msgs/msg/detail/dataman_request__struct.h\n'}
[0.390849] (px4_msgs) StdoutLine: {'line': b'-- Up-to-date symlink: /home/lee/workspace/ros2_ex/install/px4_msgs/include/px4_msgs/px4_msgs/msg/detail/dataman_request__type_support.h\n'}
[0.390897] (px4_msgs) StdoutLine: {'line': b'-- Up-to-date symlink: /home/lee/workspace/ros2_ex/install/px4_msgs/include/px4_msgs/px4_msgs/msg/detail/dataman_response__functions.h\n'}
[0.390945] (px4_msgs) StdoutLine: {'line': b'-- Up-to-date symlink: /home/lee/workspace/ros2_ex/install/px4_msgs/include/px4_msgs/px4_msgs/msg/detail/dataman_response__struct.h\n'}
[0.390994] (px4_msgs) StdoutLine: {'line': b'-- Up-to-date symlink: /home/lee/workspace/ros2_ex/install/px4_msgs/include/px4_msgs/px4_msgs/msg/detail/dataman_response__type_support.h\n'}
[0.391043] (px4_msgs) StdoutLine: {'line': b'-- Up-to-date symlink: /home/lee/workspace/ros2_ex/install/px4_msgs/include/px4_msgs/px4_msgs/msg/detail/debug_array__functions.h\n'}
[0.391091] (px4_msgs) StdoutLine: {'line': b'-- Up-to-date symlink: /home/lee/workspace/ros2_ex/install/px4_msgs/include/px4_msgs/px4_msgs/msg/detail/debug_array__struct.h\n'}
[0.391139] (px4_msgs) StdoutLine: {'line': b'-- Up-to-date symlink: /home/lee/workspace/ros2_ex/install/px4_msgs/include/px4_msgs/px4_msgs/msg/detail/debug_array__type_support.h\n'}
[0.391186] (px4_msgs) StdoutLine: {'line': b'-- Up-to-date symlink: /home/lee/workspace/ros2_ex/install/px4_msgs/include/px4_msgs/px4_msgs/msg/detail/debug_key_value__functions.h\n'}
[0.391233] (px4_msgs) StdoutLine: {'line': b'-- Up-to-date symlink: /home/lee/workspace/ros2_ex/install/px4_msgs/include/px4_msgs/px4_msgs/msg/detail/debug_key_value__struct.h\n'}
[0.391285] (px4_msgs) StdoutLine: {'line': b'-- Up-to-date symlink: /home/lee/workspace/ros2_ex/install/px4_msgs/include/px4_msgs/px4_msgs/msg/detail/debug_key_value__type_support.h\n'}
[0.391422] (px4_msgs) StdoutLine: {'line': b'-- Up-to-date symlink: /home/lee/workspace/ros2_ex/install/px4_msgs/include/px4_msgs/px4_msgs/msg/detail/debug_value__functions.h\n'}
[0.391497] (px4_msgs) StdoutLine: {'line': b'-- Up-to-date symlink: /home/lee/workspace/ros2_ex/install/px4_msgs/include/px4_msgs/px4_msgs/msg/detail/debug_value__struct.h\n'}
[0.391574] (px4_msgs) StdoutLine: {'line': b'-- Up-to-date symlink: /home/lee/workspace/ros2_ex/install/px4_msgs/include/px4_msgs/px4_msgs/msg/detail/debug_value__type_support.h\n'}
[0.391632] (px4_msgs) StdoutLine: {'line': b'-- Up-to-date symlink: /home/lee/workspace/ros2_ex/install/px4_msgs/include/px4_msgs/px4_msgs/msg/detail/debug_vect__functions.h\n'}
[0.391686] (px4_msgs) StdoutLine: {'line': b'-- Up-to-date symlink: /home/lee/workspace/ros2_ex/install/px4_msgs/include/px4_msgs/px4_msgs/msg/detail/debug_vect__struct.h\n'}
[0.391739] (px4_msgs) StdoutLine: {'line': b'-- Up-to-date symlink: /home/lee/workspace/ros2_ex/install/px4_msgs/include/px4_msgs/px4_msgs/msg/detail/debug_vect__type_support.h\n'}
[0.391793] (px4_msgs) StdoutLine: {'line': b'-- Up-to-date symlink: /home/lee/workspace/ros2_ex/install/px4_msgs/include/px4_msgs/px4_msgs/msg/detail/differential_pressure__functions.h\n'}
[0.391845] (px4_msgs) StdoutLine: {'line': b'-- Up-to-date symlink: /home/lee/workspace/ros2_ex/install/px4_msgs/include/px4_msgs/px4_msgs/msg/detail/differential_pressure__struct.h\n'}
[0.391896] (px4_msgs) StdoutLine: {'line': b'-- Up-to-date symlink: /home/lee/workspace/ros2_ex/install/px4_msgs/include/px4_msgs/px4_msgs/msg/detail/differential_pressure__type_support.h\n'}
[0.391947] (px4_msgs) StdoutLine: {'line': b'-- Up-to-date symlink: /home/lee/workspace/ros2_ex/install/px4_msgs/include/px4_msgs/px4_msgs/msg/detail/distance_sensor__functions.h\n'}
[0.391997] (px4_msgs) StdoutLine: {'line': b'-- Up-to-date symlink: /home/lee/workspace/ros2_ex/install/px4_msgs/include/px4_msgs/px4_msgs/msg/detail/distance_sensor__struct.h\n'}
[0.392087] (px4_msgs) StdoutLine: {'line': b'-- Up-to-date symlink: /home/lee/workspace/ros2_ex/install/px4_msgs/include/px4_msgs/px4_msgs/msg/detail/distance_sensor__type_support.h\n'}
[0.392137] (px4_msgs) StdoutLine: {'line': b'-- Up-to-date symlink: /home/lee/workspace/ros2_ex/install/px4_msgs/include/px4_msgs/px4_msgs/msg/detail/distance_sensor_mode_change_request__functions.h\n'}
[0.392186] (px4_msgs) StdoutLine: {'line': b'-- Up-to-date symlink: /home/lee/workspace/ros2_ex/install/px4_msgs/include/px4_msgs/px4_msgs/msg/detail/distance_sensor_mode_change_request__struct.h\n'}
[0.392235] (px4_msgs) StdoutLine: {'line': b'-- Up-to-date symlink: /home/lee/workspace/ros2_ex/install/px4_msgs/include/px4_msgs/px4_msgs/msg/detail/distance_sensor_mode_change_request__type_support.h\n'}
[0.392317] (px4_msgs) StdoutLine: {'line': b'-- Up-to-date symlink: /home/lee/workspace/ros2_ex/install/px4_msgs/include/px4_msgs/px4_msgs/msg/detail/dronecan_node_status__functions.h\n'}
[0.392374] (px4_msgs) StdoutLine: {'line': b'-- Up-to-date symlink: /home/lee/workspace/ros2_ex/install/px4_msgs/include/px4_msgs/px4_msgs/msg/detail/dronecan_node_status__struct.h\n'}
[0.392443] (px4_msgs) StdoutLine: {'line': b'-- Up-to-date symlink: /home/lee/workspace/ros2_ex/install/px4_msgs/include/px4_msgs/px4_msgs/msg/detail/dronecan_node_status__type_support.h\n'}
[0.392492] (px4_msgs) StdoutLine: {'line': b'-- Up-to-date symlink: /home/lee/workspace/ros2_ex/install/px4_msgs/include/px4_msgs/px4_msgs/msg/detail/ekf2_timestamps__functions.h\n'}
[0.392541] (px4_msgs) StdoutLine: {'line': b'-- Up-to-date symlink: /home/lee/workspace/ros2_ex/install/px4_msgs/include/px4_msgs/px4_msgs/msg/detail/ekf2_timestamps__struct.h\n'}
[0.392590] (px4_msgs) StdoutLine: {'line': b'-- Up-to-date symlink: /home/lee/workspace/ros2_ex/install/px4_msgs/include/px4_msgs/px4_msgs/msg/detail/ekf2_timestamps__type_support.h\n'}
[0.392639] (px4_msgs) StdoutLine: {'line': b'-- Up-to-date symlink: /home/lee/workspace/ros2_ex/install/px4_msgs/include/px4_msgs/px4_msgs/msg/detail/esc_report__functions.h\n'}
[0.392687] (px4_msgs) StdoutLine: {'line': b'-- Up-to-date symlink: /home/lee/workspace/ros2_ex/install/px4_msgs/include/px4_msgs/px4_msgs/msg/detail/esc_report__struct.h\n'}
[0.392736] (px4_msgs) StdoutLine: {'line': b'-- Up-to-date symlink: /home/lee/workspace/ros2_ex/install/px4_msgs/include/px4_msgs/px4_msgs/msg/detail/esc_report__type_support.h\n'}
[0.392784] (px4_msgs) StdoutLine: {'line': b'-- Up-to-date symlink: /home/lee/workspace/ros2_ex/install/px4_msgs/include/px4_msgs/px4_msgs/msg/detail/esc_status__functions.h\n'}
[0.392833] (px4_msgs) StdoutLine: {'line': b'-- Up-to-date symlink: /home/lee/workspace/ros2_ex/install/px4_msgs/include/px4_msgs/px4_msgs/msg/detail/esc_status__struct.h\n'}
[0.392881] (px4_msgs) StdoutLine: {'line': b'-- Up-to-date symlink: /home/lee/workspace/ros2_ex/install/px4_msgs/include/px4_msgs/px4_msgs/msg/detail/esc_status__type_support.h\n'}
[0.392930] (px4_msgs) StdoutLine: {'line': b'-- Up-to-date symlink: /home/lee/workspace/ros2_ex/install/px4_msgs/include/px4_msgs/px4_msgs/msg/detail/estimator_aid_source1d__functions.h\n'}
[0.392978] (px4_msgs) StdoutLine: {'line': b'-- Up-to-date symlink: /home/lee/workspace/ros2_ex/install/px4_msgs/include/px4_msgs/px4_msgs/msg/detail/estimator_aid_source1d__struct.h\n'}
[0.393027] (px4_msgs) StdoutLine: {'line': b'-- Up-to-date symlink: /home/lee/workspace/ros2_ex/install/px4_msgs/include/px4_msgs/px4_msgs/msg/detail/estimator_aid_source1d__type_support.h\n'}
[0.393120] (px4_msgs) StdoutLine: {'line': b'-- Up-to-date symlink: /home/lee/workspace/ros2_ex/install/px4_msgs/include/px4_msgs/px4_msgs/msg/detail/estimator_aid_source2d__functions.h\n'}
[0.393169] (px4_msgs) StdoutLine: {'line': b'-- Up-to-date symlink: /home/lee/workspace/ros2_ex/install/px4_msgs/include/px4_msgs/px4_msgs/msg/detail/estimator_aid_source2d__struct.h\n'}
[0.393217] (px4_msgs) StdoutLine: {'line': b'-- Up-to-date symlink: /home/lee/workspace/ros2_ex/install/px4_msgs/include/px4_msgs/px4_msgs/msg/detail/estimator_aid_source2d__type_support.h\n'}
[0.393290] (px4_msgs) StdoutLine: {'line': b'-- Up-to-date symlink: /home/lee/workspace/ros2_ex/install/px4_msgs/include/px4_msgs/px4_msgs/msg/detail/estimator_aid_source3d__functions.h\n'}
[0.393357] (px4_msgs) StdoutLine: {'line': b'-- Up-to-date symlink: /home/lee/workspace/ros2_ex/install/px4_msgs/include/px4_msgs/px4_msgs/msg/detail/estimator_aid_source3d__struct.h\n'}
[0.393405] (px4_msgs) StdoutLine: {'line': b'-- Up-to-date symlink: /home/lee/workspace/ros2_ex/install/px4_msgs/include/px4_msgs/px4_msgs/msg/detail/estimator_aid_source3d__type_support.h\n'}
[0.393452] (px4_msgs) StdoutLine: {'line': b'-- Up-to-date symlink: /home/lee/workspace/ros2_ex/install/px4_msgs/include/px4_msgs/px4_msgs/msg/detail/estimator_bias3d__functions.h\n'}
[0.393499] (px4_msgs) StdoutLine: {'line': b'-- Up-to-date symlink: /home/lee/workspace/ros2_ex/install/px4_msgs/include/px4_msgs/px4_msgs/msg/detail/estimator_bias3d__struct.h\n'}
[0.393547] (px4_msgs) StdoutLine: {'line': b'-- Up-to-date symlink: /home/lee/workspace/ros2_ex/install/px4_msgs/include/px4_msgs/px4_msgs/msg/detail/estimator_bias3d__type_support.h\n'}
[0.393593] (px4_msgs) StdoutLine: {'line': b'-- Up-to-date symlink: /home/lee/workspace/ros2_ex/install/px4_msgs/include/px4_msgs/px4_msgs/msg/detail/estimator_bias__functions.h\n'}
[0.393640] (px4_msgs) StdoutLine: {'line': b'-- Up-to-date symlink: /home/lee/workspace/ros2_ex/install/px4_msgs/include/px4_msgs/px4_msgs/msg/detail/estimator_bias__struct.h\n'}
[0.393687] (px4_msgs) StdoutLine: {'line': b'-- Up-to-date symlink: /home/lee/workspace/ros2_ex/install/px4_msgs/include/px4_msgs/px4_msgs/msg/detail/estimator_bias__type_support.h\n'}
[0.393734] (px4_msgs) StdoutLine: {'line': b'-- Up-to-date symlink: /home/lee/workspace/ros2_ex/install/px4_msgs/include/px4_msgs/px4_msgs/msg/detail/estimator_event_flags__functions.h\n'}
[0.393780] (px4_msgs) StdoutLine: {'line': b'-- Up-to-date symlink: /home/lee/workspace/ros2_ex/install/px4_msgs/include/px4_msgs/px4_msgs/msg/detail/estimator_event_flags__struct.h\n'}
[0.393827] (px4_msgs) StdoutLine: {'line': b'-- Up-to-date symlink: /home/lee/workspace/ros2_ex/install/px4_msgs/include/px4_msgs/px4_msgs/msg/detail/estimator_event_flags__type_support.h\n'}
[0.393874] (px4_msgs) StdoutLine: {'line': b'-- Up-to-date symlink: /home/lee/workspace/ros2_ex/install/px4_msgs/include/px4_msgs/px4_msgs/msg/detail/estimator_gps_status__functions.h\n'}
[0.393921] (px4_msgs) StdoutLine: {'line': b'-- Up-to-date symlink: /home/lee/workspace/ros2_ex/install/px4_msgs/include/px4_msgs/px4_msgs/msg/detail/estimator_gps_status__struct.h\n'}
[0.394013] (px4_msgs) StdoutLine: {'line': b'-- Up-to-date symlink: /home/lee/workspace/ros2_ex/install/px4_msgs/include/px4_msgs/px4_msgs/msg/detail/estimator_gps_status__type_support.h\n'}
[0.394060] (px4_msgs) StdoutLine: {'line': b'-- Up-to-date symlink: /home/lee/workspace/ros2_ex/install/px4_msgs/include/px4_msgs/px4_msgs/msg/detail/estimator_innovations__functions.h\n'}
[0.394107] (px4_msgs) StdoutLine: {'line': b'-- Up-to-date symlink: /home/lee/workspace/ros2_ex/install/px4_msgs/include/px4_msgs/px4_msgs/msg/detail/estimator_innovations__struct.h\n'}
[0.394154] (px4_msgs) StdoutLine: {'line': b'-- Up-to-date symlink: /home/lee/workspace/ros2_ex/install/px4_msgs/include/px4_msgs/px4_msgs/msg/detail/estimator_innovations__type_support.h\n'}
[0.394202] (px4_msgs) StdoutLine: {'line': b'-- Up-to-date symlink: /home/lee/workspace/ros2_ex/install/px4_msgs/include/px4_msgs/px4_msgs/msg/detail/estimator_selector_status__functions.h\n'}
[0.394250] (px4_msgs) StdoutLine: {'line': b'-- Up-to-date symlink: /home/lee/workspace/ros2_ex/install/px4_msgs/include/px4_msgs/px4_msgs/msg/detail/estimator_selector_status__struct.h\n'}
[0.394328] (px4_msgs) StdoutLine: {'line': b'-- Up-to-date symlink: /home/lee/workspace/ros2_ex/install/px4_msgs/include/px4_msgs/px4_msgs/msg/detail/estimator_selector_status__type_support.h\n'}
[0.394385] (px4_msgs) StdoutLine: {'line': b'-- Up-to-date symlink: /home/lee/workspace/ros2_ex/install/px4_msgs/include/px4_msgs/px4_msgs/msg/detail/estimator_sensor_bias__functions.h\n'}
[0.394442] (px4_msgs) StdoutLine: {'line': b'-- Up-to-date symlink: /home/lee/workspace/ros2_ex/install/px4_msgs/include/px4_msgs/px4_msgs/msg/detail/estimator_sensor_bias__struct.h\n'}
[0.394489] (px4_msgs) StdoutLine: {'line': b'-- Up-to-date symlink: /home/lee/workspace/ros2_ex/install/px4_msgs/include/px4_msgs/px4_msgs/msg/detail/estimator_sensor_bias__type_support.h\n'}
[0.394537] (px4_msgs) StdoutLine: {'line': b'-- Up-to-date symlink: /home/lee/workspace/ros2_ex/install/px4_msgs/include/px4_msgs/px4_msgs/msg/detail/estimator_states__functions.h\n'}
[0.394613] (px4_msgs) StdoutLine: {'line': b'-- Up-to-date symlink: /home/lee/workspace/ros2_ex/install/px4_msgs/include/px4_msgs/px4_msgs/msg/detail/estimator_states__struct.h\n'}
[0.394661] (px4_msgs) StdoutLine: {'line': b'-- Up-to-date symlink: /home/lee/workspace/ros2_ex/install/px4_msgs/include/px4_msgs/px4_msgs/msg/detail/estimator_states__type_support.h\n'}
[0.394709] (px4_msgs) StdoutLine: {'line': b'-- Up-to-date symlink: /home/lee/workspace/ros2_ex/install/px4_msgs/include/px4_msgs/px4_msgs/msg/detail/estimator_status__functions.h\n'}
[0.394757] (px4_msgs) StdoutLine: {'line': b'-- Up-to-date symlink: /home/lee/workspace/ros2_ex/install/px4_msgs/include/px4_msgs/px4_msgs/msg/detail/estimator_status__struct.h\n'}
[0.394804] (px4_msgs) StdoutLine: {'line': b'-- Up-to-date symlink: /home/lee/workspace/ros2_ex/install/px4_msgs/include/px4_msgs/px4_msgs/msg/detail/estimator_status__type_support.h\n'}
[0.394852] (px4_msgs) StdoutLine: {'line': b'-- Up-to-date symlink: /home/lee/workspace/ros2_ex/install/px4_msgs/include/px4_msgs/px4_msgs/msg/detail/estimator_status_flags__functions.h\n'}
[0.394900] (px4_msgs) StdoutLine: {'line': b'-- Up-to-date symlink: /home/lee/workspace/ros2_ex/install/px4_msgs/include/px4_msgs/px4_msgs/msg/detail/estimator_status_flags__struct.h\n'}
[0.394947] (px4_msgs) StdoutLine: {'line': b'-- Up-to-date symlink: /home/lee/workspace/ros2_ex/install/px4_msgs/include/px4_msgs/px4_msgs/msg/detail/estimator_status_flags__type_support.h\n'}
[0.394995] (px4_msgs) StdoutLine: {'line': b'-- Up-to-date symlink: /home/lee/workspace/ros2_ex/install/px4_msgs/include/px4_msgs/px4_msgs/msg/detail/event__functions.h\n'}
[0.395042] (px4_msgs) StdoutLine: {'line': b'-- Up-to-date symlink: /home/lee/workspace/ros2_ex/install/px4_msgs/include/px4_msgs/px4_msgs/msg/detail/event__struct.h\n'}
[0.395089] (px4_msgs) StdoutLine: {'line': b'-- Up-to-date symlink: /home/lee/workspace/ros2_ex/install/px4_msgs/include/px4_msgs/px4_msgs/msg/detail/event__type_support.h\n'}
[0.395136] (px4_msgs) StdoutLine: {'line': b'-- Up-to-date symlink: /home/lee/workspace/ros2_ex/install/px4_msgs/include/px4_msgs/px4_msgs/msg/detail/failsafe_flags__functions.h\n'}
[0.395183] (px4_msgs) StdoutLine: {'line': b'-- Up-to-date symlink: /home/lee/workspace/ros2_ex/install/px4_msgs/include/px4_msgs/px4_msgs/msg/detail/failsafe_flags__struct.h\n'}
[0.395230] (px4_msgs) StdoutLine: {'line': b'-- Up-to-date symlink: /home/lee/workspace/ros2_ex/install/px4_msgs/include/px4_msgs/px4_msgs/msg/detail/failsafe_flags__type_support.h\n'}
[0.395281] (px4_msgs) StdoutLine: {'line': b'-- Up-to-date symlink: /home/lee/workspace/ros2_ex/install/px4_msgs/include/px4_msgs/px4_msgs/msg/detail/failure_detector_status__functions.h\n'}
[0.395500] (px4_msgs) StdoutLine: {'line': b'-- Up-to-date symlink: /home/lee/workspace/ros2_ex/install/px4_msgs/include/px4_msgs/px4_msgs/msg/detail/failure_detector_status__struct.h\n'}
[0.395534] (px4_msgs) StdoutLine: {'line': b'-- Up-to-date symlink: /home/lee/workspace/ros2_ex/install/px4_msgs/include/px4_msgs/px4_msgs/msg/detail/failure_detector_status__type_support.h\n'}
[0.395559] (px4_msgs) StdoutLine: {'line': b'-- Up-to-date symlink: /home/lee/workspace/ros2_ex/install/px4_msgs/include/px4_msgs/px4_msgs/msg/detail/figure_eight_status__functions.h\n'}
[0.395583] (px4_msgs) StdoutLine: {'line': b'-- Up-to-date symlink: /home/lee/workspace/ros2_ex/install/px4_msgs/include/px4_msgs/px4_msgs/msg/detail/figure_eight_status__struct.h\n'}
[0.395624] (px4_msgs) StdoutLine: {'line': b'-- Up-to-date symlink: /home/lee/workspace/ros2_ex/install/px4_msgs/include/px4_msgs/px4_msgs/msg/detail/figure_eight_status__type_support.h\n'}
[0.395646] (px4_msgs) StdoutLine: {'line': b'-- Up-to-date symlink: /home/lee/workspace/ros2_ex/install/px4_msgs/include/px4_msgs/px4_msgs/msg/detail/fixed_wing_lateral_guidance_status__functions.h\n'}
[0.395667] (px4_msgs) StdoutLine: {'line': b'-- Up-to-date symlink: /home/lee/workspace/ros2_ex/install/px4_msgs/include/px4_msgs/px4_msgs/msg/detail/fixed_wing_lateral_guidance_status__struct.h\n'}
[0.395688] (px4_msgs) StdoutLine: {'line': b'-- Up-to-date symlink: /home/lee/workspace/ros2_ex/install/px4_msgs/include/px4_msgs/px4_msgs/msg/detail/fixed_wing_lateral_guidance_status__type_support.h\n'}
[0.395709] (px4_msgs) StdoutLine: {'line': b'-- Up-to-date symlink: /home/lee/workspace/ros2_ex/install/px4_msgs/include/px4_msgs/px4_msgs/msg/detail/fixed_wing_lateral_setpoint__functions.h\n'}
[0.395729] (px4_msgs) StdoutLine: {'line': b'-- Up-to-date symlink: /home/lee/workspace/ros2_ex/install/px4_msgs/include/px4_msgs/px4_msgs/msg/detail/fixed_wing_lateral_setpoint__struct.h\n'}
[0.395748] (px4_msgs) StdoutLine: {'line': b'-- Up-to-date symlink: /home/lee/workspace/ros2_ex/install/px4_msgs/include/px4_msgs/px4_msgs/msg/detail/fixed_wing_lateral_setpoint__type_support.h\n'}
[0.395768] (px4_msgs) StdoutLine: {'line': b'-- Up-to-date symlink: /home/lee/workspace/ros2_ex/install/px4_msgs/include/px4_msgs/px4_msgs/msg/detail/fixed_wing_lateral_status__functions.h\n'}
[0.395788] (px4_msgs) StdoutLine: {'line': b'-- Up-to-date symlink: /home/lee/workspace/ros2_ex/install/px4_msgs/include/px4_msgs/px4_msgs/msg/detail/fixed_wing_lateral_status__struct.h\n'}
[0.395808] (px4_msgs) StdoutLine: {'line': b'-- Up-to-date symlink: /home/lee/workspace/ros2_ex/install/px4_msgs/include/px4_msgs/px4_msgs/msg/detail/fixed_wing_lateral_status__type_support.h\n'}
[0.395828] (px4_msgs) StdoutLine: {'line': b'-- Up-to-date symlink: /home/lee/workspace/ros2_ex/install/px4_msgs/include/px4_msgs/px4_msgs/msg/detail/fixed_wing_longitudinal_setpoint__functions.h\n'}
[0.395848] (px4_msgs) StdoutLine: {'line': b'-- Up-to-date symlink: /home/lee/workspace/ros2_ex/install/px4_msgs/include/px4_msgs/px4_msgs/msg/detail/fixed_wing_longitudinal_setpoint__struct.h\n'}
[0.395870] (px4_msgs) StdoutLine: {'line': b'-- Up-to-date symlink: /home/lee/workspace/ros2_ex/install/px4_msgs/include/px4_msgs/px4_msgs/msg/detail/fixed_wing_longitudinal_setpoint__type_support.h\n'}
[0.395891] (px4_msgs) StdoutLine: {'line': b'-- Up-to-date symlink: /home/lee/workspace/ros2_ex/install/px4_msgs/include/px4_msgs/px4_msgs/msg/detail/fixed_wing_runway_control__functions.h\n'}
[0.395911] (px4_msgs) StdoutLine: {'line': b'-- Up-to-date symlink: /home/lee/workspace/ros2_ex/install/px4_msgs/include/px4_msgs/px4_msgs/msg/detail/fixed_wing_runway_control__struct.h\n'}
[0.395931] (px4_msgs) StdoutLine: {'line': b'-- Up-to-date symlink: /home/lee/workspace/ros2_ex/install/px4_msgs/include/px4_msgs/px4_msgs/msg/detail/fixed_wing_runway_control__type_support.h\n'}
[0.395950] (px4_msgs) StdoutLine: {'line': b'-- Up-to-date symlink: /home/lee/workspace/ros2_ex/install/px4_msgs/include/px4_msgs/px4_msgs/msg/detail/flight_phase_estimation__functions.h\n'}
[0.395970] (px4_msgs) StdoutLine: {'line': b'-- Up-to-date symlink: /home/lee/workspace/ros2_ex/install/px4_msgs/include/px4_msgs/px4_msgs/msg/detail/flight_phase_estimation__struct.h\n'}
[0.395990] (px4_msgs) StdoutLine: {'line': b'-- Up-to-date symlink: /home/lee/workspace/ros2_ex/install/px4_msgs/include/px4_msgs/px4_msgs/msg/detail/flight_phase_estimation__type_support.h\n'}
[0.396009] (px4_msgs) StdoutLine: {'line': b'-- Up-to-date symlink: /home/lee/workspace/ros2_ex/install/px4_msgs/include/px4_msgs/px4_msgs/msg/detail/follow_target__functions.h\n'}
[0.396029] (px4_msgs) StdoutLine: {'line': b'-- Up-to-date symlink: /home/lee/workspace/ros2_ex/install/px4_msgs/include/px4_msgs/px4_msgs/msg/detail/follow_target__struct.h\n'}
[0.396064] (px4_msgs) StdoutLine: {'line': b'-- Up-to-date symlink: /home/lee/workspace/ros2_ex/install/px4_msgs/include/px4_msgs/px4_msgs/msg/detail/follow_target__type_support.h\n'}
[0.396085] (px4_msgs) StdoutLine: {'line': b'-- Up-to-date symlink: /home/lee/workspace/ros2_ex/install/px4_msgs/include/px4_msgs/px4_msgs/msg/detail/follow_target_estimator__functions.h\n'}
[0.396106] (px4_msgs) StdoutLine: {'line': b'-- Up-to-date symlink: /home/lee/workspace/ros2_ex/install/px4_msgs/include/px4_msgs/px4_msgs/msg/detail/follow_target_estimator__struct.h\n'}
[0.396127] (px4_msgs) StdoutLine: {'line': b'-- Up-to-date symlink: /home/lee/workspace/ros2_ex/install/px4_msgs/include/px4_msgs/px4_msgs/msg/detail/follow_target_estimator__type_support.h\n'}
[0.396147] (px4_msgs) StdoutLine: {'line': b'-- Up-to-date symlink: /home/lee/workspace/ros2_ex/install/px4_msgs/include/px4_msgs/px4_msgs/msg/detail/follow_target_status__functions.h\n'}
[0.396181] (px4_msgs) StdoutLine: {'line': b'-- Up-to-date symlink: /home/lee/workspace/ros2_ex/install/px4_msgs/include/px4_msgs/px4_msgs/msg/detail/follow_target_status__struct.h\n'}
[0.396202] (px4_msgs) StdoutLine: {'line': b'-- Up-to-date symlink: /home/lee/workspace/ros2_ex/install/px4_msgs/include/px4_msgs/px4_msgs/msg/detail/follow_target_status__type_support.h\n'}
[0.396226] (px4_msgs) StdoutLine: {'line': b'-- Up-to-date symlink: /home/lee/workspace/ros2_ex/install/px4_msgs/include/px4_msgs/px4_msgs/msg/detail/fuel_tank_status__functions.h\n'}
[0.396246] (px4_msgs) StdoutLine: {'line': b'-- Up-to-date symlink: /home/lee/workspace/ros2_ex/install/px4_msgs/include/px4_msgs/px4_msgs/msg/detail/fuel_tank_status__struct.h\n'}
[0.396265] (px4_msgs) StdoutLine: {'line': b'-- Up-to-date symlink: /home/lee/workspace/ros2_ex/install/px4_msgs/include/px4_msgs/px4_msgs/msg/detail/fuel_tank_status__type_support.h\n'}
[0.396288] (px4_msgs) StdoutLine: {'line': b'-- Up-to-date symlink: /home/lee/workspace/ros2_ex/install/px4_msgs/include/px4_msgs/px4_msgs/msg/detail/generator_status__functions.h\n'}
[0.396309] (px4_msgs) StdoutLine: {'line': b'-- Up-to-date symlink: /home/lee/workspace/ros2_ex/install/px4_msgs/include/px4_msgs/px4_msgs/msg/detail/generator_status__struct.h\n'}
[0.396360] (px4_msgs) StdoutLine: {'line': b'-- Up-to-date symlink: /home/lee/workspace/ros2_ex/install/px4_msgs/include/px4_msgs/px4_msgs/msg/detail/generator_status__type_support.h\n'}
[0.396380] (px4_msgs) StdoutLine: {'line': b'-- Up-to-date symlink: /home/lee/workspace/ros2_ex/install/px4_msgs/include/px4_msgs/px4_msgs/msg/detail/geofence_result__functions.h\n'}
[0.396402] (px4_msgs) StdoutLine: {'line': b'-- Up-to-date symlink: /home/lee/workspace/ros2_ex/install/px4_msgs/include/px4_msgs/px4_msgs/msg/detail/geofence_result__struct.h\n'}
[0.396424] (px4_msgs) StdoutLine: {'line': b'-- Up-to-date symlink: /home/lee/workspace/ros2_ex/install/px4_msgs/include/px4_msgs/px4_msgs/msg/detail/geofence_result__type_support.h\n'}
[0.396445] (px4_msgs) StdoutLine: {'line': b'-- Up-to-date symlink: /home/lee/workspace/ros2_ex/install/px4_msgs/include/px4_msgs/px4_msgs/msg/detail/geofence_status__functions.h\n'}
[0.396466] (px4_msgs) StdoutLine: {'line': b'-- Up-to-date symlink: /home/lee/workspace/ros2_ex/install/px4_msgs/include/px4_msgs/px4_msgs/msg/detail/geofence_status__struct.h\n'}
[0.396486] (px4_msgs) StdoutLine: {'line': b'-- Up-to-date symlink: /home/lee/workspace/ros2_ex/install/px4_msgs/include/px4_msgs/px4_msgs/msg/detail/geofence_status__type_support.h\n'}
[0.396506] (px4_msgs) StdoutLine: {'line': b'-- Up-to-date symlink: /home/lee/workspace/ros2_ex/install/px4_msgs/include/px4_msgs/px4_msgs/msg/detail/gimbal_controls__functions.h\n'}
[0.396541] (px4_msgs) StdoutLine: {'line': b'-- Up-to-date symlink: /home/lee/workspace/ros2_ex/install/px4_msgs/include/px4_msgs/px4_msgs/msg/detail/gimbal_controls__struct.h\n'}
[0.396579] (px4_msgs) StdoutLine: {'line': b'-- Up-to-date symlink: /home/lee/workspace/ros2_ex/install/px4_msgs/include/px4_msgs/px4_msgs/msg/detail/gimbal_controls__type_support.h\n'}
[0.396600] (px4_msgs) StdoutLine: {'line': b'-- Up-to-date symlink: /home/lee/workspace/ros2_ex/install/px4_msgs/include/px4_msgs/px4_msgs/msg/detail/gimbal_device_attitude_status__functions.h\n'}
[0.396622] (px4_msgs) StdoutLine: {'line': b'-- Up-to-date symlink: /home/lee/workspace/ros2_ex/install/px4_msgs/include/px4_msgs/px4_msgs/msg/detail/gimbal_device_attitude_status__struct.h\n'}
[0.396642] (px4_msgs) StdoutLine: {'line': b'-- Up-to-date symlink: /home/lee/workspace/ros2_ex/install/px4_msgs/include/px4_msgs/px4_msgs/msg/detail/gimbal_device_attitude_status__type_support.h\n'}
[0.396662] (px4_msgs) StdoutLine: {'line': b'-- Up-to-date symlink: /home/lee/workspace/ros2_ex/install/px4_msgs/include/px4_msgs/px4_msgs/msg/detail/gimbal_device_information__functions.h\n'}
[0.396682] (px4_msgs) StdoutLine: {'line': b'-- Up-to-date symlink: /home/lee/workspace/ros2_ex/install/px4_msgs/include/px4_msgs/px4_msgs/msg/detail/gimbal_device_information__struct.h\n'}
[0.396702] (px4_msgs) StdoutLine: {'line': b'-- Up-to-date symlink: /home/lee/workspace/ros2_ex/install/px4_msgs/include/px4_msgs/px4_msgs/msg/detail/gimbal_device_information__type_support.h\n'}
[0.396722] (px4_msgs) StdoutLine: {'line': b'-- Up-to-date symlink: /home/lee/workspace/ros2_ex/install/px4_msgs/include/px4_msgs/px4_msgs/msg/detail/gimbal_device_set_attitude__functions.h\n'}
[0.396741] (px4_msgs) StdoutLine: {'line': b'-- Up-to-date symlink: /home/lee/workspace/ros2_ex/install/px4_msgs/include/px4_msgs/px4_msgs/msg/detail/gimbal_device_set_attitude__struct.h\n'}
[0.396761] (px4_msgs) StdoutLine: {'line': b'-- Up-to-date symlink: /home/lee/workspace/ros2_ex/install/px4_msgs/include/px4_msgs/px4_msgs/msg/detail/gimbal_device_set_attitude__type_support.h\n'}
[0.396781] (px4_msgs) StdoutLine: {'line': b'-- Up-to-date symlink: /home/lee/workspace/ros2_ex/install/px4_msgs/include/px4_msgs/px4_msgs/msg/detail/gimbal_manager_information__functions.h\n'}
[0.396801] (px4_msgs) StdoutLine: {'line': b'-- Up-to-date symlink: /home/lee/workspace/ros2_ex/install/px4_msgs/include/px4_msgs/px4_msgs/msg/detail/gimbal_manager_information__struct.h\n'}
[0.396820] (px4_msgs) StdoutLine: {'line': b'-- Up-to-date symlink: /home/lee/workspace/ros2_ex/install/px4_msgs/include/px4_msgs/px4_msgs/msg/detail/gimbal_manager_information__type_support.h\n'}
[0.396838] (px4_msgs) StdoutLine: {'line': b'-- Up-to-date symlink: /home/lee/workspace/ros2_ex/install/px4_msgs/include/px4_msgs/px4_msgs/msg/detail/gimbal_manager_set_attitude__functions.h\n'}
[0.396857] (px4_msgs) StdoutLine: {'line': b'-- Up-to-date symlink: /home/lee/workspace/ros2_ex/install/px4_msgs/include/px4_msgs/px4_msgs/msg/detail/gimbal_manager_set_attitude__struct.h\n'}
[0.396877] (px4_msgs) StdoutLine: {'line': b'-- Up-to-date symlink: /home/lee/workspace/ros2_ex/install/px4_msgs/include/px4_msgs/px4_msgs/msg/detail/gimbal_manager_set_attitude__type_support.h\n'}
[0.396898] (px4_msgs) StdoutLine: {'line': b'-- Up-to-date symlink: /home/lee/workspace/ros2_ex/install/px4_msgs/include/px4_msgs/px4_msgs/msg/detail/gimbal_manager_set_manual_control__functions.h\n'}
[0.396918] (px4_msgs) StdoutLine: {'line': b'-- Up-to-date symlink: /home/lee/workspace/ros2_ex/install/px4_msgs/include/px4_msgs/px4_msgs/msg/detail/gimbal_manager_set_manual_control__struct.h\n'}
[0.396938] (px4_msgs) StdoutLine: {'line': b'-- Up-to-date symlink: /home/lee/workspace/ros2_ex/install/px4_msgs/include/px4_msgs/px4_msgs/msg/detail/gimbal_manager_set_manual_control__type_support.h\n'}
[0.396958] (px4_msgs) StdoutLine: {'line': b'-- Up-to-date symlink: /home/lee/workspace/ros2_ex/install/px4_msgs/include/px4_msgs/px4_msgs/msg/detail/gimbal_manager_status__functions.h\n'}
[0.396977] (px4_msgs) StdoutLine: {'line': b'-- Up-to-date symlink: /home/lee/workspace/ros2_ex/install/px4_msgs/include/px4_msgs/px4_msgs/msg/detail/gimbal_manager_status__struct.h\n'}
[0.397007] (px4_msgs) StdoutLine: {'line': b'-- Up-to-date symlink: /home/lee/workspace/ros2_ex/install/px4_msgs/include/px4_msgs/px4_msgs/msg/detail/gimbal_manager_status__type_support.h\n'}
[0.397027] (px4_msgs) StdoutLine: {'line': b'-- Up-to-date symlink: /home/lee/workspace/ros2_ex/install/px4_msgs/include/px4_msgs/px4_msgs/msg/detail/goto_setpoint__functions.h\n'}
[0.397047] (px4_msgs) StdoutLine: {'line': b'-- Up-to-date symlink: /home/lee/workspace/ros2_ex/install/px4_msgs/include/px4_msgs/px4_msgs/msg/detail/goto_setpoint__struct.h\n'}
[0.397067] (px4_msgs) StdoutLine: {'line': b'-- Up-to-date symlink: /home/lee/workspace/ros2_ex/install/px4_msgs/include/px4_msgs/px4_msgs/msg/detail/goto_setpoint__type_support.h\n'}
[0.397086] (px4_msgs) StdoutLine: {'line': b'-- Up-to-date symlink: /home/lee/workspace/ros2_ex/install/px4_msgs/include/px4_msgs/px4_msgs/msg/detail/gpio_config__functions.h\n'}
[0.397105] (px4_msgs) StdoutLine: {'line': b'-- Up-to-date symlink: /home/lee/workspace/ros2_ex/install/px4_msgs/include/px4_msgs/px4_msgs/msg/detail/gpio_config__struct.h\n'}
[0.397149] (px4_msgs) StdoutLine: {'line': b'-- Up-to-date symlink: /home/lee/workspace/ros2_ex/install/px4_msgs/include/px4_msgs/px4_msgs/msg/detail/gpio_config__type_support.h\n'}
[0.397170] (px4_msgs) StdoutLine: {'line': b'-- Up-to-date symlink: /home/lee/workspace/ros2_ex/install/px4_msgs/include/px4_msgs/px4_msgs/msg/detail/gpio_in__functions.h\n'}
[0.397189] (px4_msgs) StdoutLine: {'line': b'-- Up-to-date symlink: /home/lee/workspace/ros2_ex/install/px4_msgs/include/px4_msgs/px4_msgs/msg/detail/gpio_in__struct.h\n'}
[0.397209] (px4_msgs) StdoutLine: {'line': b'-- Up-to-date symlink: /home/lee/workspace/ros2_ex/install/px4_msgs/include/px4_msgs/px4_msgs/msg/detail/gpio_in__type_support.h\n'}
[0.397228] (px4_msgs) StdoutLine: {'line': b'-- Up-to-date symlink: /home/lee/workspace/ros2_ex/install/px4_msgs/include/px4_msgs/px4_msgs/msg/detail/gpio_out__functions.h\n'}
[0.397247] (px4_msgs) StdoutLine: {'line': b'-- Up-to-date symlink: /home/lee/workspace/ros2_ex/install/px4_msgs/include/px4_msgs/px4_msgs/msg/detail/gpio_out__struct.h\n'}
[0.397265] (px4_msgs) StdoutLine: {'line': b'-- Up-to-date symlink: /home/lee/workspace/ros2_ex/install/px4_msgs/include/px4_msgs/px4_msgs/msg/detail/gpio_out__type_support.h\n'}
[0.397288] (px4_msgs) StdoutLine: {'line': b'-- Up-to-date symlink: /home/lee/workspace/ros2_ex/install/px4_msgs/include/px4_msgs/px4_msgs/msg/detail/gpio_request__functions.h\n'}
[0.397308] (px4_msgs) StdoutLine: {'line': b'-- Up-to-date symlink: /home/lee/workspace/ros2_ex/install/px4_msgs/include/px4_msgs/px4_msgs/msg/detail/gpio_request__struct.h\n'}
[0.397327] (px4_msgs) StdoutLine: {'line': b'-- Up-to-date symlink: /home/lee/workspace/ros2_ex/install/px4_msgs/include/px4_msgs/px4_msgs/msg/detail/gpio_request__type_support.h\n'}
[0.397346] (px4_msgs) StdoutLine: {'line': b'-- Up-to-date symlink: /home/lee/workspace/ros2_ex/install/px4_msgs/include/px4_msgs/px4_msgs/msg/detail/gps_dump__functions.h\n'}
[0.397365] (px4_msgs) StdoutLine: {'line': b'-- Up-to-date symlink: /home/lee/workspace/ros2_ex/install/px4_msgs/include/px4_msgs/px4_msgs/msg/detail/gps_dump__struct.h\n'}
[0.397384] (px4_msgs) StdoutLine: {'line': b'-- Up-to-date symlink: /home/lee/workspace/ros2_ex/install/px4_msgs/include/px4_msgs/px4_msgs/msg/detail/gps_dump__type_support.h\n'}
[0.397404] (px4_msgs) StdoutLine: {'line': b'-- Up-to-date symlink: /home/lee/workspace/ros2_ex/install/px4_msgs/include/px4_msgs/px4_msgs/msg/detail/gps_inject_data__functions.h\n'}
[0.397423] (px4_msgs) StdoutLine: {'line': b'-- Up-to-date symlink: /home/lee/workspace/ros2_ex/install/px4_msgs/include/px4_msgs/px4_msgs/msg/detail/gps_inject_data__struct.h\n'}
[0.397442] (px4_msgs) StdoutLine: {'line': b'-- Up-to-date symlink: /home/lee/workspace/ros2_ex/install/px4_msgs/include/px4_msgs/px4_msgs/msg/detail/gps_inject_data__type_support.h\n'}
[0.397461] (px4_msgs) StdoutLine: {'line': b'-- Up-to-date symlink: /home/lee/workspace/ros2_ex/install/px4_msgs/include/px4_msgs/px4_msgs/msg/detail/gripper__functions.h\n'}
[0.397480] (px4_msgs) StdoutLine: {'line': b'-- Up-to-date symlink: /home/lee/workspace/ros2_ex/install/px4_msgs/include/px4_msgs/px4_msgs/msg/detail/gripper__struct.h\n'}
[0.397499] (px4_msgs) StdoutLine: {'line': b'-- Up-to-date symlink: /home/lee/workspace/ros2_ex/install/px4_msgs/include/px4_msgs/px4_msgs/msg/detail/gripper__type_support.h\n'}
[0.397537] (px4_msgs) StdoutLine: {'line': b'-- Up-to-date symlink: /home/lee/workspace/ros2_ex/install/px4_msgs/include/px4_msgs/px4_msgs/msg/detail/health_report__functions.h\n'}
[0.397557] (px4_msgs) StdoutLine: {'line': b'-- Up-to-date symlink: /home/lee/workspace/ros2_ex/install/px4_msgs/include/px4_msgs/px4_msgs/msg/detail/health_report__struct.h\n'}
[0.397577] (px4_msgs) StdoutLine: {'line': b'-- Up-to-date symlink: /home/lee/workspace/ros2_ex/install/px4_msgs/include/px4_msgs/px4_msgs/msg/detail/health_report__type_support.h\n'}
[0.397596] (px4_msgs) StdoutLine: {'line': b'-- Up-to-date symlink: /home/lee/workspace/ros2_ex/install/px4_msgs/include/px4_msgs/px4_msgs/msg/detail/heater_status__functions.h\n'}
[0.397616] (px4_msgs) StdoutLine: {'line': b'-- Up-to-date symlink: /home/lee/workspace/ros2_ex/install/px4_msgs/include/px4_msgs/px4_msgs/msg/detail/heater_status__struct.h\n'}
[0.397636] (px4_msgs) StdoutLine: {'line': b'-- Up-to-date symlink: /home/lee/workspace/ros2_ex/install/px4_msgs/include/px4_msgs/px4_msgs/msg/detail/heater_status__type_support.h\n'}
[0.397655] (px4_msgs) StdoutLine: {'line': b'-- Up-to-date symlink: /home/lee/workspace/ros2_ex/install/px4_msgs/include/px4_msgs/px4_msgs/msg/detail/home_position__functions.h\n'}
[0.397675] (px4_msgs) StdoutLine: {'line': b'-- Up-to-date symlink: /home/lee/workspace/ros2_ex/install/px4_msgs/include/px4_msgs/px4_msgs/msg/detail/home_position__struct.h\n'}
[0.397694] (px4_msgs) StdoutLine: {'line': b'-- Up-to-date symlink: /home/lee/workspace/ros2_ex/install/px4_msgs/include/px4_msgs/px4_msgs/msg/detail/home_position__type_support.h\n'}
[0.397714] (px4_msgs) StdoutLine: {'line': b'-- Up-to-date symlink: /home/lee/workspace/ros2_ex/install/px4_msgs/include/px4_msgs/px4_msgs/msg/detail/hover_thrust_estimate__functions.h\n'}
[0.397733] (px4_msgs) StdoutLine: {'line': b'-- Up-to-date symlink: /home/lee/workspace/ros2_ex/install/px4_msgs/include/px4_msgs/px4_msgs/msg/detail/hover_thrust_estimate__struct.h\n'}
[0.397753] (px4_msgs) StdoutLine: {'line': b'-- Up-to-date symlink: /home/lee/workspace/ros2_ex/install/px4_msgs/include/px4_msgs/px4_msgs/msg/detail/hover_thrust_estimate__type_support.h\n'}
[0.397772] (px4_msgs) StdoutLine: {'line': b'-- Up-to-date symlink: /home/lee/workspace/ros2_ex/install/px4_msgs/include/px4_msgs/px4_msgs/msg/detail/input_rc__functions.h\n'}
[0.397791] (px4_msgs) StdoutLine: {'line': b'-- Up-to-date symlink: /home/lee/workspace/ros2_ex/install/px4_msgs/include/px4_msgs/px4_msgs/msg/detail/input_rc__struct.h\n'}
[0.397810] (px4_msgs) StdoutLine: {'line': b'-- Up-to-date symlink: /home/lee/workspace/ros2_ex/install/px4_msgs/include/px4_msgs/px4_msgs/msg/detail/input_rc__type_support.h\n'}
[0.397829] (px4_msgs) StdoutLine: {'line': b'-- Up-to-date symlink: /home/lee/workspace/ros2_ex/install/px4_msgs/include/px4_msgs/px4_msgs/msg/detail/internal_combustion_engine_control__functions.h\n'}
[0.397848] (px4_msgs) StdoutLine: {'line': b'-- Up-to-date symlink: /home/lee/workspace/ros2_ex/install/px4_msgs/include/px4_msgs/px4_msgs/msg/detail/internal_combustion_engine_control__struct.h\n'}
[0.397868] (px4_msgs) StdoutLine: {'line': b'-- Up-to-date symlink: /home/lee/workspace/ros2_ex/install/px4_msgs/include/px4_msgs/px4_msgs/msg/detail/internal_combustion_engine_control__type_support.h\n'}
[0.397911] (px4_msgs) StdoutLine: {'line': b'-- Up-to-date symlink: /home/lee/workspace/ros2_ex/install/px4_msgs/include/px4_msgs/px4_msgs/msg/detail/internal_combustion_engine_status__functions.h\n'}
[0.397932] (px4_msgs) StdoutLine: {'line': b'-- Up-to-date symlink: /home/lee/workspace/ros2_ex/install/px4_msgs/include/px4_msgs/px4_msgs/msg/detail/internal_combustion_engine_status__struct.h\n'}
[0.397952] (px4_msgs) StdoutLine: {'line': b'-- Up-to-date symlink: /home/lee/workspace/ros2_ex/install/px4_msgs/include/px4_msgs/px4_msgs/msg/detail/internal_combustion_engine_status__type_support.h\n'}
[0.397974] (px4_msgs) StdoutLine: {'line': b'-- Up-to-date symlink: /home/lee/workspace/ros2_ex/install/px4_msgs/include/px4_msgs/px4_msgs/msg/detail/iridiumsbd_status__functions.h\n'}
[0.398017] (px4_msgs) StdoutLine: {'line': b'-- Up-to-date symlink: /home/lee/workspace/ros2_ex/install/px4_msgs/include/px4_msgs/px4_msgs/msg/detail/iridiumsbd_status__struct.h\n'}
[0.398038] (px4_msgs) StdoutLine: {'line': b'-- Up-to-date symlink: /home/lee/workspace/ros2_ex/install/px4_msgs/include/px4_msgs/px4_msgs/msg/detail/iridiumsbd_status__type_support.h\n'}
[0.398057] (px4_msgs) StdoutLine: {'line': b'-- Up-to-date symlink: /home/lee/workspace/ros2_ex/install/px4_msgs/include/px4_msgs/px4_msgs/msg/detail/irlock_report__functions.h\n'}
[0.398077] (px4_msgs) StdoutLine: {'line': b'-- Up-to-date symlink: /home/lee/workspace/ros2_ex/install/px4_msgs/include/px4_msgs/px4_msgs/msg/detail/irlock_report__struct.h\n'}
[0.398109] (px4_msgs) StdoutLine: {'line': b'-- Up-to-date symlink: /home/lee/workspace/ros2_ex/install/px4_msgs/include/px4_msgs/px4_msgs/msg/detail/irlock_report__type_support.h\n'}
[0.398145] (px4_msgs) StdoutLine: {'line': b'-- Up-to-date symlink: /home/lee/workspace/ros2_ex/install/px4_msgs/include/px4_msgs/px4_msgs/msg/detail/landing_gear__functions.h\n'}
[0.398164] (px4_msgs) StdoutLine: {'line': b'-- Up-to-date symlink: /home/lee/workspace/ros2_ex/install/px4_msgs/include/px4_msgs/px4_msgs/msg/detail/landing_gear__struct.h\n'}
[0.398184] (px4_msgs) StdoutLine: {'line': b'-- Up-to-date symlink: /home/lee/workspace/ros2_ex/install/px4_msgs/include/px4_msgs/px4_msgs/msg/detail/landing_gear__type_support.h\n'}
[0.398206] (px4_msgs) StdoutLine: {'line': b'-- Up-to-date symlink: /home/lee/workspace/ros2_ex/install/px4_msgs/include/px4_msgs/px4_msgs/msg/detail/landing_gear_wheel__functions.h\n'}
[0.398226] (px4_msgs) StdoutLine: {'line': b'-- Up-to-date symlink: /home/lee/workspace/ros2_ex/install/px4_msgs/include/px4_msgs/px4_msgs/msg/detail/landing_gear_wheel__struct.h\n'}
[0.398246] (px4_msgs) StdoutLine: {'line': b'-- Up-to-date symlink: /home/lee/workspace/ros2_ex/install/px4_msgs/include/px4_msgs/px4_msgs/msg/detail/landing_gear_wheel__type_support.h\n'}
[0.398274] (px4_msgs) StdoutLine: {'line': b'-- Up-to-date symlink: /home/lee/workspace/ros2_ex/install/px4_msgs/include/px4_msgs/px4_msgs/msg/detail/landing_target_innovations__functions.h\n'}
[0.398297] (px4_msgs) StdoutLine: {'line': b'-- Up-to-date symlink: /home/lee/workspace/ros2_ex/install/px4_msgs/include/px4_msgs/px4_msgs/msg/detail/landing_target_innovations__struct.h\n'}
[0.398315] (px4_msgs) StdoutLine: {'line': b'-- Up-to-date symlink: /home/lee/workspace/ros2_ex/install/px4_msgs/include/px4_msgs/px4_msgs/msg/detail/landing_target_innovations__type_support.h\n'}
[0.398334] (px4_msgs) StdoutLine: {'line': b'-- Up-to-date symlink: /home/lee/workspace/ros2_ex/install/px4_msgs/include/px4_msgs/px4_msgs/msg/detail/landing_target_pose__functions.h\n'}
[0.398353] (px4_msgs) StdoutLine: {'line': b'-- Up-to-date symlink: /home/lee/workspace/ros2_ex/install/px4_msgs/include/px4_msgs/px4_msgs/msg/detail/landing_target_pose__struct.h\n'}
[0.398372] (px4_msgs) StdoutLine: {'line': b'-- Up-to-date symlink: /home/lee/workspace/ros2_ex/install/px4_msgs/include/px4_msgs/px4_msgs/msg/detail/landing_target_pose__type_support.h\n'}
[0.398391] (px4_msgs) StdoutLine: {'line': b'-- Up-to-date symlink: /home/lee/workspace/ros2_ex/install/px4_msgs/include/px4_msgs/px4_msgs/msg/detail/lateral_control_configuration__functions.h\n'}
[0.398410] (px4_msgs) StdoutLine: {'line': b'-- Up-to-date symlink: /home/lee/workspace/ros2_ex/install/px4_msgs/include/px4_msgs/px4_msgs/msg/detail/lateral_control_configuration__struct.h\n'}
[0.398442] (px4_msgs) StdoutLine: {'line': b'-- Up-to-date symlink: /home/lee/workspace/ros2_ex/install/px4_msgs/include/px4_msgs/px4_msgs/msg/detail/lateral_control_configuration__type_support.h\n'}
[0.398462] (px4_msgs) StdoutLine: {'line': b'-- Up-to-date symlink: /home/lee/workspace/ros2_ex/install/px4_msgs/include/px4_msgs/px4_msgs/msg/detail/launch_detection_status__functions.h\n'}
[0.398483] (px4_msgs) StdoutLine: {'line': b'-- Up-to-date symlink: /home/lee/workspace/ros2_ex/install/px4_msgs/include/px4_msgs/px4_msgs/msg/detail/launch_detection_status__struct.h\n'}
[0.398502] (px4_msgs) StdoutLine: {'line': b'-- Up-to-date symlink: /home/lee/workspace/ros2_ex/install/px4_msgs/include/px4_msgs/px4_msgs/msg/detail/launch_detection_status__type_support.h\n'}
[0.398521] (px4_msgs) StdoutLine: {'line': b'-- Up-to-date symlink: /home/lee/workspace/ros2_ex/install/px4_msgs/include/px4_msgs/px4_msgs/msg/detail/led_control__functions.h\n'}
[0.398539] (px4_msgs) StdoutLine: {'line': b'-- Up-to-date symlink: /home/lee/workspace/ros2_ex/install/px4_msgs/include/px4_msgs/px4_msgs/msg/detail/led_control__struct.h\n'}
[0.398558] (px4_msgs) StdoutLine: {'line': b'-- Up-to-date symlink: /home/lee/workspace/ros2_ex/install/px4_msgs/include/px4_msgs/px4_msgs/msg/detail/led_control__type_support.h\n'}
[0.398577] (px4_msgs) StdoutLine: {'line': b'-- Up-to-date symlink: /home/lee/workspace/ros2_ex/install/px4_msgs/include/px4_msgs/px4_msgs/msg/detail/log_message__functions.h\n'}
[0.398596] (px4_msgs) StdoutLine: {'line': b'-- Up-to-date symlink: /home/lee/workspace/ros2_ex/install/px4_msgs/include/px4_msgs/px4_msgs/msg/detail/log_message__struct.h\n'}
[0.398615] (px4_msgs) StdoutLine: {'line': b'-- Up-to-date symlink: /home/lee/workspace/ros2_ex/install/px4_msgs/include/px4_msgs/px4_msgs/msg/detail/log_message__type_support.h\n'}
[0.398647] (px4_msgs) StdoutLine: {'line': b'-- Up-to-date symlink: /home/lee/workspace/ros2_ex/install/px4_msgs/include/px4_msgs/px4_msgs/msg/detail/logger_status__functions.h\n'}
[0.398687] (px4_msgs) StdoutLine: {'line': b'-- Up-to-date symlink: /home/lee/workspace/ros2_ex/install/px4_msgs/include/px4_msgs/px4_msgs/msg/detail/logger_status__struct.h\n'}
[0.398706] (px4_msgs) StdoutLine: {'line': b'-- Up-to-date symlink: /home/lee/workspace/ros2_ex/install/px4_msgs/include/px4_msgs/px4_msgs/msg/detail/logger_status__type_support.h\n'}
[0.398725] (px4_msgs) StdoutLine: {'line': b'-- Up-to-date symlink: /home/lee/workspace/ros2_ex/install/px4_msgs/include/px4_msgs/px4_msgs/msg/detail/longitudinal_control_configuration__functions.h\n'}
[0.398746] (px4_msgs) StdoutLine: {'line': b'-- Up-to-date symlink: /home/lee/workspace/ros2_ex/install/px4_msgs/include/px4_msgs/px4_msgs/msg/detail/longitudinal_control_configuration__struct.h\n'}
[0.398765] (px4_msgs) StdoutLine: {'line': b'-- Up-to-date symlink: /home/lee/workspace/ros2_ex/install/px4_msgs/include/px4_msgs/px4_msgs/msg/detail/longitudinal_control_configuration__type_support.h\n'}
[0.398784] (px4_msgs) StdoutLine: {'line': b'-- Up-to-date symlink: /home/lee/workspace/ros2_ex/install/px4_msgs/include/px4_msgs/px4_msgs/msg/detail/mag_worker_data__functions.h\n'}
[0.398803] (px4_msgs) StdoutLine: {'line': b'-- Up-to-date symlink: /home/lee/workspace/ros2_ex/install/px4_msgs/include/px4_msgs/px4_msgs/msg/detail/mag_worker_data__struct.h\n'}
[0.398822] (px4_msgs) StdoutLine: {'line': b'-- Up-to-date symlink: /home/lee/workspace/ros2_ex/install/px4_msgs/include/px4_msgs/px4_msgs/msg/detail/mag_worker_data__type_support.h\n'}
[0.398843] (px4_msgs) StdoutLine: {'line': b'-- Up-to-date symlink: /home/lee/workspace/ros2_ex/install/px4_msgs/include/px4_msgs/px4_msgs/msg/detail/magnetometer_bias_estimate__functions.h\n'}
[0.398862] (px4_msgs) StdoutLine: {'line': b'-- Up-to-date symlink: /home/lee/workspace/ros2_ex/install/px4_msgs/include/px4_msgs/px4_msgs/msg/detail/magnetometer_bias_estimate__struct.h\n'}
[0.398881] (px4_msgs) StdoutLine: {'line': b'-- Up-to-date symlink: /home/lee/workspace/ros2_ex/install/px4_msgs/include/px4_msgs/px4_msgs/msg/detail/magnetometer_bias_estimate__type_support.h\n'}
[0.398900] (px4_msgs) StdoutLine: {'line': b'-- Up-to-date symlink: /home/lee/workspace/ros2_ex/install/px4_msgs/include/px4_msgs/px4_msgs/msg/detail/manual_control_setpoint__functions.h\n'}
[0.398919] (px4_msgs) StdoutLine: {'line': b'-- Up-to-date symlink: /home/lee/workspace/ros2_ex/install/px4_msgs/include/px4_msgs/px4_msgs/msg/detail/manual_control_setpoint__struct.h\n'}
[0.398939] (px4_msgs) StdoutLine: {'line': b'-- Up-to-date symlink: /home/lee/workspace/ros2_ex/install/px4_msgs/include/px4_msgs/px4_msgs/msg/detail/manual_control_setpoint__type_support.h\n'}
[0.398957] (px4_msgs) StdoutLine: {'line': b'-- Up-to-date symlink: /home/lee/workspace/ros2_ex/install/px4_msgs/include/px4_msgs/px4_msgs/msg/detail/manual_control_switches__functions.h\n'}
[0.398976] (px4_msgs) StdoutLine: {'line': b'-- Up-to-date symlink: /home/lee/workspace/ros2_ex/install/px4_msgs/include/px4_msgs/px4_msgs/msg/detail/manual_control_switches__struct.h\n'}
[0.398996] (px4_msgs) StdoutLine: {'line': b'-- Up-to-date symlink: /home/lee/workspace/ros2_ex/install/px4_msgs/include/px4_msgs/px4_msgs/msg/detail/manual_control_switches__type_support.h\n'}
[0.399014] (px4_msgs) StdoutLine: {'line': b'-- Up-to-date symlink: /home/lee/workspace/ros2_ex/install/px4_msgs/include/px4_msgs/px4_msgs/msg/detail/mavlink_log__functions.h\n'}
[0.399033] (px4_msgs) StdoutLine: {'line': b'-- Up-to-date symlink: /home/lee/workspace/ros2_ex/install/px4_msgs/include/px4_msgs/px4_msgs/msg/detail/mavlink_log__struct.h\n'}
[0.399051] (px4_msgs) StdoutLine: {'line': b'-- Up-to-date symlink: /home/lee/workspace/ros2_ex/install/px4_msgs/include/px4_msgs/px4_msgs/msg/detail/mavlink_log__type_support.h\n'}
[0.399070] (px4_msgs) StdoutLine: {'line': b'-- Up-to-date symlink: /home/lee/workspace/ros2_ex/install/px4_msgs/include/px4_msgs/px4_msgs/msg/detail/mavlink_tunnel__functions.h\n'}
[0.399089] (px4_msgs) StdoutLine: {'line': b'-- Up-to-date symlink: /home/lee/workspace/ros2_ex/install/px4_msgs/include/px4_msgs/px4_msgs/msg/detail/mavlink_tunnel__struct.h\n'}
[0.399108] (px4_msgs) StdoutLine: {'line': b'-- Up-to-date symlink: /home/lee/workspace/ros2_ex/install/px4_msgs/include/px4_msgs/px4_msgs/msg/detail/mavlink_tunnel__type_support.h\n'}
[0.399127] (px4_msgs) StdoutLine: {'line': b'-- Up-to-date symlink: /home/lee/workspace/ros2_ex/install/px4_msgs/include/px4_msgs/px4_msgs/msg/detail/message_format_request__functions.h\n'}
[0.399154] (px4_msgs) StdoutLine: {'line': b'-- Up-to-date symlink: /home/lee/workspace/ros2_ex/install/px4_msgs/include/px4_msgs/px4_msgs/msg/detail/message_format_request__struct.h\n'}
[0.399173] (px4_msgs) StdoutLine: {'line': b'-- Up-to-date symlink: /home/lee/workspace/ros2_ex/install/px4_msgs/include/px4_msgs/px4_msgs/msg/detail/message_format_request__type_support.h\n'}
[0.399192] (px4_msgs) StdoutLine: {'line': b'-- Up-to-date symlink: /home/lee/workspace/ros2_ex/install/px4_msgs/include/px4_msgs/px4_msgs/msg/detail/message_format_response__functions.h\n'}
[0.399211] (px4_msgs) StdoutLine: {'line': b'-- Up-to-date symlink: /home/lee/workspace/ros2_ex/install/px4_msgs/include/px4_msgs/px4_msgs/msg/detail/message_format_response__struct.h\n'}
[0.399230] (px4_msgs) StdoutLine: {'line': b'-- Up-to-date symlink: /home/lee/workspace/ros2_ex/install/px4_msgs/include/px4_msgs/px4_msgs/msg/detail/message_format_response__type_support.h\n'}
[0.399274] (px4_msgs) StdoutLine: {'line': b'-- Up-to-date symlink: /home/lee/workspace/ros2_ex/install/px4_msgs/include/px4_msgs/px4_msgs/msg/detail/mission__functions.h\n'}
[0.399298] (px4_msgs) StdoutLine: {'line': b'-- Up-to-date symlink: /home/lee/workspace/ros2_ex/install/px4_msgs/include/px4_msgs/px4_msgs/msg/detail/mission__struct.h\n'}
[0.399318] (px4_msgs) StdoutLine: {'line': b'-- Up-to-date symlink: /home/lee/workspace/ros2_ex/install/px4_msgs/include/px4_msgs/px4_msgs/msg/detail/mission__type_support.h\n'}
[0.399337] (px4_msgs) StdoutLine: {'line': b'-- Up-to-date symlink: /home/lee/workspace/ros2_ex/install/px4_msgs/include/px4_msgs/px4_msgs/msg/detail/mission_result__functions.h\n'}
[0.399356] (px4_msgs) StdoutLine: {'line': b'-- Up-to-date symlink: /home/lee/workspace/ros2_ex/install/px4_msgs/include/px4_msgs/px4_msgs/msg/detail/mission_result__struct.h\n'}
[0.399374] (px4_msgs) StdoutLine: {'line': b'-- Up-to-date symlink: /home/lee/workspace/ros2_ex/install/px4_msgs/include/px4_msgs/px4_msgs/msg/detail/mission_result__type_support.h\n'}
[0.399393] (px4_msgs) StdoutLine: {'line': b'-- Up-to-date symlink: /home/lee/workspace/ros2_ex/install/px4_msgs/include/px4_msgs/px4_msgs/msg/detail/mode_completed__functions.h\n'}
[0.399413] (px4_msgs) StdoutLine: {'line': b'-- Up-to-date symlink: /home/lee/workspace/ros2_ex/install/px4_msgs/include/px4_msgs/px4_msgs/msg/detail/mode_completed__struct.h\n'}
[0.399432] (px4_msgs) StdoutLine: {'line': b'-- Up-to-date symlink: /home/lee/workspace/ros2_ex/install/px4_msgs/include/px4_msgs/px4_msgs/msg/detail/mode_completed__type_support.h\n'}
[0.399474] (px4_msgs) StdoutLine: {'line': b'-- Up-to-date symlink: /home/lee/workspace/ros2_ex/install/px4_msgs/include/px4_msgs/px4_msgs/msg/detail/mount_orientation__functions.h\n'}
[0.399493] (px4_msgs) StdoutLine: {'line': b'-- Up-to-date symlink: /home/lee/workspace/ros2_ex/install/px4_msgs/include/px4_msgs/px4_msgs/msg/detail/mount_orientation__struct.h\n'}
[0.399513] (px4_msgs) StdoutLine: {'line': b'-- Up-to-date symlink: /home/lee/workspace/ros2_ex/install/px4_msgs/include/px4_msgs/px4_msgs/msg/detail/mount_orientation__type_support.h\n'}
[0.399532] (px4_msgs) StdoutLine: {'line': b'-- Up-to-date symlink: /home/lee/workspace/ros2_ex/install/px4_msgs/include/px4_msgs/px4_msgs/msg/detail/navigator_mission_item__functions.h\n'}
[0.399551] (px4_msgs) StdoutLine: {'line': b'-- Up-to-date symlink: /home/lee/workspace/ros2_ex/install/px4_msgs/include/px4_msgs/px4_msgs/msg/detail/navigator_mission_item__struct.h\n'}
[0.399571] (px4_msgs) StdoutLine: {'line': b'-- Up-to-date symlink: /home/lee/workspace/ros2_ex/install/px4_msgs/include/px4_msgs/px4_msgs/msg/detail/navigator_mission_item__type_support.h\n'}
[0.399590] (px4_msgs) StdoutLine: {'line': b'-- Up-to-date symlink: /home/lee/workspace/ros2_ex/install/px4_msgs/include/px4_msgs/px4_msgs/msg/detail/navigator_status__functions.h\n'}
[0.399610] (px4_msgs) StdoutLine: {'line': b'-- Up-to-date symlink: /home/lee/workspace/ros2_ex/install/px4_msgs/include/px4_msgs/px4_msgs/msg/detail/navigator_status__struct.h\n'}
[0.399629] (px4_msgs) StdoutLine: {'line': b'-- Up-to-date symlink: /home/lee/workspace/ros2_ex/install/px4_msgs/include/px4_msgs/px4_msgs/msg/detail/navigator_status__type_support.h\n'}
[0.399648] (px4_msgs) StdoutLine: {'line': b'-- Up-to-date symlink: /home/lee/workspace/ros2_ex/install/px4_msgs/include/px4_msgs/px4_msgs/msg/detail/normalized_unsigned_setpoint__functions.h\n'}
[0.399667] (px4_msgs) StdoutLine: {'line': b'-- Up-to-date symlink: /home/lee/workspace/ros2_ex/install/px4_msgs/include/px4_msgs/px4_msgs/msg/detail/normalized_unsigned_setpoint__struct.h\n'}
[0.399687] (px4_msgs) StdoutLine: {'line': b'-- Up-to-date symlink: /home/lee/workspace/ros2_ex/install/px4_msgs/include/px4_msgs/px4_msgs/msg/detail/normalized_unsigned_setpoint__type_support.h\n'}
[0.399705] (px4_msgs) StdoutLine: {'line': b'-- Up-to-date symlink: /home/lee/workspace/ros2_ex/install/px4_msgs/include/px4_msgs/px4_msgs/msg/detail/npfg_status__functions.h\n'}
[0.399724] (px4_msgs) StdoutLine: {'line': b'-- Up-to-date symlink: /home/lee/workspace/ros2_ex/install/px4_msgs/include/px4_msgs/px4_msgs/msg/detail/npfg_status__struct.h\n'}
[0.399743] (px4_msgs) StdoutLine: {'line': b'-- Up-to-date symlink: /home/lee/workspace/ros2_ex/install/px4_msgs/include/px4_msgs/px4_msgs/msg/detail/npfg_status__type_support.h\n'}
[0.399762] (px4_msgs) StdoutLine: {'line': b'-- Up-to-date symlink: /home/lee/workspace/ros2_ex/install/px4_msgs/include/px4_msgs/px4_msgs/msg/detail/obstacle_distance__functions.h\n'}
[0.399781] (px4_msgs) StdoutLine: {'line': b'-- Up-to-date symlink: /home/lee/workspace/ros2_ex/install/px4_msgs/include/px4_msgs/px4_msgs/msg/detail/obstacle_distance__struct.h\n'}
[0.399800] (px4_msgs) StdoutLine: {'line': b'-- Up-to-date symlink: /home/lee/workspace/ros2_ex/install/px4_msgs/include/px4_msgs/px4_msgs/msg/detail/obstacle_distance__type_support.h\n'}
[0.399819] (px4_msgs) StdoutLine: {'line': b'-- Up-to-date symlink: /home/lee/workspace/ros2_ex/install/px4_msgs/include/px4_msgs/px4_msgs/msg/detail/offboard_control_mode__functions.h\n'}
[0.399839] (px4_msgs) StdoutLine: {'line': b'-- Up-to-date symlink: /home/lee/workspace/ros2_ex/install/px4_msgs/include/px4_msgs/px4_msgs/msg/detail/offboard_control_mode__struct.h\n'}
[0.399859] (px4_msgs) StdoutLine: {'line': b'-- Up-to-date symlink: /home/lee/workspace/ros2_ex/install/px4_msgs/include/px4_msgs/px4_msgs/msg/detail/offboard_control_mode__type_support.h\n'}
[0.399877] (px4_msgs) StdoutLine: {'line': b'-- Up-to-date symlink: /home/lee/workspace/ros2_ex/install/px4_msgs/include/px4_msgs/px4_msgs/msg/detail/onboard_computer_status__functions.h\n'}
[0.399898] (px4_msgs) StdoutLine: {'line': b'-- Up-to-date symlink: /home/lee/workspace/ros2_ex/install/px4_msgs/include/px4_msgs/px4_msgs/msg/detail/onboard_computer_status__struct.h\n'}
[0.399917] (px4_msgs) StdoutLine: {'line': b'-- Up-to-date symlink: /home/lee/workspace/ros2_ex/install/px4_msgs/include/px4_msgs/px4_msgs/msg/detail/onboard_computer_status__type_support.h\n'}
[0.399936] (px4_msgs) StdoutLine: {'line': b'-- Up-to-date symlink: /home/lee/workspace/ros2_ex/install/px4_msgs/include/px4_msgs/px4_msgs/msg/detail/open_drone_id_arm_status__functions.h\n'}
[0.399955] (px4_msgs) StdoutLine: {'line': b'-- Up-to-date symlink: /home/lee/workspace/ros2_ex/install/px4_msgs/include/px4_msgs/px4_msgs/msg/detail/open_drone_id_arm_status__struct.h\n'}
[0.399974] (px4_msgs) StdoutLine: {'line': b'-- Up-to-date symlink: /home/lee/workspace/ros2_ex/install/px4_msgs/include/px4_msgs/px4_msgs/msg/detail/open_drone_id_arm_status__type_support.h\n'}
[0.399993] (px4_msgs) StdoutLine: {'line': b'-- Up-to-date symlink: /home/lee/workspace/ros2_ex/install/px4_msgs/include/px4_msgs/px4_msgs/msg/detail/open_drone_id_operator_id__functions.h\n'}
[0.400012] (px4_msgs) StdoutLine: {'line': b'-- Up-to-date symlink: /home/lee/workspace/ros2_ex/install/px4_msgs/include/px4_msgs/px4_msgs/msg/detail/open_drone_id_operator_id__struct.h\n'}
[0.400033] (px4_msgs) StdoutLine: {'line': b'-- Up-to-date symlink: /home/lee/workspace/ros2_ex/install/px4_msgs/include/px4_msgs/px4_msgs/msg/detail/open_drone_id_operator_id__type_support.h\n'}
[0.400052] (px4_msgs) StdoutLine: {'line': b'-- Up-to-date symlink: /home/lee/workspace/ros2_ex/install/px4_msgs/include/px4_msgs/px4_msgs/msg/detail/open_drone_id_self_id__functions.h\n'}
[0.400071] (px4_msgs) StdoutLine: {'line': b'-- Up-to-date symlink: /home/lee/workspace/ros2_ex/install/px4_msgs/include/px4_msgs/px4_msgs/msg/detail/open_drone_id_self_id__struct.h\n'}
[0.400090] (px4_msgs) StdoutLine: {'line': b'-- Up-to-date symlink: /home/lee/workspace/ros2_ex/install/px4_msgs/include/px4_msgs/px4_msgs/msg/detail/open_drone_id_self_id__type_support.h\n'}
[0.400109] (px4_msgs) StdoutLine: {'line': b'-- Up-to-date symlink: /home/lee/workspace/ros2_ex/install/px4_msgs/include/px4_msgs/px4_msgs/msg/detail/open_drone_id_system__functions.h\n'}
[0.400128] (px4_msgs) StdoutLine: {'line': b'-- Up-to-date symlink: /home/lee/workspace/ros2_ex/install/px4_msgs/include/px4_msgs/px4_msgs/msg/detail/open_drone_id_system__struct.h\n'}
[0.400147] (px4_msgs) StdoutLine: {'line': b'-- Up-to-date symlink: /home/lee/workspace/ros2_ex/install/px4_msgs/include/px4_msgs/px4_msgs/msg/detail/open_drone_id_system__type_support.h\n'}
[0.400167] (px4_msgs) StdoutLine: {'line': b'-- Up-to-date symlink: /home/lee/workspace/ros2_ex/install/px4_msgs/include/px4_msgs/px4_msgs/msg/detail/orb_test__functions.h\n'}
[0.400186] (-) TimerEvent: {}
[0.400247] (px4_msgs) StdoutLine: {'line': b'-- Up-to-date symlink: /home/lee/workspace/ros2_ex/install/px4_msgs/include/px4_msgs/px4_msgs/msg/detail/orb_test__struct.h\n'}
[0.400273] (px4_msgs) StdoutLine: {'line': b'-- Up-to-date symlink: /home/lee/workspace/ros2_ex/install/px4_msgs/include/px4_msgs/px4_msgs/msg/detail/orb_test__type_support.h\n'}
[0.400339] (px4_msgs) StdoutLine: {'line': b'-- Up-to-date symlink: /home/lee/workspace/ros2_ex/install/px4_msgs/include/px4_msgs/px4_msgs/msg/detail/orb_test_large__functions.h\n'}
[0.400360] (px4_msgs) StdoutLine: {'line': b'-- Up-to-date symlink: /home/lee/workspace/ros2_ex/install/px4_msgs/include/px4_msgs/px4_msgs/msg/detail/orb_test_large__struct.h\n'}
[0.400382] (px4_msgs) StdoutLine: {'line': b'-- Up-to-date symlink: /home/lee/workspace/ros2_ex/install/px4_msgs/include/px4_msgs/px4_msgs/msg/detail/orb_test_large__type_support.h\n'}
[0.400402] (px4_msgs) StdoutLine: {'line': b'-- Up-to-date symlink: /home/lee/workspace/ros2_ex/install/px4_msgs/include/px4_msgs/px4_msgs/msg/detail/orb_test_medium__functions.h\n'}
[0.400423] (px4_msgs) StdoutLine: {'line': b'-- Up-to-date symlink: /home/lee/workspace/ros2_ex/install/px4_msgs/include/px4_msgs/px4_msgs/msg/detail/orb_test_medium__struct.h\n'}
[0.400443] (px4_msgs) StdoutLine: {'line': b'-- Up-to-date symlink: /home/lee/workspace/ros2_ex/install/px4_msgs/include/px4_msgs/px4_msgs/msg/detail/orb_test_medium__type_support.h\n'}
[0.400463] (px4_msgs) StdoutLine: {'line': b'-- Up-to-date symlink: /home/lee/workspace/ros2_ex/install/px4_msgs/include/px4_msgs/px4_msgs/msg/detail/orbit_status__functions.h\n'}
[0.400484] (px4_msgs) StdoutLine: {'line': b'-- Up-to-date symlink: /home/lee/workspace/ros2_ex/install/px4_msgs/include/px4_msgs/px4_msgs/msg/detail/orbit_status__struct.h\n'}
[0.400504] (px4_msgs) StdoutLine: {'line': b'-- Up-to-date symlink: /home/lee/workspace/ros2_ex/install/px4_msgs/include/px4_msgs/px4_msgs/msg/detail/orbit_status__type_support.h\n'}
[0.400524] (px4_msgs) StdoutLine: {'line': b'-- Up-to-date symlink: /home/lee/workspace/ros2_ex/install/px4_msgs/include/px4_msgs/px4_msgs/msg/detail/parameter_reset_request__functions.h\n'}
[0.400544] (px4_msgs) StdoutLine: {'line': b'-- Up-to-date symlink: /home/lee/workspace/ros2_ex/install/px4_msgs/include/px4_msgs/px4_msgs/msg/detail/parameter_reset_request__struct.h\n'}
[0.400564] (px4_msgs) StdoutLine: {'line': b'-- Up-to-date symlink: /home/lee/workspace/ros2_ex/install/px4_msgs/include/px4_msgs/px4_msgs/msg/detail/parameter_reset_request__type_support.h\n'}
[0.400584] (px4_msgs) StdoutLine: {'line': b'-- Up-to-date symlink: /home/lee/workspace/ros2_ex/install/px4_msgs/include/px4_msgs/px4_msgs/msg/detail/parameter_set_used_request__functions.h\n'}
[0.400604] (px4_msgs) StdoutLine: {'line': b'-- Up-to-date symlink: /home/lee/workspace/ros2_ex/install/px4_msgs/include/px4_msgs/px4_msgs/msg/detail/parameter_set_used_request__struct.h\n'}
[0.400624] (px4_msgs) StdoutLine: {'line': b'-- Up-to-date symlink: /home/lee/workspace/ros2_ex/install/px4_msgs/include/px4_msgs/px4_msgs/msg/detail/parameter_set_used_request__type_support.h\n'}
[0.400645] (px4_msgs) StdoutLine: {'line': b'-- Up-to-date symlink: /home/lee/workspace/ros2_ex/install/px4_msgs/include/px4_msgs/px4_msgs/msg/detail/parameter_set_value_request__functions.h\n'}
[0.400664] (px4_msgs) StdoutLine: {'line': b'-- Up-to-date symlink: /home/lee/workspace/ros2_ex/install/px4_msgs/include/px4_msgs/px4_msgs/msg/detail/parameter_set_value_request__struct.h\n'}
[0.400684] (px4_msgs) StdoutLine: {'line': b'-- Up-to-date symlink: /home/lee/workspace/ros2_ex/install/px4_msgs/include/px4_msgs/px4_msgs/msg/detail/parameter_set_value_request__type_support.h\n'}
[0.400703] (px4_msgs) StdoutLine: {'line': b'-- Up-to-date symlink: /home/lee/workspace/ros2_ex/install/px4_msgs/include/px4_msgs/px4_msgs/msg/detail/parameter_set_value_response__functions.h\n'}
[0.400723] (px4_msgs) StdoutLine: {'line': b'-- Up-to-date symlink: /home/lee/workspace/ros2_ex/install/px4_msgs/include/px4_msgs/px4_msgs/msg/detail/parameter_set_value_response__struct.h\n'}
[0.400744] (px4_msgs) StdoutLine: {'line': b'-- Up-to-date symlink: /home/lee/workspace/ros2_ex/install/px4_msgs/include/px4_msgs/px4_msgs/msg/detail/parameter_set_value_response__type_support.h\n'}
[0.400763] (px4_msgs) StdoutLine: {'line': b'-- Up-to-date symlink: /home/lee/workspace/ros2_ex/install/px4_msgs/include/px4_msgs/px4_msgs/msg/detail/parameter_update__functions.h\n'}
[0.400782] (px4_msgs) StdoutLine: {'line': b'-- Up-to-date symlink: /home/lee/workspace/ros2_ex/install/px4_msgs/include/px4_msgs/px4_msgs/msg/detail/parameter_update__struct.h\n'}
[0.400801] (px4_msgs) StdoutLine: {'line': b'-- Up-to-date symlink: /home/lee/workspace/ros2_ex/install/px4_msgs/include/px4_msgs/px4_msgs/msg/detail/parameter_update__type_support.h\n'}
[0.400821] (px4_msgs) StdoutLine: {'line': b'-- Up-to-date symlink: /home/lee/workspace/ros2_ex/install/px4_msgs/include/px4_msgs/px4_msgs/msg/detail/ping__functions.h\n'}
[0.400840] (px4_msgs) StdoutLine: {'line': b'-- Up-to-date symlink: /home/lee/workspace/ros2_ex/install/px4_msgs/include/px4_msgs/px4_msgs/msg/detail/ping__struct.h\n'}
[0.400871] (px4_msgs) StdoutLine: {'line': b'-- Up-to-date symlink: /home/lee/workspace/ros2_ex/install/px4_msgs/include/px4_msgs/px4_msgs/msg/detail/ping__type_support.h\n'}
[0.400892] (px4_msgs) StdoutLine: {'line': b'-- Up-to-date symlink: /home/lee/workspace/ros2_ex/install/px4_msgs/include/px4_msgs/px4_msgs/msg/detail/position_controller_landing_status__functions.h\n'}
[0.400950] (px4_msgs) StdoutLine: {'line': b'-- Up-to-date symlink: /home/lee/workspace/ros2_ex/install/px4_msgs/include/px4_msgs/px4_msgs/msg/detail/position_controller_landing_status__struct.h\n'}
[0.400969] (px4_msgs) StdoutLine: {'line': b'-- Up-to-date symlink: /home/lee/workspace/ros2_ex/install/px4_msgs/include/px4_msgs/px4_msgs/msg/detail/position_controller_landing_status__type_support.h\n'}
[0.400990] (px4_msgs) StdoutLine: {'line': b'-- Up-to-date symlink: /home/lee/workspace/ros2_ex/install/px4_msgs/include/px4_msgs/px4_msgs/msg/detail/position_controller_status__functions.h\n'}
[0.401010] (px4_msgs) StdoutLine: {'line': b'-- Up-to-date symlink: /home/lee/workspace/ros2_ex/install/px4_msgs/include/px4_msgs/px4_msgs/msg/detail/position_controller_status__struct.h\n'}
[0.401029] (px4_msgs) StdoutLine: {'line': b'-- Up-to-date symlink: /home/lee/workspace/ros2_ex/install/px4_msgs/include/px4_msgs/px4_msgs/msg/detail/position_controller_status__type_support.h\n'}
[0.401048] (px4_msgs) StdoutLine: {'line': b'-- Up-to-date symlink: /home/lee/workspace/ros2_ex/install/px4_msgs/include/px4_msgs/px4_msgs/msg/detail/position_setpoint__functions.h\n'}
[0.401068] (px4_msgs) StdoutLine: {'line': b'-- Up-to-date symlink: /home/lee/workspace/ros2_ex/install/px4_msgs/include/px4_msgs/px4_msgs/msg/detail/position_setpoint__struct.h\n'}
[0.401087] (px4_msgs) StdoutLine: {'line': b'-- Up-to-date symlink: /home/lee/workspace/ros2_ex/install/px4_msgs/include/px4_msgs/px4_msgs/msg/detail/position_setpoint__type_support.h\n'}
[0.401107] (px4_msgs) StdoutLine: {'line': b'-- Up-to-date symlink: /home/lee/workspace/ros2_ex/install/px4_msgs/include/px4_msgs/px4_msgs/msg/detail/position_setpoint_triplet__functions.h\n'}
[0.401127] (px4_msgs) StdoutLine: {'line': b'-- Up-to-date symlink: /home/lee/workspace/ros2_ex/install/px4_msgs/include/px4_msgs/px4_msgs/msg/detail/position_setpoint_triplet__struct.h\n'}
[0.401146] (px4_msgs) StdoutLine: {'line': b'-- Up-to-date symlink: /home/lee/workspace/ros2_ex/install/px4_msgs/include/px4_msgs/px4_msgs/msg/detail/position_setpoint_triplet__type_support.h\n'}
[0.401167] (px4_msgs) StdoutLine: {'line': b'-- Up-to-date symlink: /home/lee/workspace/ros2_ex/install/px4_msgs/include/px4_msgs/px4_msgs/msg/detail/power_button_state__functions.h\n'}
[0.401186] (px4_msgs) StdoutLine: {'line': b'-- Up-to-date symlink: /home/lee/workspace/ros2_ex/install/px4_msgs/include/px4_msgs/px4_msgs/msg/detail/power_button_state__struct.h\n'}
[0.401204] (px4_msgs) StdoutLine: {'line': b'-- Up-to-date symlink: /home/lee/workspace/ros2_ex/install/px4_msgs/include/px4_msgs/px4_msgs/msg/detail/power_button_state__type_support.h\n'}
[0.401224] (px4_msgs) StdoutLine: {'line': b'-- Up-to-date symlink: /home/lee/workspace/ros2_ex/install/px4_msgs/include/px4_msgs/px4_msgs/msg/detail/power_monitor__functions.h\n'}
[0.401242] (px4_msgs) StdoutLine: {'line': b'-- Up-to-date symlink: /home/lee/workspace/ros2_ex/install/px4_msgs/include/px4_msgs/px4_msgs/msg/detail/power_monitor__struct.h\n'}
[0.401261] (px4_msgs) StdoutLine: {'line': b'-- Up-to-date symlink: /home/lee/workspace/ros2_ex/install/px4_msgs/include/px4_msgs/px4_msgs/msg/detail/power_monitor__type_support.h\n'}
[0.401283] (px4_msgs) StdoutLine: {'line': b'-- Up-to-date symlink: /home/lee/workspace/ros2_ex/install/px4_msgs/include/px4_msgs/px4_msgs/msg/detail/pps_capture__functions.h\n'}
[0.401304] (px4_msgs) StdoutLine: {'line': b'-- Up-to-date symlink: /home/lee/workspace/ros2_ex/install/px4_msgs/include/px4_msgs/px4_msgs/msg/detail/pps_capture__struct.h\n'}
[0.401323] (px4_msgs) StdoutLine: {'line': b'-- Up-to-date symlink: /home/lee/workspace/ros2_ex/install/px4_msgs/include/px4_msgs/px4_msgs/msg/detail/pps_capture__type_support.h\n'}
[0.401342] (px4_msgs) StdoutLine: {'line': b'-- Up-to-date symlink: /home/lee/workspace/ros2_ex/install/px4_msgs/include/px4_msgs/px4_msgs/msg/detail/pure_pursuit_status__functions.h\n'}
[0.401361] (px4_msgs) StdoutLine: {'line': b'-- Up-to-date symlink: /home/lee/workspace/ros2_ex/install/px4_msgs/include/px4_msgs/px4_msgs/msg/detail/pure_pursuit_status__struct.h\n'}
[0.401382] (px4_msgs) StdoutLine: {'line': b'-- Up-to-date symlink: /home/lee/workspace/ros2_ex/install/px4_msgs/include/px4_msgs/px4_msgs/msg/detail/pure_pursuit_status__type_support.h\n'}
[0.401402] (px4_msgs) StdoutLine: {'line': b'-- Up-to-date symlink: /home/lee/workspace/ros2_ex/install/px4_msgs/include/px4_msgs/px4_msgs/msg/detail/pwm_input__functions.h\n'}
[0.401422] (px4_msgs) StdoutLine: {'line': b'-- Up-to-date symlink: /home/lee/workspace/ros2_ex/install/px4_msgs/include/px4_msgs/px4_msgs/msg/detail/pwm_input__struct.h\n'}
[0.401442] (px4_msgs) StdoutLine: {'line': b'-- Up-to-date symlink: /home/lee/workspace/ros2_ex/install/px4_msgs/include/px4_msgs/px4_msgs/msg/detail/pwm_input__type_support.h\n'}
[0.401462] (px4_msgs) StdoutLine: {'line': b'-- Up-to-date symlink: /home/lee/workspace/ros2_ex/install/px4_msgs/include/px4_msgs/px4_msgs/msg/detail/px4io_status__functions.h\n'}
[0.401482] (px4_msgs) StdoutLine: {'line': b'-- Up-to-date symlink: /home/lee/workspace/ros2_ex/install/px4_msgs/include/px4_msgs/px4_msgs/msg/detail/px4io_status__struct.h\n'}
[0.401501] (px4_msgs) StdoutLine: {'line': b'-- Up-to-date symlink: /home/lee/workspace/ros2_ex/install/px4_msgs/include/px4_msgs/px4_msgs/msg/detail/px4io_status__type_support.h\n'}
[0.401521] (px4_msgs) StdoutLine: {'line': b'-- Up-to-date symlink: /home/lee/workspace/ros2_ex/install/px4_msgs/include/px4_msgs/px4_msgs/msg/detail/qshell_req__functions.h\n'}
[0.401540] (px4_msgs) StdoutLine: {'line': b'-- Up-to-date symlink: /home/lee/workspace/ros2_ex/install/px4_msgs/include/px4_msgs/px4_msgs/msg/detail/qshell_req__struct.h\n'}
[0.401559] (px4_msgs) StdoutLine: {'line': b'-- Up-to-date symlink: /home/lee/workspace/ros2_ex/install/px4_msgs/include/px4_msgs/px4_msgs/msg/detail/qshell_req__type_support.h\n'}
[0.401578] (px4_msgs) StdoutLine: {'line': b'-- Up-to-date symlink: /home/lee/workspace/ros2_ex/install/px4_msgs/include/px4_msgs/px4_msgs/msg/detail/qshell_retval__functions.h\n'}
[0.401598] (px4_msgs) StdoutLine: {'line': b'-- Up-to-date symlink: /home/lee/workspace/ros2_ex/install/px4_msgs/include/px4_msgs/px4_msgs/msg/detail/qshell_retval__struct.h\n'}
[0.401618] (px4_msgs) StdoutLine: {'line': b'-- Up-to-date symlink: /home/lee/workspace/ros2_ex/install/px4_msgs/include/px4_msgs/px4_msgs/msg/detail/qshell_retval__type_support.h\n'}
[0.401637] (px4_msgs) StdoutLine: {'line': b'-- Up-to-date symlink: /home/lee/workspace/ros2_ex/install/px4_msgs/include/px4_msgs/px4_msgs/msg/detail/radio_status__functions.h\n'}
[0.401657] (px4_msgs) StdoutLine: {'line': b'-- Up-to-date symlink: /home/lee/workspace/ros2_ex/install/px4_msgs/include/px4_msgs/px4_msgs/msg/detail/radio_status__struct.h\n'}
[0.401676] (px4_msgs) StdoutLine: {'line': b'-- Up-to-date symlink: /home/lee/workspace/ros2_ex/install/px4_msgs/include/px4_msgs/px4_msgs/msg/detail/radio_status__type_support.h\n'}
[0.401696] (px4_msgs) StdoutLine: {'line': b'-- Up-to-date symlink: /home/lee/workspace/ros2_ex/install/px4_msgs/include/px4_msgs/px4_msgs/msg/detail/rate_ctrl_status__functions.h\n'}
[0.401715] (px4_msgs) StdoutLine: {'line': b'-- Up-to-date symlink: /home/lee/workspace/ros2_ex/install/px4_msgs/include/px4_msgs/px4_msgs/msg/detail/rate_ctrl_status__struct.h\n'}
[0.401746] (px4_msgs) StdoutLine: {'line': b'-- Up-to-date symlink: /home/lee/workspace/ros2_ex/install/px4_msgs/include/px4_msgs/px4_msgs/msg/detail/rate_ctrl_status__type_support.h\n'}
[0.401766] (px4_msgs) StdoutLine: {'line': b'-- Up-to-date symlink: /home/lee/workspace/ros2_ex/install/px4_msgs/include/px4_msgs/px4_msgs/msg/detail/rc_channels__functions.h\n'}
[0.401786] (px4_msgs) StdoutLine: {'line': b'-- Up-to-date symlink: /home/lee/workspace/ros2_ex/install/px4_msgs/include/px4_msgs/px4_msgs/msg/detail/rc_channels__struct.h\n'}
[0.401806] (px4_msgs) StdoutLine: {'line': b'-- Up-to-date symlink: /home/lee/workspace/ros2_ex/install/px4_msgs/include/px4_msgs/px4_msgs/msg/detail/rc_channels__type_support.h\n'}
[0.401825] (px4_msgs) StdoutLine: {'line': b'-- Up-to-date symlink: /home/lee/workspace/ros2_ex/install/px4_msgs/include/px4_msgs/px4_msgs/msg/detail/rc_parameter_map__functions.h\n'}
[0.401844] (px4_msgs) StdoutLine: {'line': b'-- Up-to-date symlink: /home/lee/workspace/ros2_ex/install/px4_msgs/include/px4_msgs/px4_msgs/msg/detail/rc_parameter_map__struct.h\n'}
[0.401864] (px4_msgs) StdoutLine: {'line': b'-- Up-to-date symlink: /home/lee/workspace/ros2_ex/install/px4_msgs/include/px4_msgs/px4_msgs/msg/detail/rc_parameter_map__type_support.h\n'}
[0.401883] (px4_msgs) StdoutLine: {'line': b'-- Up-to-date symlink: /home/lee/workspace/ros2_ex/install/px4_msgs/include/px4_msgs/px4_msgs/msg/detail/register_ext_component_reply__functions.h\n'}
[0.401903] (px4_msgs) StdoutLine: {'line': b'-- Up-to-date symlink: /home/lee/workspace/ros2_ex/install/px4_msgs/include/px4_msgs/px4_msgs/msg/detail/register_ext_component_reply__struct.h\n'}
[0.401922] (px4_msgs) StdoutLine: {'line': b'-- Up-to-date symlink: /home/lee/workspace/ros2_ex/install/px4_msgs/include/px4_msgs/px4_msgs/msg/detail/register_ext_component_reply__type_support.h\n'}
[0.401941] (px4_msgs) StdoutLine: {'line': b'-- Up-to-date symlink: /home/lee/workspace/ros2_ex/install/px4_msgs/include/px4_msgs/px4_msgs/msg/detail/register_ext_component_request__functions.h\n'}
[0.401999] (px4_msgs) StdoutLine: {'line': b'-- Up-to-date symlink: /home/lee/workspace/ros2_ex/install/px4_msgs/include/px4_msgs/px4_msgs/msg/detail/register_ext_component_request__struct.h\n'}
[0.402022] (px4_msgs) StdoutLine: {'line': b'-- Up-to-date symlink: /home/lee/workspace/ros2_ex/install/px4_msgs/include/px4_msgs/px4_msgs/msg/detail/register_ext_component_request__type_support.h\n'}
[0.402042] (px4_msgs) StdoutLine: {'line': b'-- Up-to-date symlink: /home/lee/workspace/ros2_ex/install/px4_msgs/include/px4_msgs/px4_msgs/msg/detail/rover_attitude_setpoint__functions.h\n'}
[0.402062] (px4_msgs) StdoutLine: {'line': b'-- Up-to-date symlink: /home/lee/workspace/ros2_ex/install/px4_msgs/include/px4_msgs/px4_msgs/msg/detail/rover_attitude_setpoint__struct.h\n'}
[0.402082] (px4_msgs) StdoutLine: {'line': b'-- Up-to-date symlink: /home/lee/workspace/ros2_ex/install/px4_msgs/include/px4_msgs/px4_msgs/msg/detail/rover_attitude_setpoint__type_support.h\n'}
[0.402102] (px4_msgs) StdoutLine: {'line': b'-- Up-to-date symlink: /home/lee/workspace/ros2_ex/install/px4_msgs/include/px4_msgs/px4_msgs/msg/detail/rover_attitude_status__functions.h\n'}
[0.402121] (px4_msgs) StdoutLine: {'line': b'-- Up-to-date symlink: /home/lee/workspace/ros2_ex/install/px4_msgs/include/px4_msgs/px4_msgs/msg/detail/rover_attitude_status__struct.h\n'}
[0.402141] (px4_msgs) StdoutLine: {'line': b'-- Up-to-date symlink: /home/lee/workspace/ros2_ex/install/px4_msgs/include/px4_msgs/px4_msgs/msg/detail/rover_attitude_status__type_support.h\n'}
[0.402161] (px4_msgs) StdoutLine: {'line': b'-- Up-to-date symlink: /home/lee/workspace/ros2_ex/install/px4_msgs/include/px4_msgs/px4_msgs/msg/detail/rover_position_setpoint__functions.h\n'}
[0.402181] (px4_msgs) StdoutLine: {'line': b'-- Up-to-date symlink: /home/lee/workspace/ros2_ex/install/px4_msgs/include/px4_msgs/px4_msgs/msg/detail/rover_position_setpoint__struct.h\n'}
[0.402199] (px4_msgs) StdoutLine: {'line': b'-- Up-to-date symlink: /home/lee/workspace/ros2_ex/install/px4_msgs/include/px4_msgs/px4_msgs/msg/detail/rover_position_setpoint__type_support.h\n'}
[0.402219] (px4_msgs) StdoutLine: {'line': b'-- Up-to-date symlink: /home/lee/workspace/ros2_ex/install/px4_msgs/include/px4_msgs/px4_msgs/msg/detail/rover_rate_setpoint__functions.h\n'}
[0.402237] (px4_msgs) StdoutLine: {'line': b'-- Up-to-date symlink: /home/lee/workspace/ros2_ex/install/px4_msgs/include/px4_msgs/px4_msgs/msg/detail/rover_rate_setpoint__struct.h\n'}
[0.402256] (px4_msgs) StdoutLine: {'line': b'-- Up-to-date symlink: /home/lee/workspace/ros2_ex/install/px4_msgs/include/px4_msgs/px4_msgs/msg/detail/rover_rate_setpoint__type_support.h\n'}
[0.402275] (px4_msgs) StdoutLine: {'line': b'-- Up-to-date symlink: /home/lee/workspace/ros2_ex/install/px4_msgs/include/px4_msgs/px4_msgs/msg/detail/rover_rate_status__functions.h\n'}
[0.402297] (px4_msgs) StdoutLine: {'line': b'-- Up-to-date symlink: /home/lee/workspace/ros2_ex/install/px4_msgs/include/px4_msgs/px4_msgs/msg/detail/rover_rate_status__struct.h\n'}
[0.402316] (px4_msgs) StdoutLine: {'line': b'-- Up-to-date symlink: /home/lee/workspace/ros2_ex/install/px4_msgs/include/px4_msgs/px4_msgs/msg/detail/rover_rate_status__type_support.h\n'}
[0.402334] (px4_msgs) StdoutLine: {'line': b'-- Up-to-date symlink: /home/lee/workspace/ros2_ex/install/px4_msgs/include/px4_msgs/px4_msgs/msg/detail/rover_steering_setpoint__functions.h\n'}
[0.402353] (px4_msgs) StdoutLine: {'line': b'-- Up-to-date symlink: /home/lee/workspace/ros2_ex/install/px4_msgs/include/px4_msgs/px4_msgs/msg/detail/rover_steering_setpoint__struct.h\n'}
[0.402372] (px4_msgs) StdoutLine: {'line': b'-- Up-to-date symlink: /home/lee/workspace/ros2_ex/install/px4_msgs/include/px4_msgs/px4_msgs/msg/detail/rover_steering_setpoint__type_support.h\n'}
[0.402393] (px4_msgs) StdoutLine: {'line': b'-- Up-to-date symlink: /home/lee/workspace/ros2_ex/install/px4_msgs/include/px4_msgs/px4_msgs/msg/detail/rover_throttle_setpoint__functions.h\n'}
[0.402412] (px4_msgs) StdoutLine: {'line': b'-- Up-to-date symlink: /home/lee/workspace/ros2_ex/install/px4_msgs/include/px4_msgs/px4_msgs/msg/detail/rover_throttle_setpoint__struct.h\n'}
[0.402431] (px4_msgs) StdoutLine: {'line': b'-- Up-to-date symlink: /home/lee/workspace/ros2_ex/install/px4_msgs/include/px4_msgs/px4_msgs/msg/detail/rover_throttle_setpoint__type_support.h\n'}
[0.402451] (px4_msgs) StdoutLine: {'line': b'-- Up-to-date symlink: /home/lee/workspace/ros2_ex/install/px4_msgs/include/px4_msgs/px4_msgs/msg/detail/rover_velocity_setpoint__functions.h\n'}
[0.402471] (px4_msgs) StdoutLine: {'line': b'-- Up-to-date symlink: /home/lee/workspace/ros2_ex/install/px4_msgs/include/px4_msgs/px4_msgs/msg/detail/rover_velocity_setpoint__struct.h\n'}
[0.402490] (px4_msgs) StdoutLine: {'line': b'-- Up-to-date symlink: /home/lee/workspace/ros2_ex/install/px4_msgs/include/px4_msgs/px4_msgs/msg/detail/rover_velocity_setpoint__type_support.h\n'}
[0.402510] (px4_msgs) StdoutLine: {'line': b'-- Up-to-date symlink: /home/lee/workspace/ros2_ex/install/px4_msgs/include/px4_msgs/px4_msgs/msg/detail/rover_velocity_status__functions.h\n'}
[0.402529] (px4_msgs) StdoutLine: {'line': b'-- Up-to-date symlink: /home/lee/workspace/ros2_ex/install/px4_msgs/include/px4_msgs/px4_msgs/msg/detail/rover_velocity_status__struct.h\n'}
[0.402548] (px4_msgs) StdoutLine: {'line': b'-- Up-to-date symlink: /home/lee/workspace/ros2_ex/install/px4_msgs/include/px4_msgs/px4_msgs/msg/detail/rover_velocity_status__type_support.h\n'}
[0.402568] (px4_msgs) StdoutLine: {'line': b'-- Up-to-date symlink: /home/lee/workspace/ros2_ex/install/px4_msgs/include/px4_msgs/px4_msgs/msg/detail/rpm__functions.h\n'}
[0.402589] (px4_msgs) StdoutLine: {'line': b'-- Up-to-date symlink: /home/lee/workspace/ros2_ex/install/px4_msgs/include/px4_msgs/px4_msgs/msg/detail/rpm__struct.h\n'}
[0.402608] (px4_msgs) StdoutLine: {'line': b'-- Up-to-date symlink: /home/lee/workspace/ros2_ex/install/px4_msgs/include/px4_msgs/px4_msgs/msg/detail/rpm__type_support.h\n'}
[0.402627] (px4_msgs) StdoutLine: {'line': b'-- Up-to-date symlink: /home/lee/workspace/ros2_ex/install/px4_msgs/include/px4_msgs/px4_msgs/msg/detail/rtl_status__functions.h\n'}
[0.402647] (px4_msgs) StdoutLine: {'line': b'-- Up-to-date symlink: /home/lee/workspace/ros2_ex/install/px4_msgs/include/px4_msgs/px4_msgs/msg/detail/rtl_status__struct.h\n'}
[0.402666] (px4_msgs) StdoutLine: {'line': b'-- Up-to-date symlink: /home/lee/workspace/ros2_ex/install/px4_msgs/include/px4_msgs/px4_msgs/msg/detail/rtl_status__type_support.h\n'}
[0.402685] (px4_msgs) StdoutLine: {'line': b'-- Up-to-date symlink: /home/lee/workspace/ros2_ex/install/px4_msgs/include/px4_msgs/px4_msgs/msg/detail/rtl_time_estimate__functions.h\n'}
[0.402704] (px4_msgs) StdoutLine: {'line': b'-- Up-to-date symlink: /home/lee/workspace/ros2_ex/install/px4_msgs/include/px4_msgs/px4_msgs/msg/detail/rtl_time_estimate__struct.h\n'}
[0.402723] (px4_msgs) StdoutLine: {'line': b'-- Up-to-date symlink: /home/lee/workspace/ros2_ex/install/px4_msgs/include/px4_msgs/px4_msgs/msg/detail/rtl_time_estimate__type_support.h\n'}
[0.402742] (px4_msgs) StdoutLine: {'line': b'-- Up-to-date symlink: /home/lee/workspace/ros2_ex/install/px4_msgs/include/px4_msgs/px4_msgs/msg/detail/satellite_info__functions.h\n'}
[0.402761] (px4_msgs) StdoutLine: {'line': b'-- Up-to-date symlink: /home/lee/workspace/ros2_ex/install/px4_msgs/include/px4_msgs/px4_msgs/msg/detail/satellite_info__struct.h\n'}
[0.402799] (px4_msgs) StdoutLine: {'line': b'-- Up-to-date symlink: /home/lee/workspace/ros2_ex/install/px4_msgs/include/px4_msgs/px4_msgs/msg/detail/satellite_info__type_support.h\n'}
[0.402819] (px4_msgs) StdoutLine: {'line': b'-- Up-to-date symlink: /home/lee/workspace/ros2_ex/install/px4_msgs/include/px4_msgs/px4_msgs/msg/detail/sensor_accel__functions.h\n'}
[0.402838] (px4_msgs) StdoutLine: {'line': b'-- Up-to-date symlink: /home/lee/workspace/ros2_ex/install/px4_msgs/include/px4_msgs/px4_msgs/msg/detail/sensor_accel__struct.h\n'}
[0.402857] (px4_msgs) StdoutLine: {'line': b'-- Up-to-date symlink: /home/lee/workspace/ros2_ex/install/px4_msgs/include/px4_msgs/px4_msgs/msg/detail/sensor_accel__type_support.h\n'}
[0.402876] (px4_msgs) StdoutLine: {'line': b'-- Up-to-date symlink: /home/lee/workspace/ros2_ex/install/px4_msgs/include/px4_msgs/px4_msgs/msg/detail/sensor_accel_fifo__functions.h\n'}
[0.402896] (px4_msgs) StdoutLine: {'line': b'-- Up-to-date symlink: /home/lee/workspace/ros2_ex/install/px4_msgs/include/px4_msgs/px4_msgs/msg/detail/sensor_accel_fifo__struct.h\n'}
[0.402914] (px4_msgs) StdoutLine: {'line': b'-- Up-to-date symlink: /home/lee/workspace/ros2_ex/install/px4_msgs/include/px4_msgs/px4_msgs/msg/detail/sensor_accel_fifo__type_support.h\n'}
[0.402972] (px4_msgs) StdoutLine: {'line': b'-- Up-to-date symlink: /home/lee/workspace/ros2_ex/install/px4_msgs/include/px4_msgs/px4_msgs/msg/detail/sensor_airflow__functions.h\n'}
[0.402992] (px4_msgs) StdoutLine: {'line': b'-- Up-to-date symlink: /home/lee/workspace/ros2_ex/install/px4_msgs/include/px4_msgs/px4_msgs/msg/detail/sensor_airflow__struct.h\n'}
[0.403012] (px4_msgs) StdoutLine: {'line': b'-- Up-to-date symlink: /home/lee/workspace/ros2_ex/install/px4_msgs/include/px4_msgs/px4_msgs/msg/detail/sensor_airflow__type_support.h\n'}
[0.403031] (px4_msgs) StdoutLine: {'line': b'-- Up-to-date symlink: /home/lee/workspace/ros2_ex/install/px4_msgs/include/px4_msgs/px4_msgs/msg/detail/sensor_baro__functions.h\n'}
[0.403050] (px4_msgs) StdoutLine: {'line': b'-- Up-to-date symlink: /home/lee/workspace/ros2_ex/install/px4_msgs/include/px4_msgs/px4_msgs/msg/detail/sensor_baro__struct.h\n'}
[0.403069] (px4_msgs) StdoutLine: {'line': b'-- Up-to-date symlink: /home/lee/workspace/ros2_ex/install/px4_msgs/include/px4_msgs/px4_msgs/msg/detail/sensor_baro__type_support.h\n'}
[0.403088] (px4_msgs) StdoutLine: {'line': b'-- Up-to-date symlink: /home/lee/workspace/ros2_ex/install/px4_msgs/include/px4_msgs/px4_msgs/msg/detail/sensor_combined__functions.h\n'}
[0.403107] (px4_msgs) StdoutLine: {'line': b'-- Up-to-date symlink: /home/lee/workspace/ros2_ex/install/px4_msgs/include/px4_msgs/px4_msgs/msg/detail/sensor_combined__struct.h\n'}
[0.403127] (px4_msgs) StdoutLine: {'line': b'-- Up-to-date symlink: /home/lee/workspace/ros2_ex/install/px4_msgs/include/px4_msgs/px4_msgs/msg/detail/sensor_combined__type_support.h\n'}
[0.403145] (px4_msgs) StdoutLine: {'line': b'-- Up-to-date symlink: /home/lee/workspace/ros2_ex/install/px4_msgs/include/px4_msgs/px4_msgs/msg/detail/sensor_correction__functions.h\n'}
[0.403180] (px4_msgs) StdoutLine: {'line': b'-- Up-to-date symlink: /home/lee/workspace/ros2_ex/install/px4_msgs/include/px4_msgs/px4_msgs/msg/detail/sensor_correction__struct.h\n'}
[0.403199] (px4_msgs) StdoutLine: {'line': b'-- Up-to-date symlink: /home/lee/workspace/ros2_ex/install/px4_msgs/include/px4_msgs/px4_msgs/msg/detail/sensor_correction__type_support.h\n'}
[0.403217] (px4_msgs) StdoutLine: {'line': b'-- Up-to-date symlink: /home/lee/workspace/ros2_ex/install/px4_msgs/include/px4_msgs/px4_msgs/msg/detail/sensor_gnss_relative__functions.h\n'}
[0.403236] (px4_msgs) StdoutLine: {'line': b'-- Up-to-date symlink: /home/lee/workspace/ros2_ex/install/px4_msgs/include/px4_msgs/px4_msgs/msg/detail/sensor_gnss_relative__struct.h\n'}
[0.403257] (px4_msgs) StdoutLine: {'line': b'-- Up-to-date symlink: /home/lee/workspace/ros2_ex/install/px4_msgs/include/px4_msgs/px4_msgs/msg/detail/sensor_gnss_relative__type_support.h\n'}
[0.403278] (px4_msgs) StdoutLine: {'line': b'-- Up-to-date symlink: /home/lee/workspace/ros2_ex/install/px4_msgs/include/px4_msgs/px4_msgs/msg/detail/sensor_gps__functions.h\n'}
[0.403298] (px4_msgs) StdoutLine: {'line': b'-- Up-to-date symlink: /home/lee/workspace/ros2_ex/install/px4_msgs/include/px4_msgs/px4_msgs/msg/detail/sensor_gps__struct.h\n'}
[0.403332] (px4_msgs) StdoutLine: {'line': b'-- Up-to-date symlink: /home/lee/workspace/ros2_ex/install/px4_msgs/include/px4_msgs/px4_msgs/msg/detail/sensor_gps__type_support.h\n'}
[0.403351] (px4_msgs) StdoutLine: {'line': b'-- Up-to-date symlink: /home/lee/workspace/ros2_ex/install/px4_msgs/include/px4_msgs/px4_msgs/msg/detail/sensor_gyro__functions.h\n'}
[0.403371] (px4_msgs) StdoutLine: {'line': b'-- Up-to-date symlink: /home/lee/workspace/ros2_ex/install/px4_msgs/include/px4_msgs/px4_msgs/msg/detail/sensor_gyro__struct.h\n'}
[0.403390] (px4_msgs) StdoutLine: {'line': b'-- Up-to-date symlink: /home/lee/workspace/ros2_ex/install/px4_msgs/include/px4_msgs/px4_msgs/msg/detail/sensor_gyro__type_support.h\n'}
[0.403410] (px4_msgs) StdoutLine: {'line': b'-- Up-to-date symlink: /home/lee/workspace/ros2_ex/install/px4_msgs/include/px4_msgs/px4_msgs/msg/detail/sensor_gyro_fft__functions.h\n'}
[0.403429] (px4_msgs) StdoutLine: {'line': b'-- Up-to-date symlink: /home/lee/workspace/ros2_ex/install/px4_msgs/include/px4_msgs/px4_msgs/msg/detail/sensor_gyro_fft__struct.h\n'}
[0.403448] (px4_msgs) StdoutLine: {'line': b'-- Up-to-date symlink: /home/lee/workspace/ros2_ex/install/px4_msgs/include/px4_msgs/px4_msgs/msg/detail/sensor_gyro_fft__type_support.h\n'}
[0.403469] (px4_msgs) StdoutLine: {'line': b'-- Up-to-date symlink: /home/lee/workspace/ros2_ex/install/px4_msgs/include/px4_msgs/px4_msgs/msg/detail/sensor_gyro_fifo__functions.h\n'}
[0.403488] (px4_msgs) StdoutLine: {'line': b'-- Up-to-date symlink: /home/lee/workspace/ros2_ex/install/px4_msgs/include/px4_msgs/px4_msgs/msg/detail/sensor_gyro_fifo__struct.h\n'}
[0.403507] (px4_msgs) StdoutLine: {'line': b'-- Up-to-date symlink: /home/lee/workspace/ros2_ex/install/px4_msgs/include/px4_msgs/px4_msgs/msg/detail/sensor_gyro_fifo__type_support.h\n'}
[0.403527] (px4_msgs) StdoutLine: {'line': b'-- Up-to-date symlink: /home/lee/workspace/ros2_ex/install/px4_msgs/include/px4_msgs/px4_msgs/msg/detail/sensor_hygrometer__functions.h\n'}
[0.403546] (px4_msgs) StdoutLine: {'line': b'-- Up-to-date symlink: /home/lee/workspace/ros2_ex/install/px4_msgs/include/px4_msgs/px4_msgs/msg/detail/sensor_hygrometer__struct.h\n'}
[0.403564] (px4_msgs) StdoutLine: {'line': b'-- Up-to-date symlink: /home/lee/workspace/ros2_ex/install/px4_msgs/include/px4_msgs/px4_msgs/msg/detail/sensor_hygrometer__type_support.h\n'}
[0.403584] (px4_msgs) StdoutLine: {'line': b'-- Up-to-date symlink: /home/lee/workspace/ros2_ex/install/px4_msgs/include/px4_msgs/px4_msgs/msg/detail/sensor_mag__functions.h\n'}
[0.403619] (px4_msgs) StdoutLine: {'line': b'-- Up-to-date symlink: /home/lee/workspace/ros2_ex/install/px4_msgs/include/px4_msgs/px4_msgs/msg/detail/sensor_mag__struct.h\n'}
[0.403638] (px4_msgs) StdoutLine: {'line': b'-- Up-to-date symlink: /home/lee/workspace/ros2_ex/install/px4_msgs/include/px4_msgs/px4_msgs/msg/detail/sensor_mag__type_support.h\n'}
[0.403657] (px4_msgs) StdoutLine: {'line': b'-- Up-to-date symlink: /home/lee/workspace/ros2_ex/install/px4_msgs/include/px4_msgs/px4_msgs/msg/detail/sensor_optical_flow__functions.h\n'}
[0.403693] (px4_msgs) StdoutLine: {'line': b'-- Up-to-date symlink: /home/lee/workspace/ros2_ex/install/px4_msgs/include/px4_msgs/px4_msgs/msg/detail/sensor_optical_flow__struct.h\n'}
[0.403713] (px4_msgs) StdoutLine: {'line': b'-- Up-to-date symlink: /home/lee/workspace/ros2_ex/install/px4_msgs/include/px4_msgs/px4_msgs/msg/detail/sensor_optical_flow__type_support.h\n'}
[0.403733] (px4_msgs) StdoutLine: {'line': b'-- Up-to-date symlink: /home/lee/workspace/ros2_ex/install/px4_msgs/include/px4_msgs/px4_msgs/msg/detail/sensor_preflight_mag__functions.h\n'}
[0.403765] (px4_msgs) StdoutLine: {'line': b'-- Up-to-date symlink: /home/lee/workspace/ros2_ex/install/px4_msgs/include/px4_msgs/px4_msgs/msg/detail/sensor_preflight_mag__struct.h\n'}
[0.403784] (px4_msgs) StdoutLine: {'line': b'-- Up-to-date symlink: /home/lee/workspace/ros2_ex/install/px4_msgs/include/px4_msgs/px4_msgs/msg/detail/sensor_preflight_mag__type_support.h\n'}
[0.403803] (px4_msgs) StdoutLine: {'line': b'-- Up-to-date symlink: /home/lee/workspace/ros2_ex/install/px4_msgs/include/px4_msgs/px4_msgs/msg/detail/sensor_selection__functions.h\n'}
[0.403821] (px4_msgs) StdoutLine: {'line': b'-- Up-to-date symlink: /home/lee/workspace/ros2_ex/install/px4_msgs/include/px4_msgs/px4_msgs/msg/detail/sensor_selection__struct.h\n'}
[0.403840] (px4_msgs) StdoutLine: {'line': b'-- Up-to-date symlink: /home/lee/workspace/ros2_ex/install/px4_msgs/include/px4_msgs/px4_msgs/msg/detail/sensor_selection__type_support.h\n'}
[0.403858] (px4_msgs) StdoutLine: {'line': b'-- Up-to-date symlink: /home/lee/workspace/ros2_ex/install/px4_msgs/include/px4_msgs/px4_msgs/msg/detail/sensor_uwb__functions.h\n'}
[0.403877] (px4_msgs) StdoutLine: {'line': b'-- Up-to-date symlink: /home/lee/workspace/ros2_ex/install/px4_msgs/include/px4_msgs/px4_msgs/msg/detail/sensor_uwb__struct.h\n'}
[0.403895] (px4_msgs) StdoutLine: {'line': b'-- Up-to-date symlink: /home/lee/workspace/ros2_ex/install/px4_msgs/include/px4_msgs/px4_msgs/msg/detail/sensor_uwb__type_support.h\n'}
[0.403929] (px4_msgs) StdoutLine: {'line': b'-- Up-to-date symlink: /home/lee/workspace/ros2_ex/install/px4_msgs/include/px4_msgs/px4_msgs/msg/detail/sensors_status__functions.h\n'}
[0.403949] (px4_msgs) StdoutLine: {'line': b'-- Up-to-date symlink: /home/lee/workspace/ros2_ex/install/px4_msgs/include/px4_msgs/px4_msgs/msg/detail/sensors_status__struct.h\n'}
[0.403968] (px4_msgs) StdoutLine: {'line': b'-- Up-to-date symlink: /home/lee/workspace/ros2_ex/install/px4_msgs/include/px4_msgs/px4_msgs/msg/detail/sensors_status__type_support.h\n'}
[0.403987] (px4_msgs) StdoutLine: {'line': b'-- Up-to-date symlink: /home/lee/workspace/ros2_ex/install/px4_msgs/include/px4_msgs/px4_msgs/msg/detail/sensors_status_imu__functions.h\n'}
[0.404005] (px4_msgs) StdoutLine: {'line': b'-- Up-to-date symlink: /home/lee/workspace/ros2_ex/install/px4_msgs/include/px4_msgs/px4_msgs/msg/detail/sensors_status_imu__struct.h\n'}
[0.404024] (px4_msgs) StdoutLine: {'line': b'-- Up-to-date symlink: /home/lee/workspace/ros2_ex/install/px4_msgs/include/px4_msgs/px4_msgs/msg/detail/sensors_status_imu__type_support.h\n'}
[0.404043] (px4_msgs) StdoutLine: {'line': b'-- Up-to-date symlink: /home/lee/workspace/ros2_ex/install/px4_msgs/include/px4_msgs/px4_msgs/msg/detail/system_power__functions.h\n'}
[0.404062] (px4_msgs) StdoutLine: {'line': b'-- Up-to-date symlink: /home/lee/workspace/ros2_ex/install/px4_msgs/include/px4_msgs/px4_msgs/msg/detail/system_power__struct.h\n'}
[0.404082] (px4_msgs) StdoutLine: {'line': b'-- Up-to-date symlink: /home/lee/workspace/ros2_ex/install/px4_msgs/include/px4_msgs/px4_msgs/msg/detail/system_power__type_support.h\n'}
[0.404101] (px4_msgs) StdoutLine: {'line': b'-- Up-to-date symlink: /home/lee/workspace/ros2_ex/install/px4_msgs/include/px4_msgs/px4_msgs/msg/detail/takeoff_status__functions.h\n'}
[0.404119] (px4_msgs) StdoutLine: {'line': b'-- Up-to-date symlink: /home/lee/workspace/ros2_ex/install/px4_msgs/include/px4_msgs/px4_msgs/msg/detail/takeoff_status__struct.h\n'}
[0.404138] (px4_msgs) StdoutLine: {'line': b'-- Up-to-date symlink: /home/lee/workspace/ros2_ex/install/px4_msgs/include/px4_msgs/px4_msgs/msg/detail/takeoff_status__type_support.h\n'}
[0.404157] (px4_msgs) StdoutLine: {'line': b'-- Up-to-date symlink: /home/lee/workspace/ros2_ex/install/px4_msgs/include/px4_msgs/px4_msgs/msg/detail/task_stack_info__functions.h\n'}
[0.404175] (px4_msgs) StdoutLine: {'line': b'-- Up-to-date symlink: /home/lee/workspace/ros2_ex/install/px4_msgs/include/px4_msgs/px4_msgs/msg/detail/task_stack_info__struct.h\n'}
[0.404195] (px4_msgs) StdoutLine: {'line': b'-- Up-to-date symlink: /home/lee/workspace/ros2_ex/install/px4_msgs/include/px4_msgs/px4_msgs/msg/detail/task_stack_info__type_support.h\n'}
[0.404227] (px4_msgs) StdoutLine: {'line': b'-- Up-to-date symlink: /home/lee/workspace/ros2_ex/install/px4_msgs/include/px4_msgs/px4_msgs/msg/detail/tecs_status__functions.h\n'}
[0.404246] (px4_msgs) StdoutLine: {'line': b'-- Up-to-date symlink: /home/lee/workspace/ros2_ex/install/px4_msgs/include/px4_msgs/px4_msgs/msg/detail/tecs_status__struct.h\n'}
[0.404266] (px4_msgs) StdoutLine: {'line': b'-- Up-to-date symlink: /home/lee/workspace/ros2_ex/install/px4_msgs/include/px4_msgs/px4_msgs/msg/detail/tecs_status__type_support.h\n'}
[0.404287] (px4_msgs) StdoutLine: {'line': b'-- Up-to-date symlink: /home/lee/workspace/ros2_ex/install/px4_msgs/include/px4_msgs/px4_msgs/msg/detail/telemetry_status__functions.h\n'}
[0.404306] (px4_msgs) StdoutLine: {'line': b'-- Up-to-date symlink: /home/lee/workspace/ros2_ex/install/px4_msgs/include/px4_msgs/px4_msgs/msg/detail/telemetry_status__struct.h\n'}
[0.404325] (px4_msgs) StdoutLine: {'line': b'-- Up-to-date symlink: /home/lee/workspace/ros2_ex/install/px4_msgs/include/px4_msgs/px4_msgs/msg/detail/telemetry_status__type_support.h\n'}
[0.404344] (px4_msgs) StdoutLine: {'line': b'-- Up-to-date symlink: /home/lee/workspace/ros2_ex/install/px4_msgs/include/px4_msgs/px4_msgs/msg/detail/tiltrotor_extra_controls__functions.h\n'}
[0.404362] (px4_msgs) StdoutLine: {'line': b'-- Up-to-date symlink: /home/lee/workspace/ros2_ex/install/px4_msgs/include/px4_msgs/px4_msgs/msg/detail/tiltrotor_extra_controls__struct.h\n'}
[0.404381] (px4_msgs) StdoutLine: {'line': b'-- Up-to-date symlink: /home/lee/workspace/ros2_ex/install/px4_msgs/include/px4_msgs/px4_msgs/msg/detail/tiltrotor_extra_controls__type_support.h\n'}
[0.404401] (px4_msgs) StdoutLine: {'line': b'-- Up-to-date symlink: /home/lee/workspace/ros2_ex/install/px4_msgs/include/px4_msgs/px4_msgs/msg/detail/timesync_status__functions.h\n'}
[0.404420] (px4_msgs) StdoutLine: {'line': b'-- Up-to-date symlink: /home/lee/workspace/ros2_ex/install/px4_msgs/include/px4_msgs/px4_msgs/msg/detail/timesync_status__struct.h\n'}
[0.404439] (px4_msgs) StdoutLine: {'line': b'-- Up-to-date symlink: /home/lee/workspace/ros2_ex/install/px4_msgs/include/px4_msgs/px4_msgs/msg/detail/timesync_status__type_support.h\n'}
[0.404458] (px4_msgs) StdoutLine: {'line': b'-- Up-to-date symlink: /home/lee/workspace/ros2_ex/install/px4_msgs/include/px4_msgs/px4_msgs/msg/detail/trajectory_bezier__functions.h\n'}
[0.404477] (px4_msgs) StdoutLine: {'line': b'-- Up-to-date symlink: /home/lee/workspace/ros2_ex/install/px4_msgs/include/px4_msgs/px4_msgs/msg/detail/trajectory_bezier__struct.h\n'}
[0.404496] (px4_msgs) StdoutLine: {'line': b'-- Up-to-date symlink: /home/lee/workspace/ros2_ex/install/px4_msgs/include/px4_msgs/px4_msgs/msg/detail/trajectory_bezier__type_support.h\n'}
[0.404518] (px4_msgs) StdoutLine: {'line': b'-- Up-to-date symlink: /home/lee/workspace/ros2_ex/install/px4_msgs/include/px4_msgs/px4_msgs/msg/detail/trajectory_setpoint6dof__functions.h\n'}
[0.404537] (px4_msgs) StdoutLine: {'line': b'-- Up-to-date symlink: /home/lee/workspace/ros2_ex/install/px4_msgs/include/px4_msgs/px4_msgs/msg/detail/trajectory_setpoint6dof__struct.h\n'}
[0.404583] (px4_msgs) StdoutLine: {'line': b'-- Up-to-date symlink: /home/lee/workspace/ros2_ex/install/px4_msgs/include/px4_msgs/px4_msgs/msg/detail/trajectory_setpoint6dof__type_support.h\n'}
[0.404619] (px4_msgs) StdoutLine: {'line': b'-- Up-to-date symlink: /home/lee/workspace/ros2_ex/install/px4_msgs/include/px4_msgs/px4_msgs/msg/detail/trajectory_setpoint__functions.h\n'}
[0.404639] (px4_msgs) StdoutLine: {'line': b'-- Up-to-date symlink: /home/lee/workspace/ros2_ex/install/px4_msgs/include/px4_msgs/px4_msgs/msg/detail/trajectory_setpoint__struct.h\n'}
[0.404659] (px4_msgs) StdoutLine: {'line': b'-- Up-to-date symlink: /home/lee/workspace/ros2_ex/install/px4_msgs/include/px4_msgs/px4_msgs/msg/detail/trajectory_setpoint__type_support.h\n'}
[0.404679] (px4_msgs) StdoutLine: {'line': b'-- Up-to-date symlink: /home/lee/workspace/ros2_ex/install/px4_msgs/include/px4_msgs/px4_msgs/msg/detail/trajectory_waypoint__functions.h\n'}
[0.404699] (px4_msgs) StdoutLine: {'line': b'-- Up-to-date symlink: /home/lee/workspace/ros2_ex/install/px4_msgs/include/px4_msgs/px4_msgs/msg/detail/trajectory_waypoint__struct.h\n'}
[0.404747] (px4_msgs) StdoutLine: {'line': b'-- Up-to-date symlink: /home/lee/workspace/ros2_ex/install/px4_msgs/include/px4_msgs/px4_msgs/msg/detail/trajectory_waypoint__type_support.h\n'}
[0.404769] (px4_msgs) StdoutLine: {'line': b'-- Up-to-date symlink: /home/lee/workspace/ros2_ex/install/px4_msgs/include/px4_msgs/px4_msgs/msg/detail/transponder_report__functions.h\n'}
[0.404788] (px4_msgs) StdoutLine: {'line': b'-- Up-to-date symlink: /home/lee/workspace/ros2_ex/install/px4_msgs/include/px4_msgs/px4_msgs/msg/detail/transponder_report__struct.h\n'}
[0.404808] (px4_msgs) StdoutLine: {'line': b'-- Up-to-date symlink: /home/lee/workspace/ros2_ex/install/px4_msgs/include/px4_msgs/px4_msgs/msg/detail/transponder_report__type_support.h\n'}
[0.404828] (px4_msgs) StdoutLine: {'line': b'-- Up-to-date symlink: /home/lee/workspace/ros2_ex/install/px4_msgs/include/px4_msgs/px4_msgs/msg/detail/tune_control__functions.h\n'}
[0.404846] (px4_msgs) StdoutLine: {'line': b'-- Up-to-date symlink: /home/lee/workspace/ros2_ex/install/px4_msgs/include/px4_msgs/px4_msgs/msg/detail/tune_control__struct.h\n'}
[0.404865] (px4_msgs) StdoutLine: {'line': b'-- Up-to-date symlink: /home/lee/workspace/ros2_ex/install/px4_msgs/include/px4_msgs/px4_msgs/msg/detail/tune_control__type_support.h\n'}
[0.404884] (px4_msgs) StdoutLine: {'line': b'-- Up-to-date symlink: /home/lee/workspace/ros2_ex/install/px4_msgs/include/px4_msgs/px4_msgs/msg/detail/uavcan_parameter_request__functions.h\n'}
[0.404902] (px4_msgs) StdoutLine: {'line': b'-- Up-to-date symlink: /home/lee/workspace/ros2_ex/install/px4_msgs/include/px4_msgs/px4_msgs/msg/detail/uavcan_parameter_request__struct.h\n'}
[0.404921] (px4_msgs) StdoutLine: {'line': b'-- Up-to-date symlink: /home/lee/workspace/ros2_ex/install/px4_msgs/include/px4_msgs/px4_msgs/msg/detail/uavcan_parameter_request__type_support.h\n'}
[0.404973] (px4_msgs) StdoutLine: {'line': b'-- Up-to-date symlink: /home/lee/workspace/ros2_ex/install/px4_msgs/include/px4_msgs/px4_msgs/msg/detail/uavcan_parameter_value__functions.h\n'}
[0.404996] (px4_msgs) StdoutLine: {'line': b'-- Up-to-date symlink: /home/lee/workspace/ros2_ex/install/px4_msgs/include/px4_msgs/px4_msgs/msg/detail/uavcan_parameter_value__struct.h\n'}
[0.405016] (px4_msgs) StdoutLine: {'line': b'-- Up-to-date symlink: /home/lee/workspace/ros2_ex/install/px4_msgs/include/px4_msgs/px4_msgs/msg/detail/uavcan_parameter_value__type_support.h\n'}
[0.405035] (px4_msgs) StdoutLine: {'line': b'-- Up-to-date symlink: /home/lee/workspace/ros2_ex/install/px4_msgs/include/px4_msgs/px4_msgs/msg/detail/ulog_stream__functions.h\n'}
[0.405055] (px4_msgs) StdoutLine: {'line': b'-- Up-to-date symlink: /home/lee/workspace/ros2_ex/install/px4_msgs/include/px4_msgs/px4_msgs/msg/detail/ulog_stream__struct.h\n'}
[0.405074] (px4_msgs) StdoutLine: {'line': b'-- Up-to-date symlink: /home/lee/workspace/ros2_ex/install/px4_msgs/include/px4_msgs/px4_msgs/msg/detail/ulog_stream__type_support.h\n'}
[0.405093] (px4_msgs) StdoutLine: {'line': b'-- Up-to-date symlink: /home/lee/workspace/ros2_ex/install/px4_msgs/include/px4_msgs/px4_msgs/msg/detail/ulog_stream_ack__functions.h\n'}
[0.405112] (px4_msgs) StdoutLine: {'line': b'-- Up-to-date symlink: /home/lee/workspace/ros2_ex/install/px4_msgs/include/px4_msgs/px4_msgs/msg/detail/ulog_stream_ack__struct.h\n'}
[0.405131] (px4_msgs) StdoutLine: {'line': b'-- Up-to-date symlink: /home/lee/workspace/ros2_ex/install/px4_msgs/include/px4_msgs/px4_msgs/msg/detail/ulog_stream_ack__type_support.h\n'}
[0.405149] (px4_msgs) StdoutLine: {'line': b'-- Up-to-date symlink: /home/lee/workspace/ros2_ex/install/px4_msgs/include/px4_msgs/px4_msgs/msg/detail/unregister_ext_component__functions.h\n'}
[0.405169] (px4_msgs) StdoutLine: {'line': b'-- Up-to-date symlink: /home/lee/workspace/ros2_ex/install/px4_msgs/include/px4_msgs/px4_msgs/msg/detail/unregister_ext_component__struct.h\n'}
[0.405187] (px4_msgs) StdoutLine: {'line': b'-- Up-to-date symlink: /home/lee/workspace/ros2_ex/install/px4_msgs/include/px4_msgs/px4_msgs/msg/detail/unregister_ext_component__type_support.h\n'}
[0.405208] (px4_msgs) StdoutLine: {'line': b'-- Up-to-date symlink: /home/lee/workspace/ros2_ex/install/px4_msgs/include/px4_msgs/px4_msgs/msg/detail/vehicle_acceleration__functions.h\n'}
[0.405226] (px4_msgs) StdoutLine: {'line': b'-- Up-to-date symlink: /home/lee/workspace/ros2_ex/install/px4_msgs/include/px4_msgs/px4_msgs/msg/detail/vehicle_acceleration__struct.h\n'}
[0.405245] (px4_msgs) StdoutLine: {'line': b'-- Up-to-date symlink: /home/lee/workspace/ros2_ex/install/px4_msgs/include/px4_msgs/px4_msgs/msg/detail/vehicle_acceleration__type_support.h\n'}
[0.405263] (px4_msgs) StdoutLine: {'line': b'-- Up-to-date symlink: /home/lee/workspace/ros2_ex/install/px4_msgs/include/px4_msgs/px4_msgs/msg/detail/vehicle_air_data__functions.h\n'}
[0.405308] (px4_msgs) StdoutLine: {'line': b'-- Up-to-date symlink: /home/lee/workspace/ros2_ex/install/px4_msgs/include/px4_msgs/px4_msgs/msg/detail/vehicle_air_data__struct.h\n'}
[0.405330] (px4_msgs) StdoutLine: {'line': b'-- Up-to-date symlink: /home/lee/workspace/ros2_ex/install/px4_msgs/include/px4_msgs/px4_msgs/msg/detail/vehicle_air_data__type_support.h\n'}
[0.405350] (px4_msgs) StdoutLine: {'line': b'-- Up-to-date symlink: /home/lee/workspace/ros2_ex/install/px4_msgs/include/px4_msgs/px4_msgs/msg/detail/vehicle_angular_acceleration_setpoint__functions.h\n'}
[0.405369] (px4_msgs) StdoutLine: {'line': b'-- Up-to-date symlink: /home/lee/workspace/ros2_ex/install/px4_msgs/include/px4_msgs/px4_msgs/msg/detail/vehicle_angular_acceleration_setpoint__struct.h\n'}
[0.405408] (px4_msgs) StdoutLine: {'line': b'-- Up-to-date symlink: /home/lee/workspace/ros2_ex/install/px4_msgs/include/px4_msgs/px4_msgs/msg/detail/vehicle_angular_acceleration_setpoint__type_support.h\n'}
[0.405429] (px4_msgs) StdoutLine: {'line': b'-- Up-to-date symlink: /home/lee/workspace/ros2_ex/install/px4_msgs/include/px4_msgs/px4_msgs/msg/detail/vehicle_angular_velocity__functions.h\n'}
[0.405448] (px4_msgs) StdoutLine: {'line': b'-- Up-to-date symlink: /home/lee/workspace/ros2_ex/install/px4_msgs/include/px4_msgs/px4_msgs/msg/detail/vehicle_angular_velocity__struct.h\n'}
[0.405481] (px4_msgs) StdoutLine: {'line': b'-- Up-to-date symlink: /home/lee/workspace/ros2_ex/install/px4_msgs/include/px4_msgs/px4_msgs/msg/detail/vehicle_angular_velocity__type_support.h\n'}
[0.405501] (px4_msgs) StdoutLine: {'line': b'-- Up-to-date symlink: /home/lee/workspace/ros2_ex/install/px4_msgs/include/px4_msgs/px4_msgs/msg/detail/vehicle_attitude__functions.h\n'}
[0.405520] (px4_msgs) StdoutLine: {'line': b'-- Up-to-date symlink: /home/lee/workspace/ros2_ex/install/px4_msgs/include/px4_msgs/px4_msgs/msg/detail/vehicle_attitude__struct.h\n'}
[0.405541] (px4_msgs) StdoutLine: {'line': b'-- Up-to-date symlink: /home/lee/workspace/ros2_ex/install/px4_msgs/include/px4_msgs/px4_msgs/msg/detail/vehicle_attitude__type_support.h\n'}
[0.405581] (px4_msgs) StdoutLine: {'line': b'-- Up-to-date symlink: /home/lee/workspace/ros2_ex/install/px4_msgs/include/px4_msgs/px4_msgs/msg/detail/vehicle_attitude_setpoint__functions.h\n'}
[0.405616] (px4_msgs) StdoutLine: {'line': b'-- Up-to-date symlink: /home/lee/workspace/ros2_ex/install/px4_msgs/include/px4_msgs/px4_msgs/msg/detail/vehicle_attitude_setpoint__struct.h\n'}
[0.405646] (px4_msgs) StdoutLine: {'line': b'-- Up-to-date symlink: /home/lee/workspace/ros2_ex/install/px4_msgs/include/px4_msgs/px4_msgs/msg/detail/vehicle_attitude_setpoint__type_support.h\n'}
[0.405676] (px4_msgs) StdoutLine: {'line': b'-- Up-to-date symlink: /home/lee/workspace/ros2_ex/install/px4_msgs/include/px4_msgs/px4_msgs/msg/detail/vehicle_command__functions.h\n'}
[0.405699] (px4_msgs) StdoutLine: {'line': b'-- Up-to-date symlink: /home/lee/workspace/ros2_ex/install/px4_msgs/include/px4_msgs/px4_msgs/msg/detail/vehicle_command__struct.h\n'}
[0.405719] (px4_msgs) StdoutLine: {'line': b'-- Up-to-date symlink: /home/lee/workspace/ros2_ex/install/px4_msgs/include/px4_msgs/px4_msgs/msg/detail/vehicle_command__type_support.h\n'}
[0.405740] (px4_msgs) StdoutLine: {'line': b'-- Up-to-date symlink: /home/lee/workspace/ros2_ex/install/px4_msgs/include/px4_msgs/px4_msgs/msg/detail/vehicle_command_ack__functions.h\n'}
[0.405760] (px4_msgs) StdoutLine: {'line': b'-- Up-to-date symlink: /home/lee/workspace/ros2_ex/install/px4_msgs/include/px4_msgs/px4_msgs/msg/detail/vehicle_command_ack__struct.h\n'}
[0.405793] (px4_msgs) StdoutLine: {'line': b'-- Up-to-date symlink: /home/lee/workspace/ros2_ex/install/px4_msgs/include/px4_msgs/px4_msgs/msg/detail/vehicle_command_ack__type_support.h\n'}
[0.405838] (px4_msgs) StdoutLine: {'line': b'-- Up-to-date symlink: /home/lee/workspace/ros2_ex/install/px4_msgs/include/px4_msgs/px4_msgs/msg/detail/vehicle_constraints__functions.h\n'}
[0.405858] (px4_msgs) StdoutLine: {'line': b'-- Up-to-date symlink: /home/lee/workspace/ros2_ex/install/px4_msgs/include/px4_msgs/px4_msgs/msg/detail/vehicle_constraints__struct.h\n'}
[0.405892] (px4_msgs) StdoutLine: {'line': b'-- Up-to-date symlink: /home/lee/workspace/ros2_ex/install/px4_msgs/include/px4_msgs/px4_msgs/msg/detail/vehicle_constraints__type_support.h\n'}
[0.405911] (px4_msgs) StdoutLine: {'line': b'-- Up-to-date symlink: /home/lee/workspace/ros2_ex/install/px4_msgs/include/px4_msgs/px4_msgs/msg/detail/vehicle_control_mode__functions.h\n'}
[0.405930] (px4_msgs) StdoutLine: {'line': b'-- Up-to-date symlink: /home/lee/workspace/ros2_ex/install/px4_msgs/include/px4_msgs/px4_msgs/msg/detail/vehicle_control_mode__struct.h\n'}
[0.405951] (px4_msgs) StdoutLine: {'line': b'-- Up-to-date symlink: /home/lee/workspace/ros2_ex/install/px4_msgs/include/px4_msgs/px4_msgs/msg/detail/vehicle_control_mode__type_support.h\n'}
[0.405971] (px4_msgs) StdoutLine: {'line': b'-- Up-to-date symlink: /home/lee/workspace/ros2_ex/install/px4_msgs/include/px4_msgs/px4_msgs/msg/detail/vehicle_global_position__functions.h\n'}
[0.405990] (px4_msgs) StdoutLine: {'line': b'-- Up-to-date symlink: /home/lee/workspace/ros2_ex/install/px4_msgs/include/px4_msgs/px4_msgs/msg/detail/vehicle_global_position__struct.h\n'}
[0.406009] (px4_msgs) StdoutLine: {'line': b'-- Up-to-date symlink: /home/lee/workspace/ros2_ex/install/px4_msgs/include/px4_msgs/px4_msgs/msg/detail/vehicle_global_position__type_support.h\n'}
[0.406028] (px4_msgs) StdoutLine: {'line': b'-- Up-to-date symlink: /home/lee/workspace/ros2_ex/install/px4_msgs/include/px4_msgs/px4_msgs/msg/detail/vehicle_imu__functions.h\n'}
[0.406048] (px4_msgs) StdoutLine: {'line': b'-- Up-to-date symlink: /home/lee/workspace/ros2_ex/install/px4_msgs/include/px4_msgs/px4_msgs/msg/detail/vehicle_imu__struct.h\n'}
[0.406070] (px4_msgs) StdoutLine: {'line': b'-- Up-to-date symlink: /home/lee/workspace/ros2_ex/install/px4_msgs/include/px4_msgs/px4_msgs/msg/detail/vehicle_imu__type_support.h\n'}
[0.406113] (px4_msgs) StdoutLine: {'line': b'-- Up-to-date symlink: /home/lee/workspace/ros2_ex/install/px4_msgs/include/px4_msgs/px4_msgs/msg/detail/vehicle_imu_status__functions.h\n'}
[0.406168] (px4_msgs) StdoutLine: {'line': b'-- Up-to-date symlink: /home/lee/workspace/ros2_ex/install/px4_msgs/include/px4_msgs/px4_msgs/msg/detail/vehicle_imu_status__struct.h\n'}
[0.406202] (px4_msgs) StdoutLine: {'line': b'-- Up-to-date symlink: /home/lee/workspace/ros2_ex/install/px4_msgs/include/px4_msgs/px4_msgs/msg/detail/vehicle_imu_status__type_support.h\n'}
[0.406226] (px4_msgs) StdoutLine: {'line': b'-- Up-to-date symlink: /home/lee/workspace/ros2_ex/install/px4_msgs/include/px4_msgs/px4_msgs/msg/detail/vehicle_land_detected__functions.h\n'}
[0.406255] (px4_msgs) StdoutLine: {'line': b'-- Up-to-date symlink: /home/lee/workspace/ros2_ex/install/px4_msgs/include/px4_msgs/px4_msgs/msg/detail/vehicle_land_detected__struct.h\n'}
[0.406274] (px4_msgs) StdoutLine: {'line': b'-- Up-to-date symlink: /home/lee/workspace/ros2_ex/install/px4_msgs/include/px4_msgs/px4_msgs/msg/detail/vehicle_land_detected__type_support.h\n'}
[0.406300] (px4_msgs) StdoutLine: {'line': b'-- Up-to-date symlink: /home/lee/workspace/ros2_ex/install/px4_msgs/include/px4_msgs/px4_msgs/msg/detail/vehicle_local_position__functions.h\n'}
[0.406320] (px4_msgs) StdoutLine: {'line': b'-- Up-to-date symlink: /home/lee/workspace/ros2_ex/install/px4_msgs/include/px4_msgs/px4_msgs/msg/detail/vehicle_local_position__struct.h\n'}
[0.406350] (px4_msgs) StdoutLine: {'line': b'-- Up-to-date symlink: /home/lee/workspace/ros2_ex/install/px4_msgs/include/px4_msgs/px4_msgs/msg/detail/vehicle_local_position__type_support.h\n'}
[0.406370] (px4_msgs) StdoutLine: {'line': b'-- Up-to-date symlink: /home/lee/workspace/ros2_ex/install/px4_msgs/include/px4_msgs/px4_msgs/msg/detail/vehicle_local_position_setpoint__functions.h\n'}
[0.406411] (px4_msgs) StdoutLine: {'line': b'-- Up-to-date symlink: /home/lee/workspace/ros2_ex/install/px4_msgs/include/px4_msgs/px4_msgs/msg/detail/vehicle_local_position_setpoint__struct.h\n'}
[0.406429] (px4_msgs) StdoutLine: {'line': b'-- Up-to-date symlink: /home/lee/workspace/ros2_ex/install/px4_msgs/include/px4_msgs/px4_msgs/msg/detail/vehicle_local_position_setpoint__type_support.h\n'}
[0.406450] (px4_msgs) StdoutLine: {'line': b'-- Up-to-date symlink: /home/lee/workspace/ros2_ex/install/px4_msgs/include/px4_msgs/px4_msgs/msg/detail/vehicle_magnetometer__functions.h\n'}
[0.406469] (px4_msgs) StdoutLine: {'line': b'-- Up-to-date symlink: /home/lee/workspace/ros2_ex/install/px4_msgs/include/px4_msgs/px4_msgs/msg/detail/vehicle_magnetometer__struct.h\n'}
[0.406488] (px4_msgs) StdoutLine: {'line': b'-- Up-to-date symlink: /home/lee/workspace/ros2_ex/install/px4_msgs/include/px4_msgs/px4_msgs/msg/detail/vehicle_magnetometer__type_support.h\n'}
[0.406508] (px4_msgs) StdoutLine: {'line': b'-- Up-to-date symlink: /home/lee/workspace/ros2_ex/install/px4_msgs/include/px4_msgs/px4_msgs/msg/detail/vehicle_odometry__functions.h\n'}
[0.406527] (px4_msgs) StdoutLine: {'line': b'-- Up-to-date symlink: /home/lee/workspace/ros2_ex/install/px4_msgs/include/px4_msgs/px4_msgs/msg/detail/vehicle_odometry__struct.h\n'}
[0.406547] (px4_msgs) StdoutLine: {'line': b'-- Up-to-date symlink: /home/lee/workspace/ros2_ex/install/px4_msgs/include/px4_msgs/px4_msgs/msg/detail/vehicle_odometry__type_support.h\n'}
[0.406566] (px4_msgs) StdoutLine: {'line': b'-- Up-to-date symlink: /home/lee/workspace/ros2_ex/install/px4_msgs/include/px4_msgs/px4_msgs/msg/detail/vehicle_optical_flow__functions.h\n'}
[0.406602] (px4_msgs) StdoutLine: {'line': b'-- Up-to-date symlink: /home/lee/workspace/ros2_ex/install/px4_msgs/include/px4_msgs/px4_msgs/msg/detail/vehicle_optical_flow__struct.h\n'}
[0.406644] (px4_msgs) StdoutLine: {'line': b'-- Up-to-date symlink: /home/lee/workspace/ros2_ex/install/px4_msgs/include/px4_msgs/px4_msgs/msg/detail/vehicle_optical_flow__type_support.h\n'}
[0.406665] (px4_msgs) StdoutLine: {'line': b'-- Up-to-date symlink: /home/lee/workspace/ros2_ex/install/px4_msgs/include/px4_msgs/px4_msgs/msg/detail/vehicle_optical_flow_vel__functions.h\n'}
[0.406686] (px4_msgs) StdoutLine: {'line': b'-- Up-to-date symlink: /home/lee/workspace/ros2_ex/install/px4_msgs/include/px4_msgs/px4_msgs/msg/detail/vehicle_optical_flow_vel__struct.h\n'}
[0.406707] (px4_msgs) StdoutLine: {'line': b'-- Up-to-date symlink: /home/lee/workspace/ros2_ex/install/px4_msgs/include/px4_msgs/px4_msgs/msg/detail/vehicle_optical_flow_vel__type_support.h\n'}
[0.406726] (px4_msgs) StdoutLine: {'line': b'-- Up-to-date symlink: /home/lee/workspace/ros2_ex/install/px4_msgs/include/px4_msgs/px4_msgs/msg/detail/vehicle_rates_setpoint__functions.h\n'}
[0.406760] (px4_msgs) StdoutLine: {'line': b'-- Up-to-date symlink: /home/lee/workspace/ros2_ex/install/px4_msgs/include/px4_msgs/px4_msgs/msg/detail/vehicle_rates_setpoint__struct.h\n'}
[0.406801] (px4_msgs) StdoutLine: {'line': b'-- Up-to-date symlink: /home/lee/workspace/ros2_ex/install/px4_msgs/include/px4_msgs/px4_msgs/msg/detail/vehicle_rates_setpoint__type_support.h\n'}
[0.406836] (px4_msgs) StdoutLine: {'line': b'-- Up-to-date symlink: /home/lee/workspace/ros2_ex/install/px4_msgs/include/px4_msgs/px4_msgs/msg/detail/vehicle_roi__functions.h\n'}
[0.406855] (px4_msgs) StdoutLine: {'line': b'-- Up-to-date symlink: /home/lee/workspace/ros2_ex/install/px4_msgs/include/px4_msgs/px4_msgs/msg/detail/vehicle_roi__struct.h\n'}
[0.406876] (px4_msgs) StdoutLine: {'line': b'-- Up-to-date symlink: /home/lee/workspace/ros2_ex/install/px4_msgs/include/px4_msgs/px4_msgs/msg/detail/vehicle_roi__type_support.h\n'}
[0.406895] (px4_msgs) StdoutLine: {'line': b'-- Up-to-date symlink: /home/lee/workspace/ros2_ex/install/px4_msgs/include/px4_msgs/px4_msgs/msg/detail/vehicle_status__functions.h\n'}
[0.406915] (px4_msgs) StdoutLine: {'line': b'-- Up-to-date symlink: /home/lee/workspace/ros2_ex/install/px4_msgs/include/px4_msgs/px4_msgs/msg/detail/vehicle_status__struct.h\n'}
[0.406960] (px4_msgs) StdoutLine: {'line': b'-- Up-to-date symlink: /home/lee/workspace/ros2_ex/install/px4_msgs/include/px4_msgs/px4_msgs/msg/detail/vehicle_status__type_support.h\n'}
[0.406980] (px4_msgs) StdoutLine: {'line': b'-- Up-to-date symlink: /home/lee/workspace/ros2_ex/install/px4_msgs/include/px4_msgs/px4_msgs/msg/detail/vehicle_thrust_setpoint__functions.h\n'}
[0.407000] (px4_msgs) StdoutLine: {'line': b'-- Up-to-date symlink: /home/lee/workspace/ros2_ex/install/px4_msgs/include/px4_msgs/px4_msgs/msg/detail/vehicle_thrust_setpoint__struct.h\n'}
[0.407019] (px4_msgs) StdoutLine: {'line': b'-- Up-to-date symlink: /home/lee/workspace/ros2_ex/install/px4_msgs/include/px4_msgs/px4_msgs/msg/detail/vehicle_thrust_setpoint__type_support.h\n'}
[0.407062] (px4_msgs) StdoutLine: {'line': b'-- Up-to-date symlink: /home/lee/workspace/ros2_ex/install/px4_msgs/include/px4_msgs/px4_msgs/msg/detail/vehicle_torque_setpoint__functions.h\n'}
[0.407082] (px4_msgs) StdoutLine: {'line': b'-- Up-to-date symlink: /home/lee/workspace/ros2_ex/install/px4_msgs/include/px4_msgs/px4_msgs/msg/detail/vehicle_torque_setpoint__struct.h\n'}
[0.407101] (px4_msgs) StdoutLine: {'line': b'-- Up-to-date symlink: /home/lee/workspace/ros2_ex/install/px4_msgs/include/px4_msgs/px4_msgs/msg/detail/vehicle_torque_setpoint__type_support.h\n'}
[0.407141] (px4_msgs) StdoutLine: {'line': b'-- Up-to-date symlink: /home/lee/workspace/ros2_ex/install/px4_msgs/include/px4_msgs/px4_msgs/msg/detail/vehicle_trajectory_bezier__functions.h\n'}
[0.407171] (px4_msgs) StdoutLine: {'line': b'-- Up-to-date symlink: /home/lee/workspace/ros2_ex/install/px4_msgs/include/px4_msgs/px4_msgs/msg/detail/vehicle_trajectory_bezier__struct.h\n'}
[0.407190] (px4_msgs) StdoutLine: {'line': b'-- Up-to-date symlink: /home/lee/workspace/ros2_ex/install/px4_msgs/include/px4_msgs/px4_msgs/msg/detail/vehicle_trajectory_bezier__type_support.h\n'}
[0.407228] (px4_msgs) StdoutLine: {'line': b'-- Up-to-date symlink: /home/lee/workspace/ros2_ex/install/px4_msgs/include/px4_msgs/px4_msgs/msg/detail/vehicle_trajectory_waypoint__functions.h\n'}
[0.407247] (px4_msgs) StdoutLine: {'line': b'-- Up-to-date symlink: /home/lee/workspace/ros2_ex/install/px4_msgs/include/px4_msgs/px4_msgs/msg/detail/vehicle_trajectory_waypoint__struct.h\n'}
[0.407274] (px4_msgs) StdoutLine: {'line': b'-- Up-to-date symlink: /home/lee/workspace/ros2_ex/install/px4_msgs/include/px4_msgs/px4_msgs/msg/detail/vehicle_trajectory_waypoint__type_support.h\n'}
[0.407305] (px4_msgs) StdoutLine: {'line': b'-- Up-to-date symlink: /home/lee/workspace/ros2_ex/install/px4_msgs/include/px4_msgs/px4_msgs/msg/detail/velocity_limits__functions.h\n'}
[0.407337] (px4_msgs) StdoutLine: {'line': b'-- Up-to-date symlink: /home/lee/workspace/ros2_ex/install/px4_msgs/include/px4_msgs/px4_msgs/msg/detail/velocity_limits__struct.h\n'}
[0.407371] (px4_msgs) StdoutLine: {'line': b'-- Up-to-date symlink: /home/lee/workspace/ros2_ex/install/px4_msgs/include/px4_msgs/px4_msgs/msg/detail/velocity_limits__type_support.h\n'}
[0.407398] (px4_msgs) StdoutLine: {'line': b'-- Up-to-date symlink: /home/lee/workspace/ros2_ex/install/px4_msgs/include/px4_msgs/px4_msgs/msg/detail/vtol_vehicle_status__functions.h\n'}
[0.407429] (px4_msgs) StdoutLine: {'line': b'-- Up-to-date symlink: /home/lee/workspace/ros2_ex/install/px4_msgs/include/px4_msgs/px4_msgs/msg/detail/vtol_vehicle_status__struct.h\n'}
[0.407461] (px4_msgs) StdoutLine: {'line': b'-- Up-to-date symlink: /home/lee/workspace/ros2_ex/install/px4_msgs/include/px4_msgs/px4_msgs/msg/detail/vtol_vehicle_status__type_support.h\n'}
[0.407494] (px4_msgs) StdoutLine: {'line': b'-- Up-to-date symlink: /home/lee/workspace/ros2_ex/install/px4_msgs/include/px4_msgs/px4_msgs/msg/detail/wheel_encoders__functions.h\n'}
[0.407521] (px4_msgs) StdoutLine: {'line': b'-- Up-to-date symlink: /home/lee/workspace/ros2_ex/install/px4_msgs/include/px4_msgs/px4_msgs/msg/detail/wheel_encoders__struct.h\n'}
[0.407550] (px4_msgs) StdoutLine: {'line': b'-- Up-to-date symlink: /home/lee/workspace/ros2_ex/install/px4_msgs/include/px4_msgs/px4_msgs/msg/detail/wheel_encoders__type_support.h\n'}
[0.407604] (px4_msgs) StdoutLine: {'line': b'-- Up-to-date symlink: /home/lee/workspace/ros2_ex/install/px4_msgs/include/px4_msgs/px4_msgs/msg/detail/wind__functions.h\n'}
[0.407646] (px4_msgs) StdoutLine: {'line': b'-- Up-to-date symlink: /home/lee/workspace/ros2_ex/install/px4_msgs/include/px4_msgs/px4_msgs/msg/detail/wind__struct.h\n'}
[0.407665] (px4_msgs) StdoutLine: {'line': b'-- Up-to-date symlink: /home/lee/workspace/ros2_ex/install/px4_msgs/include/px4_msgs/px4_msgs/msg/detail/wind__type_support.h\n'}
[0.407698] (px4_msgs) StdoutLine: {'line': b'-- Up-to-date symlink: /home/lee/workspace/ros2_ex/install/px4_msgs/include/px4_msgs/px4_msgs/msg/detail/yaw_estimator_status__functions.h\n'}
[0.407725] (px4_msgs) StdoutLine: {'line': b'-- Up-to-date symlink: /home/lee/workspace/ros2_ex/install/px4_msgs/include/px4_msgs/px4_msgs/msg/detail/yaw_estimator_status__struct.h\n'}
[0.407757] (px4_msgs) StdoutLine: {'line': b'-- Up-to-date symlink: /home/lee/workspace/ros2_ex/install/px4_msgs/include/px4_msgs/px4_msgs/msg/detail/yaw_estimator_status__type_support.h\n'}
[0.407789] (px4_msgs) StdoutLine: {'line': b'-- Up-to-date symlink: /home/lee/workspace/ros2_ex/install/px4_msgs/include/px4_msgs/px4_msgs/msg/differential_pressure.h\n'}
[0.407822] (px4_msgs) StdoutLine: {'line': b'-- Up-to-date symlink: /home/lee/workspace/ros2_ex/install/px4_msgs/include/px4_msgs/px4_msgs/msg/distance_sensor.h\n'}
[0.407855] (px4_msgs) StdoutLine: {'line': b'-- Up-to-date symlink: /home/lee/workspace/ros2_ex/install/px4_msgs/include/px4_msgs/px4_msgs/msg/distance_sensor_mode_change_request.h\n'}
[0.407894] (px4_msgs) StdoutLine: {'line': b'-- Up-to-date symlink: /home/lee/workspace/ros2_ex/install/px4_msgs/include/px4_msgs/px4_msgs/msg/dronecan_node_status.h\n'}
[0.407913] (px4_msgs) StdoutLine: {'line': b'-- Up-to-date symlink: /home/lee/workspace/ros2_ex/install/px4_msgs/include/px4_msgs/px4_msgs/msg/ekf2_timestamps.h\n'}
[0.407946] (px4_msgs) StdoutLine: {'line': b'-- Up-to-date symlink: /home/lee/workspace/ros2_ex/install/px4_msgs/include/px4_msgs/px4_msgs/msg/esc_report.h\n'}
[0.407974] (px4_msgs) StdoutLine: {'line': b'-- Up-to-date symlink: /home/lee/workspace/ros2_ex/install/px4_msgs/include/px4_msgs/px4_msgs/msg/esc_status.h\n'}
[0.408006] (px4_msgs) StdoutLine: {'line': b'-- Up-to-date symlink: /home/lee/workspace/ros2_ex/install/px4_msgs/include/px4_msgs/px4_msgs/msg/estimator_aid_source1d.h\n'}
[0.408035] (px4_msgs) StdoutLine: {'line': b'-- Up-to-date symlink: /home/lee/workspace/ros2_ex/install/px4_msgs/include/px4_msgs/px4_msgs/msg/estimator_aid_source2d.h\n'}
[0.408066] (px4_msgs) StdoutLine: {'line': b'-- Up-to-date symlink: /home/lee/workspace/ros2_ex/install/px4_msgs/include/px4_msgs/px4_msgs/msg/estimator_aid_source3d.h\n'}
[0.408099] (px4_msgs) StdoutLine: {'line': b'-- Up-to-date symlink: /home/lee/workspace/ros2_ex/install/px4_msgs/include/px4_msgs/px4_msgs/msg/estimator_bias.h\n'}
[0.408132] (px4_msgs) StdoutLine: {'line': b'-- Up-to-date symlink: /home/lee/workspace/ros2_ex/install/px4_msgs/include/px4_msgs/px4_msgs/msg/estimator_bias3d.h\n'}
[0.408171] (px4_msgs) StdoutLine: {'line': b'-- Up-to-date symlink: /home/lee/workspace/ros2_ex/install/px4_msgs/include/px4_msgs/px4_msgs/msg/estimator_event_flags.h\n'}
[0.408190] (px4_msgs) StdoutLine: {'line': b'-- Up-to-date symlink: /home/lee/workspace/ros2_ex/install/px4_msgs/include/px4_msgs/px4_msgs/msg/estimator_gps_status.h\n'}
[0.408218] (px4_msgs) StdoutLine: {'line': b'-- Up-to-date symlink: /home/lee/workspace/ros2_ex/install/px4_msgs/include/px4_msgs/px4_msgs/msg/estimator_innovations.h\n'}
[0.408250] (px4_msgs) StdoutLine: {'line': b'-- Up-to-date symlink: /home/lee/workspace/ros2_ex/install/px4_msgs/include/px4_msgs/px4_msgs/msg/estimator_selector_status.h\n'}
[0.408286] (px4_msgs) StdoutLine: {'line': b'-- Up-to-date symlink: /home/lee/workspace/ros2_ex/install/px4_msgs/include/px4_msgs/px4_msgs/msg/estimator_sensor_bias.h\n'}
[0.408314] (px4_msgs) StdoutLine: {'line': b'-- Up-to-date symlink: /home/lee/workspace/ros2_ex/install/px4_msgs/include/px4_msgs/px4_msgs/msg/estimator_states.h\n'}
[0.408342] (px4_msgs) StdoutLine: {'line': b'-- Up-to-date symlink: /home/lee/workspace/ros2_ex/install/px4_msgs/include/px4_msgs/px4_msgs/msg/estimator_status.h\n'}
[0.408373] (px4_msgs) StdoutLine: {'line': b'-- Up-to-date symlink: /home/lee/workspace/ros2_ex/install/px4_msgs/include/px4_msgs/px4_msgs/msg/estimator_status_flags.h\n'}
[0.408405] (px4_msgs) StdoutLine: {'line': b'-- Up-to-date symlink: /home/lee/workspace/ros2_ex/install/px4_msgs/include/px4_msgs/px4_msgs/msg/event.h\n'}
[0.408433] (px4_msgs) StdoutLine: {'line': b'-- Up-to-date symlink: /home/lee/workspace/ros2_ex/install/px4_msgs/include/px4_msgs/px4_msgs/msg/failsafe_flags.h\n'}
[0.408459] (px4_msgs) StdoutLine: {'line': b'-- Up-to-date symlink: /home/lee/workspace/ros2_ex/install/px4_msgs/include/px4_msgs/px4_msgs/msg/failure_detector_status.h\n'}
[0.408489] (px4_msgs) StdoutLine: {'line': b'-- Up-to-date symlink: /home/lee/workspace/ros2_ex/install/px4_msgs/include/px4_msgs/px4_msgs/msg/figure_eight_status.h\n'}
[0.408520] (px4_msgs) StdoutLine: {'line': b'-- Up-to-date symlink: /home/lee/workspace/ros2_ex/install/px4_msgs/include/px4_msgs/px4_msgs/msg/fixed_wing_lateral_guidance_status.h\n'}
[0.408554] (px4_msgs) StdoutLine: {'line': b'-- Up-to-date symlink: /home/lee/workspace/ros2_ex/install/px4_msgs/include/px4_msgs/px4_msgs/msg/fixed_wing_lateral_setpoint.h\n'}
[0.408581] (px4_msgs) StdoutLine: {'line': b'-- Up-to-date symlink: /home/lee/workspace/ros2_ex/install/px4_msgs/include/px4_msgs/px4_msgs/msg/fixed_wing_lateral_status.h\n'}
[0.408612] (px4_msgs) StdoutLine: {'line': b'-- Up-to-date symlink: /home/lee/workspace/ros2_ex/install/px4_msgs/include/px4_msgs/px4_msgs/msg/fixed_wing_longitudinal_setpoint.h\n'}
[0.408638] (px4_msgs) StdoutLine: {'line': b'-- Up-to-date symlink: /home/lee/workspace/ros2_ex/install/px4_msgs/include/px4_msgs/px4_msgs/msg/fixed_wing_runway_control.h\n'}
[0.408668] (px4_msgs) StdoutLine: {'line': b'-- Up-to-date symlink: /home/lee/workspace/ros2_ex/install/px4_msgs/include/px4_msgs/px4_msgs/msg/flight_phase_estimation.h\n'}
[0.408696] (px4_msgs) StdoutLine: {'line': b'-- Up-to-date symlink: /home/lee/workspace/ros2_ex/install/px4_msgs/include/px4_msgs/px4_msgs/msg/follow_target.h\n'}
[0.408727] (px4_msgs) StdoutLine: {'line': b'-- Up-to-date symlink: /home/lee/workspace/ros2_ex/install/px4_msgs/include/px4_msgs/px4_msgs/msg/follow_target_estimator.h\n'}
[0.408757] (px4_msgs) StdoutLine: {'line': b'-- Up-to-date symlink: /home/lee/workspace/ros2_ex/install/px4_msgs/include/px4_msgs/px4_msgs/msg/follow_target_status.h\n'}
[0.408787] (px4_msgs) StdoutLine: {'line': b'-- Up-to-date symlink: /home/lee/workspace/ros2_ex/install/px4_msgs/include/px4_msgs/px4_msgs/msg/fuel_tank_status.h\n'}
[0.408817] (px4_msgs) StdoutLine: {'line': b'-- Up-to-date symlink: /home/lee/workspace/ros2_ex/install/px4_msgs/include/px4_msgs/px4_msgs/msg/generator_status.h\n'}
[0.408848] (px4_msgs) StdoutLine: {'line': b'-- Up-to-date symlink: /home/lee/workspace/ros2_ex/install/px4_msgs/include/px4_msgs/px4_msgs/msg/geofence_result.h\n'}
[0.408878] (px4_msgs) StdoutLine: {'line': b'-- Up-to-date symlink: /home/lee/workspace/ros2_ex/install/px4_msgs/include/px4_msgs/px4_msgs/msg/geofence_status.h\n'}
[0.408908] (px4_msgs) StdoutLine: {'line': b'-- Up-to-date symlink: /home/lee/workspace/ros2_ex/install/px4_msgs/include/px4_msgs/px4_msgs/msg/gimbal_controls.h\n'}
[0.408938] (px4_msgs) StdoutLine: {'line': b'-- Up-to-date symlink: /home/lee/workspace/ros2_ex/install/px4_msgs/include/px4_msgs/px4_msgs/msg/gimbal_device_attitude_status.h\n'}
[0.408967] (px4_msgs) StdoutLine: {'line': b'-- Up-to-date symlink: /home/lee/workspace/ros2_ex/install/px4_msgs/include/px4_msgs/px4_msgs/msg/gimbal_device_information.h\n'}
[0.409000] (px4_msgs) StdoutLine: {'line': b'-- Up-to-date symlink: /home/lee/workspace/ros2_ex/install/px4_msgs/include/px4_msgs/px4_msgs/msg/gimbal_device_set_attitude.h\n'}
[0.409031] (px4_msgs) StdoutLine: {'line': b'-- Up-to-date symlink: /home/lee/workspace/ros2_ex/install/px4_msgs/include/px4_msgs/px4_msgs/msg/gimbal_manager_information.h\n'}
[0.409062] (px4_msgs) StdoutLine: {'line': b'-- Up-to-date symlink: /home/lee/workspace/ros2_ex/install/px4_msgs/include/px4_msgs/px4_msgs/msg/gimbal_manager_set_attitude.h\n'}
[0.409094] (px4_msgs) StdoutLine: {'line': b'-- Up-to-date symlink: /home/lee/workspace/ros2_ex/install/px4_msgs/include/px4_msgs/px4_msgs/msg/gimbal_manager_set_manual_control.h\n'}
[0.409124] (px4_msgs) StdoutLine: {'line': b'-- Up-to-date symlink: /home/lee/workspace/ros2_ex/install/px4_msgs/include/px4_msgs/px4_msgs/msg/gimbal_manager_status.h\n'}
[0.409156] (px4_msgs) StdoutLine: {'line': b'-- Up-to-date symlink: /home/lee/workspace/ros2_ex/install/px4_msgs/include/px4_msgs/px4_msgs/msg/goto_setpoint.h\n'}
[0.409189] (px4_msgs) StdoutLine: {'line': b'-- Up-to-date symlink: /home/lee/workspace/ros2_ex/install/px4_msgs/include/px4_msgs/px4_msgs/msg/gpio_config.h\n'}
[0.409221] (px4_msgs) StdoutLine: {'line': b'-- Up-to-date symlink: /home/lee/workspace/ros2_ex/install/px4_msgs/include/px4_msgs/px4_msgs/msg/gpio_in.h\n'}
[0.409251] (px4_msgs) StdoutLine: {'line': b'-- Up-to-date symlink: /home/lee/workspace/ros2_ex/install/px4_msgs/include/px4_msgs/px4_msgs/msg/gpio_out.h\n'}
[0.409285] (px4_msgs) StdoutLine: {'line': b'-- Up-to-date symlink: /home/lee/workspace/ros2_ex/install/px4_msgs/include/px4_msgs/px4_msgs/msg/gpio_request.h\n'}
[0.409317] (px4_msgs) StdoutLine: {'line': b'-- Up-to-date symlink: /home/lee/workspace/ros2_ex/install/px4_msgs/include/px4_msgs/px4_msgs/msg/gps_dump.h\n'}
[0.409348] (px4_msgs) StdoutLine: {'line': b'-- Up-to-date symlink: /home/lee/workspace/ros2_ex/install/px4_msgs/include/px4_msgs/px4_msgs/msg/gps_inject_data.h\n'}
[0.409379] (px4_msgs) StdoutLine: {'line': b'-- Up-to-date symlink: /home/lee/workspace/ros2_ex/install/px4_msgs/include/px4_msgs/px4_msgs/msg/gripper.h\n'}
[0.409411] (px4_msgs) StdoutLine: {'line': b'-- Up-to-date symlink: /home/lee/workspace/ros2_ex/install/px4_msgs/include/px4_msgs/px4_msgs/msg/health_report.h\n'}
[0.409441] (px4_msgs) StdoutLine: {'line': b'-- Up-to-date symlink: /home/lee/workspace/ros2_ex/install/px4_msgs/include/px4_msgs/px4_msgs/msg/heater_status.h\n'}
[0.409471] (px4_msgs) StdoutLine: {'line': b'-- Up-to-date symlink: /home/lee/workspace/ros2_ex/install/px4_msgs/include/px4_msgs/px4_msgs/msg/home_position.h\n'}
[0.409503] (px4_msgs) StdoutLine: {'line': b'-- Up-to-date symlink: /home/lee/workspace/ros2_ex/install/px4_msgs/include/px4_msgs/px4_msgs/msg/hover_thrust_estimate.h\n'}
[0.409534] (px4_msgs) StdoutLine: {'line': b'-- Up-to-date symlink: /home/lee/workspace/ros2_ex/install/px4_msgs/include/px4_msgs/px4_msgs/msg/input_rc.h\n'}
[0.409567] (px4_msgs) StdoutLine: {'line': b'-- Up-to-date symlink: /home/lee/workspace/ros2_ex/install/px4_msgs/include/px4_msgs/px4_msgs/msg/internal_combustion_engine_control.h\n'}
[0.409598] (px4_msgs) StdoutLine: {'line': b'-- Up-to-date symlink: /home/lee/workspace/ros2_ex/install/px4_msgs/include/px4_msgs/px4_msgs/msg/internal_combustion_engine_status.h\n'}
[0.409630] (px4_msgs) StdoutLine: {'line': b'-- Up-to-date symlink: /home/lee/workspace/ros2_ex/install/px4_msgs/include/px4_msgs/px4_msgs/msg/iridiumsbd_status.h\n'}
[0.409662] (px4_msgs) StdoutLine: {'line': b'-- Up-to-date symlink: /home/lee/workspace/ros2_ex/install/px4_msgs/include/px4_msgs/px4_msgs/msg/irlock_report.h\n'}
[0.409693] (px4_msgs) StdoutLine: {'line': b'-- Up-to-date symlink: /home/lee/workspace/ros2_ex/install/px4_msgs/include/px4_msgs/px4_msgs/msg/landing_gear.h\n'}
[0.409723] (px4_msgs) StdoutLine: {'line': b'-- Up-to-date symlink: /home/lee/workspace/ros2_ex/install/px4_msgs/include/px4_msgs/px4_msgs/msg/landing_gear_wheel.h\n'}
[0.409754] (px4_msgs) StdoutLine: {'line': b'-- Up-to-date symlink: /home/lee/workspace/ros2_ex/install/px4_msgs/include/px4_msgs/px4_msgs/msg/landing_target_innovations.h\n'}
[0.409785] (px4_msgs) StdoutLine: {'line': b'-- Up-to-date symlink: /home/lee/workspace/ros2_ex/install/px4_msgs/include/px4_msgs/px4_msgs/msg/landing_target_pose.h\n'}
[0.409818] (px4_msgs) StdoutLine: {'line': b'-- Up-to-date symlink: /home/lee/workspace/ros2_ex/install/px4_msgs/include/px4_msgs/px4_msgs/msg/lateral_control_configuration.h\n'}
[0.409849] (px4_msgs) StdoutLine: {'line': b'-- Up-to-date symlink: /home/lee/workspace/ros2_ex/install/px4_msgs/include/px4_msgs/px4_msgs/msg/launch_detection_status.h\n'}
[0.409880] (px4_msgs) StdoutLine: {'line': b'-- Up-to-date symlink: /home/lee/workspace/ros2_ex/install/px4_msgs/include/px4_msgs/px4_msgs/msg/led_control.h\n'}
[0.409911] (px4_msgs) StdoutLine: {'line': b'-- Up-to-date symlink: /home/lee/workspace/ros2_ex/install/px4_msgs/include/px4_msgs/px4_msgs/msg/log_message.h\n'}
[0.409942] (px4_msgs) StdoutLine: {'line': b'-- Up-to-date symlink: /home/lee/workspace/ros2_ex/install/px4_msgs/include/px4_msgs/px4_msgs/msg/logger_status.h\n'}
[0.409974] (px4_msgs) StdoutLine: {'line': b'-- Up-to-date symlink: /home/lee/workspace/ros2_ex/install/px4_msgs/include/px4_msgs/px4_msgs/msg/longitudinal_control_configuration.h\n'}
[0.410005] (px4_msgs) StdoutLine: {'line': b'-- Up-to-date symlink: /home/lee/workspace/ros2_ex/install/px4_msgs/include/px4_msgs/px4_msgs/msg/mag_worker_data.h\n'}
[0.410037] (px4_msgs) StdoutLine: {'line': b'-- Up-to-date symlink: /home/lee/workspace/ros2_ex/install/px4_msgs/include/px4_msgs/px4_msgs/msg/magnetometer_bias_estimate.h\n'}
[0.410067] (px4_msgs) StdoutLine: {'line': b'-- Up-to-date symlink: /home/lee/workspace/ros2_ex/install/px4_msgs/include/px4_msgs/px4_msgs/msg/manual_control_setpoint.h\n'}
[0.410098] (px4_msgs) StdoutLine: {'line': b'-- Up-to-date symlink: /home/lee/workspace/ros2_ex/install/px4_msgs/include/px4_msgs/px4_msgs/msg/manual_control_switches.h\n'}
[0.410130] (px4_msgs) StdoutLine: {'line': b'-- Up-to-date symlink: /home/lee/workspace/ros2_ex/install/px4_msgs/include/px4_msgs/px4_msgs/msg/mavlink_log.h\n'}
[0.410160] (px4_msgs) StdoutLine: {'line': b'-- Up-to-date symlink: /home/lee/workspace/ros2_ex/install/px4_msgs/include/px4_msgs/px4_msgs/msg/mavlink_tunnel.h\n'}
[0.410192] (px4_msgs) StdoutLine: {'line': b'-- Up-to-date symlink: /home/lee/workspace/ros2_ex/install/px4_msgs/include/px4_msgs/px4_msgs/msg/message_format_request.h\n'}
[0.410222] (px4_msgs) StdoutLine: {'line': b'-- Up-to-date symlink: /home/lee/workspace/ros2_ex/install/px4_msgs/include/px4_msgs/px4_msgs/msg/message_format_response.h\n'}
[0.410253] (px4_msgs) StdoutLine: {'line': b'-- Up-to-date symlink: /home/lee/workspace/ros2_ex/install/px4_msgs/include/px4_msgs/px4_msgs/msg/mission.h\n'}
[0.410287] (px4_msgs) StdoutLine: {'line': b'-- Up-to-date symlink: /home/lee/workspace/ros2_ex/install/px4_msgs/include/px4_msgs/px4_msgs/msg/mission_result.h\n'}
[0.410321] (px4_msgs) StdoutLine: {'line': b'-- Up-to-date symlink: /home/lee/workspace/ros2_ex/install/px4_msgs/include/px4_msgs/px4_msgs/msg/mode_completed.h\n'}
[0.410351] (px4_msgs) StdoutLine: {'line': b'-- Up-to-date symlink: /home/lee/workspace/ros2_ex/install/px4_msgs/include/px4_msgs/px4_msgs/msg/mount_orientation.h\n'}
[0.410383] (px4_msgs) StdoutLine: {'line': b'-- Up-to-date symlink: /home/lee/workspace/ros2_ex/install/px4_msgs/include/px4_msgs/px4_msgs/msg/navigator_mission_item.h\n'}
[0.410413] (px4_msgs) StdoutLine: {'line': b'-- Up-to-date symlink: /home/lee/workspace/ros2_ex/install/px4_msgs/include/px4_msgs/px4_msgs/msg/navigator_status.h\n'}
[0.410445] (px4_msgs) StdoutLine: {'line': b'-- Up-to-date symlink: /home/lee/workspace/ros2_ex/install/px4_msgs/include/px4_msgs/px4_msgs/msg/normalized_unsigned_setpoint.h\n'}
[0.410476] (px4_msgs) StdoutLine: {'line': b'-- Up-to-date symlink: /home/lee/workspace/ros2_ex/install/px4_msgs/include/px4_msgs/px4_msgs/msg/npfg_status.h\n'}
[0.410506] (px4_msgs) StdoutLine: {'line': b'-- Up-to-date symlink: /home/lee/workspace/ros2_ex/install/px4_msgs/include/px4_msgs/px4_msgs/msg/obstacle_distance.h\n'}
[0.410537] (px4_msgs) StdoutLine: {'line': b'-- Up-to-date symlink: /home/lee/workspace/ros2_ex/install/px4_msgs/include/px4_msgs/px4_msgs/msg/offboard_control_mode.h\n'}
[0.410564] (px4_msgs) StdoutLine: {'line': b'-- Up-to-date symlink: /home/lee/workspace/ros2_ex/install/px4_msgs/include/px4_msgs/px4_msgs/msg/onboard_computer_status.h\n'}
[0.410593] (px4_msgs) StdoutLine: {'line': b'-- Up-to-date symlink: /home/lee/workspace/ros2_ex/install/px4_msgs/include/px4_msgs/px4_msgs/msg/open_drone_id_arm_status.h\n'}
[0.410623] (px4_msgs) StdoutLine: {'line': b'-- Up-to-date symlink: /home/lee/workspace/ros2_ex/install/px4_msgs/include/px4_msgs/px4_msgs/msg/open_drone_id_operator_id.h\n'}
[0.410654] (px4_msgs) StdoutLine: {'line': b'-- Up-to-date symlink: /home/lee/workspace/ros2_ex/install/px4_msgs/include/px4_msgs/px4_msgs/msg/open_drone_id_self_id.h\n'}
[0.410685] (px4_msgs) StdoutLine: {'line': b'-- Up-to-date symlink: /home/lee/workspace/ros2_ex/install/px4_msgs/include/px4_msgs/px4_msgs/msg/open_drone_id_system.h\n'}
[0.410717] (px4_msgs) StdoutLine: {'line': b'-- Up-to-date symlink: /home/lee/workspace/ros2_ex/install/px4_msgs/include/px4_msgs/px4_msgs/msg/orb_test.h\n'}
[0.410747] (px4_msgs) StdoutLine: {'line': b'-- Up-to-date symlink: /home/lee/workspace/ros2_ex/install/px4_msgs/include/px4_msgs/px4_msgs/msg/orb_test_large.h\n'}
[0.410777] (px4_msgs) StdoutLine: {'line': b'-- Up-to-date symlink: /home/lee/workspace/ros2_ex/install/px4_msgs/include/px4_msgs/px4_msgs/msg/orb_test_medium.h\n'}
[0.410808] (px4_msgs) StdoutLine: {'line': b'-- Up-to-date symlink: /home/lee/workspace/ros2_ex/install/px4_msgs/include/px4_msgs/px4_msgs/msg/orbit_status.h\n'}
[0.410838] (px4_msgs) StdoutLine: {'line': b'-- Up-to-date symlink: /home/lee/workspace/ros2_ex/install/px4_msgs/include/px4_msgs/px4_msgs/msg/parameter_reset_request.h\n'}
[0.410867] (px4_msgs) StdoutLine: {'line': b'-- Up-to-date symlink: /home/lee/workspace/ros2_ex/install/px4_msgs/include/px4_msgs/px4_msgs/msg/parameter_set_used_request.h\n'}
[0.410899] (px4_msgs) StdoutLine: {'line': b'-- Up-to-date symlink: /home/lee/workspace/ros2_ex/install/px4_msgs/include/px4_msgs/px4_msgs/msg/parameter_set_value_request.h\n'}
[0.410931] (px4_msgs) StdoutLine: {'line': b'-- Up-to-date symlink: /home/lee/workspace/ros2_ex/install/px4_msgs/include/px4_msgs/px4_msgs/msg/parameter_set_value_response.h\n'}
[0.410961] (px4_msgs) StdoutLine: {'line': b'-- Up-to-date symlink: /home/lee/workspace/ros2_ex/install/px4_msgs/include/px4_msgs/px4_msgs/msg/parameter_update.h\n'}
[0.410992] (px4_msgs) StdoutLine: {'line': b'-- Up-to-date symlink: /home/lee/workspace/ros2_ex/install/px4_msgs/include/px4_msgs/px4_msgs/msg/ping.h\n'}
[0.411024] (px4_msgs) StdoutLine: {'line': b'-- Up-to-date symlink: /home/lee/workspace/ros2_ex/install/px4_msgs/include/px4_msgs/px4_msgs/msg/position_controller_landing_status.h\n'}
[0.411055] (px4_msgs) StdoutLine: {'line': b'-- Up-to-date symlink: /home/lee/workspace/ros2_ex/install/px4_msgs/include/px4_msgs/px4_msgs/msg/position_controller_status.h\n'}
[0.411084] (px4_msgs) StdoutLine: {'line': b'-- Up-to-date symlink: /home/lee/workspace/ros2_ex/install/px4_msgs/include/px4_msgs/px4_msgs/msg/position_setpoint.h\n'}
[0.411117] (px4_msgs) StdoutLine: {'line': b'-- Up-to-date symlink: /home/lee/workspace/ros2_ex/install/px4_msgs/include/px4_msgs/px4_msgs/msg/position_setpoint_triplet.h\n'}
[0.411148] (px4_msgs) StdoutLine: {'line': b'-- Up-to-date symlink: /home/lee/workspace/ros2_ex/install/px4_msgs/include/px4_msgs/px4_msgs/msg/power_button_state.h\n'}
[0.411179] (px4_msgs) StdoutLine: {'line': b'-- Up-to-date symlink: /home/lee/workspace/ros2_ex/install/px4_msgs/include/px4_msgs/px4_msgs/msg/power_monitor.h\n'}
[0.411211] (px4_msgs) StdoutLine: {'line': b'-- Up-to-date symlink: /home/lee/workspace/ros2_ex/install/px4_msgs/include/px4_msgs/px4_msgs/msg/pps_capture.h\n'}
[0.411242] (px4_msgs) StdoutLine: {'line': b'-- Up-to-date symlink: /home/lee/workspace/ros2_ex/install/px4_msgs/include/px4_msgs/px4_msgs/msg/pure_pursuit_status.h\n'}
[0.411273] (px4_msgs) StdoutLine: {'line': b'-- Up-to-date symlink: /home/lee/workspace/ros2_ex/install/px4_msgs/include/px4_msgs/px4_msgs/msg/pwm_input.h\n'}
[0.411308] (px4_msgs) StdoutLine: {'line': b'-- Up-to-date symlink: /home/lee/workspace/ros2_ex/install/px4_msgs/include/px4_msgs/px4_msgs/msg/px4io_status.h\n'}
[0.411341] (px4_msgs) StdoutLine: {'line': b'-- Up-to-date symlink: /home/lee/workspace/ros2_ex/install/px4_msgs/include/px4_msgs/px4_msgs/msg/qshell_req.h\n'}
[0.411370] (px4_msgs) StdoutLine: {'line': b'-- Up-to-date symlink: /home/lee/workspace/ros2_ex/install/px4_msgs/include/px4_msgs/px4_msgs/msg/qshell_retval.h\n'}
[0.411401] (px4_msgs) StdoutLine: {'line': b'-- Up-to-date symlink: /home/lee/workspace/ros2_ex/install/px4_msgs/include/px4_msgs/px4_msgs/msg/radio_status.h\n'}
[0.411432] (px4_msgs) StdoutLine: {'line': b'-- Up-to-date symlink: /home/lee/workspace/ros2_ex/install/px4_msgs/include/px4_msgs/px4_msgs/msg/rate_ctrl_status.h\n'}
[0.411464] (px4_msgs) StdoutLine: {'line': b'-- Up-to-date symlink: /home/lee/workspace/ros2_ex/install/px4_msgs/include/px4_msgs/px4_msgs/msg/rc_channels.h\n'}
[0.411496] (px4_msgs) StdoutLine: {'line': b'-- Up-to-date symlink: /home/lee/workspace/ros2_ex/install/px4_msgs/include/px4_msgs/px4_msgs/msg/rc_parameter_map.h\n'}
[0.411528] (px4_msgs) StdoutLine: {'line': b'-- Up-to-date symlink: /home/lee/workspace/ros2_ex/install/px4_msgs/include/px4_msgs/px4_msgs/msg/register_ext_component_reply.h\n'}
[0.411561] (px4_msgs) StdoutLine: {'line': b'-- Up-to-date symlink: /home/lee/workspace/ros2_ex/install/px4_msgs/include/px4_msgs/px4_msgs/msg/register_ext_component_request.h\n'}
[0.411594] (px4_msgs) StdoutLine: {'line': b'-- Up-to-date symlink: /home/lee/workspace/ros2_ex/install/px4_msgs/include/px4_msgs/px4_msgs/msg/rosidl_generator_c__visibility_control.h\n'}
[0.411628] (px4_msgs) StdoutLine: {'line': b'-- Up-to-date symlink: /home/lee/workspace/ros2_ex/install/px4_msgs/include/px4_msgs/px4_msgs/msg/rover_attitude_setpoint.h\n'}
[0.411661] (px4_msgs) StdoutLine: {'line': b'-- Up-to-date symlink: /home/lee/workspace/ros2_ex/install/px4_msgs/include/px4_msgs/px4_msgs/msg/rover_attitude_status.h\n'}
[0.411693] (px4_msgs) StdoutLine: {'line': b'-- Up-to-date symlink: /home/lee/workspace/ros2_ex/install/px4_msgs/include/px4_msgs/px4_msgs/msg/rover_position_setpoint.h\n'}
[0.411721] (px4_msgs) StdoutLine: {'line': b'-- Up-to-date symlink: /home/lee/workspace/ros2_ex/install/px4_msgs/include/px4_msgs/px4_msgs/msg/rover_rate_setpoint.h\n'}
[0.411755] (px4_msgs) StdoutLine: {'line': b'-- Up-to-date symlink: /home/lee/workspace/ros2_ex/install/px4_msgs/include/px4_msgs/px4_msgs/msg/rover_rate_status.h\n'}
[0.411793] (px4_msgs) StdoutLine: {'line': b'-- Up-to-date symlink: /home/lee/workspace/ros2_ex/install/px4_msgs/include/px4_msgs/px4_msgs/msg/rover_steering_setpoint.h\n'}
[0.411812] (px4_msgs) StdoutLine: {'line': b'-- Up-to-date symlink: /home/lee/workspace/ros2_ex/install/px4_msgs/include/px4_msgs/px4_msgs/msg/rover_throttle_setpoint.h\n'}
[0.411844] (px4_msgs) StdoutLine: {'line': b'-- Up-to-date symlink: /home/lee/workspace/ros2_ex/install/px4_msgs/include/px4_msgs/px4_msgs/msg/rover_velocity_setpoint.h\n'}
[0.411875] (px4_msgs) StdoutLine: {'line': b'-- Up-to-date symlink: /home/lee/workspace/ros2_ex/install/px4_msgs/include/px4_msgs/px4_msgs/msg/rover_velocity_status.h\n'}
[0.411909] (px4_msgs) StdoutLine: {'line': b'-- Up-to-date symlink: /home/lee/workspace/ros2_ex/install/px4_msgs/include/px4_msgs/px4_msgs/msg/rpm.h\n'}
[0.411941] (px4_msgs) StdoutLine: {'line': b'-- Up-to-date symlink: /home/lee/workspace/ros2_ex/install/px4_msgs/include/px4_msgs/px4_msgs/msg/rtl_status.h\n'}
[0.411968] (px4_msgs) StdoutLine: {'line': b'-- Up-to-date symlink: /home/lee/workspace/ros2_ex/install/px4_msgs/include/px4_msgs/px4_msgs/msg/rtl_time_estimate.h\n'}
[0.412000] (px4_msgs) StdoutLine: {'line': b'-- Up-to-date symlink: /home/lee/workspace/ros2_ex/install/px4_msgs/include/px4_msgs/px4_msgs/msg/satellite_info.h\n'}
[0.412028] (px4_msgs) StdoutLine: {'line': b'-- Up-to-date symlink: /home/lee/workspace/ros2_ex/install/px4_msgs/include/px4_msgs/px4_msgs/msg/sensor_accel.h\n'}
[0.412055] (px4_msgs) StdoutLine: {'line': b'-- Up-to-date symlink: /home/lee/workspace/ros2_ex/install/px4_msgs/include/px4_msgs/px4_msgs/msg/sensor_accel_fifo.h\n'}
[0.412082] (px4_msgs) StdoutLine: {'line': b'-- Up-to-date symlink: /home/lee/workspace/ros2_ex/install/px4_msgs/include/px4_msgs/px4_msgs/msg/sensor_airflow.h\n'}
[0.412111] (px4_msgs) StdoutLine: {'line': b'-- Up-to-date symlink: /home/lee/workspace/ros2_ex/install/px4_msgs/include/px4_msgs/px4_msgs/msg/sensor_baro.h\n'}
[0.412142] (px4_msgs) StdoutLine: {'line': b'-- Up-to-date symlink: /home/lee/workspace/ros2_ex/install/px4_msgs/include/px4_msgs/px4_msgs/msg/sensor_combined.h\n'}
[0.412174] (px4_msgs) StdoutLine: {'line': b'-- Up-to-date symlink: /home/lee/workspace/ros2_ex/install/px4_msgs/include/px4_msgs/px4_msgs/msg/sensor_correction.h\n'}
[0.412205] (px4_msgs) StdoutLine: {'line': b'-- Up-to-date symlink: /home/lee/workspace/ros2_ex/install/px4_msgs/include/px4_msgs/px4_msgs/msg/sensor_gnss_relative.h\n'}
[0.412236] (px4_msgs) StdoutLine: {'line': b'-- Up-to-date symlink: /home/lee/workspace/ros2_ex/install/px4_msgs/include/px4_msgs/px4_msgs/msg/sensor_gps.h\n'}
[0.412263] (px4_msgs) StdoutLine: {'line': b'-- Up-to-date symlink: /home/lee/workspace/ros2_ex/install/px4_msgs/include/px4_msgs/px4_msgs/msg/sensor_gyro.h\n'}
[0.412295] (px4_msgs) StdoutLine: {'line': b'-- Up-to-date symlink: /home/lee/workspace/ros2_ex/install/px4_msgs/include/px4_msgs/px4_msgs/msg/sensor_gyro_fft.h\n'}
[0.412323] (px4_msgs) StdoutLine: {'line': b'-- Up-to-date symlink: /home/lee/workspace/ros2_ex/install/px4_msgs/include/px4_msgs/px4_msgs/msg/sensor_gyro_fifo.h\n'}
[0.412355] (px4_msgs) StdoutLine: {'line': b'-- Up-to-date symlink: /home/lee/workspace/ros2_ex/install/px4_msgs/include/px4_msgs/px4_msgs/msg/sensor_hygrometer.h\n'}
[0.412386] (px4_msgs) StdoutLine: {'line': b'-- Up-to-date symlink: /home/lee/workspace/ros2_ex/install/px4_msgs/include/px4_msgs/px4_msgs/msg/sensor_mag.h\n'}
[0.412415] (px4_msgs) StdoutLine: {'line': b'-- Up-to-date symlink: /home/lee/workspace/ros2_ex/install/px4_msgs/include/px4_msgs/px4_msgs/msg/sensor_optical_flow.h\n'}
[0.412447] (px4_msgs) StdoutLine: {'line': b'-- Up-to-date symlink: /home/lee/workspace/ros2_ex/install/px4_msgs/include/px4_msgs/px4_msgs/msg/sensor_preflight_mag.h\n'}
[0.412476] (px4_msgs) StdoutLine: {'line': b'-- Up-to-date symlink: /home/lee/workspace/ros2_ex/install/px4_msgs/include/px4_msgs/px4_msgs/msg/sensor_selection.h\n'}
[0.412508] (px4_msgs) StdoutLine: {'line': b'-- Up-to-date symlink: /home/lee/workspace/ros2_ex/install/px4_msgs/include/px4_msgs/px4_msgs/msg/sensor_uwb.h\n'}
[0.412539] (px4_msgs) StdoutLine: {'line': b'-- Up-to-date symlink: /home/lee/workspace/ros2_ex/install/px4_msgs/include/px4_msgs/px4_msgs/msg/sensors_status.h\n'}
[0.412568] (px4_msgs) StdoutLine: {'line': b'-- Up-to-date symlink: /home/lee/workspace/ros2_ex/install/px4_msgs/include/px4_msgs/px4_msgs/msg/sensors_status_imu.h\n'}
[0.412598] (px4_msgs) StdoutLine: {'line': b'-- Up-to-date symlink: /home/lee/workspace/ros2_ex/install/px4_msgs/include/px4_msgs/px4_msgs/msg/system_power.h\n'}
[0.412629] (px4_msgs) StdoutLine: {'line': b'-- Up-to-date symlink: /home/lee/workspace/ros2_ex/install/px4_msgs/include/px4_msgs/px4_msgs/msg/takeoff_status.h\n'}
[0.412658] (px4_msgs) StdoutLine: {'line': b'-- Up-to-date symlink: /home/lee/workspace/ros2_ex/install/px4_msgs/include/px4_msgs/px4_msgs/msg/task_stack_info.h\n'}
[0.412688] (px4_msgs) StdoutLine: {'line': b'-- Up-to-date symlink: /home/lee/workspace/ros2_ex/install/px4_msgs/include/px4_msgs/px4_msgs/msg/tecs_status.h\n'}
[0.412720] (px4_msgs) StdoutLine: {'line': b'-- Up-to-date symlink: /home/lee/workspace/ros2_ex/install/px4_msgs/include/px4_msgs/px4_msgs/msg/telemetry_status.h\n'}
[0.412756] (px4_msgs) StdoutLine: {'line': b'-- Up-to-date symlink: /home/lee/workspace/ros2_ex/install/px4_msgs/include/px4_msgs/px4_msgs/msg/tiltrotor_extra_controls.h\n'}
[0.412787] (px4_msgs) StdoutLine: {'line': b'-- Up-to-date symlink: /home/lee/workspace/ros2_ex/install/px4_msgs/include/px4_msgs/px4_msgs/msg/timesync_status.h\n'}
[0.412823] (px4_msgs) StdoutLine: {'line': b'-- Up-to-date symlink: /home/lee/workspace/ros2_ex/install/px4_msgs/include/px4_msgs/px4_msgs/msg/trajectory_bezier.h\n'}
[0.412856] (px4_msgs) StdoutLine: {'line': b'-- Up-to-date symlink: /home/lee/workspace/ros2_ex/install/px4_msgs/include/px4_msgs/px4_msgs/msg/trajectory_setpoint.h\n'}
[0.412889] (px4_msgs) StdoutLine: {'line': b'-- Up-to-date symlink: /home/lee/workspace/ros2_ex/install/px4_msgs/include/px4_msgs/px4_msgs/msg/trajectory_setpoint6dof.h\n'}
[0.412926] (px4_msgs) StdoutLine: {'line': b'-- Up-to-date symlink: /home/lee/workspace/ros2_ex/install/px4_msgs/include/px4_msgs/px4_msgs/msg/trajectory_waypoint.h\n'}
[0.412945] (px4_msgs) StdoutLine: {'line': b'-- Up-to-date symlink: /home/lee/workspace/ros2_ex/install/px4_msgs/include/px4_msgs/px4_msgs/msg/transponder_report.h\n'}
[0.412977] (px4_msgs) StdoutLine: {'line': b'-- Up-to-date symlink: /home/lee/workspace/ros2_ex/install/px4_msgs/include/px4_msgs/px4_msgs/msg/tune_control.h\n'}
[0.413009] (px4_msgs) StdoutLine: {'line': b'-- Up-to-date symlink: /home/lee/workspace/ros2_ex/install/px4_msgs/include/px4_msgs/px4_msgs/msg/uavcan_parameter_request.h\n'}
[0.413046] (px4_msgs) StdoutLine: {'line': b'-- Up-to-date symlink: /home/lee/workspace/ros2_ex/install/px4_msgs/include/px4_msgs/px4_msgs/msg/uavcan_parameter_value.h\n'}
[0.413065] (px4_msgs) StdoutLine: {'line': b'-- Up-to-date symlink: /home/lee/workspace/ros2_ex/install/px4_msgs/include/px4_msgs/px4_msgs/msg/ulog_stream.h\n'}
[0.413097] (px4_msgs) StdoutLine: {'line': b'-- Up-to-date symlink: /home/lee/workspace/ros2_ex/install/px4_msgs/include/px4_msgs/px4_msgs/msg/ulog_stream_ack.h\n'}
[0.413129] (px4_msgs) StdoutLine: {'line': b'-- Up-to-date symlink: /home/lee/workspace/ros2_ex/install/px4_msgs/include/px4_msgs/px4_msgs/msg/unregister_ext_component.h\n'}
[0.413157] (px4_msgs) StdoutLine: {'line': b'-- Up-to-date symlink: /home/lee/workspace/ros2_ex/install/px4_msgs/include/px4_msgs/px4_msgs/msg/vehicle_acceleration.h\n'}
[0.413189] (px4_msgs) StdoutLine: {'line': b'-- Up-to-date symlink: /home/lee/workspace/ros2_ex/install/px4_msgs/include/px4_msgs/px4_msgs/msg/vehicle_air_data.h\n'}
[0.413221] (px4_msgs) StdoutLine: {'line': b'-- Up-to-date symlink: /home/lee/workspace/ros2_ex/install/px4_msgs/include/px4_msgs/px4_msgs/msg/vehicle_angular_acceleration_setpoint.h\n'}
[0.413260] (px4_msgs) StdoutLine: {'line': b'-- Up-to-date symlink: /home/lee/workspace/ros2_ex/install/px4_msgs/include/px4_msgs/px4_msgs/msg/vehicle_angular_velocity.h\n'}
[0.413281] (px4_msgs) StdoutLine: {'line': b'-- Up-to-date symlink: /home/lee/workspace/ros2_ex/install/px4_msgs/include/px4_msgs/px4_msgs/msg/vehicle_attitude.h\n'}
[0.413314] (px4_msgs) StdoutLine: {'line': b'-- Up-to-date symlink: /home/lee/workspace/ros2_ex/install/px4_msgs/include/px4_msgs/px4_msgs/msg/vehicle_attitude_setpoint.h\n'}
[0.413341] (px4_msgs) StdoutLine: {'line': b'-- Up-to-date symlink: /home/lee/workspace/ros2_ex/install/px4_msgs/include/px4_msgs/px4_msgs/msg/vehicle_command.h\n'}
[0.413373] (px4_msgs) StdoutLine: {'line': b'-- Up-to-date symlink: /home/lee/workspace/ros2_ex/install/px4_msgs/include/px4_msgs/px4_msgs/msg/vehicle_command_ack.h\n'}
[0.413406] (px4_msgs) StdoutLine: {'line': b'-- Up-to-date symlink: /home/lee/workspace/ros2_ex/install/px4_msgs/include/px4_msgs/px4_msgs/msg/vehicle_constraints.h\n'}
[0.413432] (px4_msgs) StdoutLine: {'line': b'-- Up-to-date symlink: /home/lee/workspace/ros2_ex/install/px4_msgs/include/px4_msgs/px4_msgs/msg/vehicle_control_mode.h\n'}
[0.413463] (px4_msgs) StdoutLine: {'line': b'-- Up-to-date symlink: /home/lee/workspace/ros2_ex/install/px4_msgs/include/px4_msgs/px4_msgs/msg/vehicle_global_position.h\n'}
[0.413496] (px4_msgs) StdoutLine: {'line': b'-- Up-to-date symlink: /home/lee/workspace/ros2_ex/install/px4_msgs/include/px4_msgs/px4_msgs/msg/vehicle_imu.h\n'}
[0.413534] (px4_msgs) StdoutLine: {'line': b'-- Up-to-date symlink: /home/lee/workspace/ros2_ex/install/px4_msgs/include/px4_msgs/px4_msgs/msg/vehicle_imu_status.h\n'}
[0.413552] (px4_msgs) StdoutLine: {'line': b'-- Up-to-date symlink: /home/lee/workspace/ros2_ex/install/px4_msgs/include/px4_msgs/px4_msgs/msg/vehicle_land_detected.h\n'}
[0.413580] (px4_msgs) StdoutLine: {'line': b'-- Up-to-date symlink: /home/lee/workspace/ros2_ex/install/px4_msgs/include/px4_msgs/px4_msgs/msg/vehicle_local_position.h\n'}
[0.413607] (px4_msgs) StdoutLine: {'line': b'-- Up-to-date symlink: /home/lee/workspace/ros2_ex/install/px4_msgs/include/px4_msgs/px4_msgs/msg/vehicle_local_position_setpoint.h\n'}
[0.413638] (px4_msgs) StdoutLine: {'line': b'-- Up-to-date symlink: /home/lee/workspace/ros2_ex/install/px4_msgs/include/px4_msgs/px4_msgs/msg/vehicle_magnetometer.h\n'}
[0.413671] (px4_msgs) StdoutLine: {'line': b'-- Up-to-date symlink: /home/lee/workspace/ros2_ex/install/px4_msgs/include/px4_msgs/px4_msgs/msg/vehicle_odometry.h\n'}
[0.413703] (px4_msgs) StdoutLine: {'line': b'-- Up-to-date symlink: /home/lee/workspace/ros2_ex/install/px4_msgs/include/px4_msgs/px4_msgs/msg/vehicle_optical_flow.h\n'}
[0.413736] (px4_msgs) StdoutLine: {'line': b'-- Up-to-date symlink: /home/lee/workspace/ros2_ex/install/px4_msgs/include/px4_msgs/px4_msgs/msg/vehicle_optical_flow_vel.h\n'}
[0.413767] (px4_msgs) StdoutLine: {'line': b'-- Up-to-date symlink: /home/lee/workspace/ros2_ex/install/px4_msgs/include/px4_msgs/px4_msgs/msg/vehicle_rates_setpoint.h\n'}
[0.413794] (px4_msgs) StdoutLine: {'line': b'-- Up-to-date symlink: /home/lee/workspace/ros2_ex/install/px4_msgs/include/px4_msgs/px4_msgs/msg/vehicle_roi.h\n'}
[0.413827] (px4_msgs) StdoutLine: {'line': b'-- Up-to-date symlink: /home/lee/workspace/ros2_ex/install/px4_msgs/include/px4_msgs/px4_msgs/msg/vehicle_status.h\n'}
[0.413861] (px4_msgs) StdoutLine: {'line': b'-- Up-to-date symlink: /home/lee/workspace/ros2_ex/install/px4_msgs/include/px4_msgs/px4_msgs/msg/vehicle_thrust_setpoint.h\n'}
[0.413899] (px4_msgs) StdoutLine: {'line': b'-- Up-to-date symlink: /home/lee/workspace/ros2_ex/install/px4_msgs/include/px4_msgs/px4_msgs/msg/vehicle_torque_setpoint.h\n'}
[0.413917] (px4_msgs) StdoutLine: {'line': b'-- Up-to-date symlink: /home/lee/workspace/ros2_ex/install/px4_msgs/include/px4_msgs/px4_msgs/msg/vehicle_trajectory_bezier.h\n'}
[0.413950] (px4_msgs) StdoutLine: {'line': b'-- Up-to-date symlink: /home/lee/workspace/ros2_ex/install/px4_msgs/include/px4_msgs/px4_msgs/msg/vehicle_trajectory_waypoint.h\n'}
[0.413977] (px4_msgs) StdoutLine: {'line': b'-- Up-to-date symlink: /home/lee/workspace/ros2_ex/install/px4_msgs/include/px4_msgs/px4_msgs/msg/velocity_limits.h\n'}
[0.414009] (px4_msgs) StdoutLine: {'line': b'-- Up-to-date symlink: /home/lee/workspace/ros2_ex/install/px4_msgs/include/px4_msgs/px4_msgs/msg/vtol_vehicle_status.h\n'}
[0.414041] (px4_msgs) StdoutLine: {'line': b'-- Up-to-date symlink: /home/lee/workspace/ros2_ex/install/px4_msgs/include/px4_msgs/px4_msgs/msg/wheel_encoders.h\n'}
[0.414068] (px4_msgs) StdoutLine: {'line': b'-- Up-to-date symlink: /home/lee/workspace/ros2_ex/install/px4_msgs/include/px4_msgs/px4_msgs/msg/wind.h\n'}
[0.414100] (px4_msgs) StdoutLine: {'line': b'-- Up-to-date symlink: /home/lee/workspace/ros2_ex/install/px4_msgs/include/px4_msgs/px4_msgs/msg/yaw_estimator_status.h\n'}
[0.414133] (px4_msgs) StdoutLine: {'line': b'-- Up-to-date symlink: /home/lee/workspace/ros2_ex/install/px4_msgs/include/px4_msgs/px4_msgs/srv/detail/vehicle_command__functions.h\n'}
[0.414166] (px4_msgs) StdoutLine: {'line': b'-- Up-to-date symlink: /home/lee/workspace/ros2_ex/install/px4_msgs/include/px4_msgs/px4_msgs/srv/detail/vehicle_command__struct.h\n'}
[0.414199] (px4_msgs) StdoutLine: {'line': b'-- Up-to-date symlink: /home/lee/workspace/ros2_ex/install/px4_msgs/include/px4_msgs/px4_msgs/srv/detail/vehicle_command__type_support.h\n'}
[0.414226] (px4_msgs) StdoutLine: {'line': b'-- Up-to-date symlink: /home/lee/workspace/ros2_ex/install/px4_msgs/include/px4_msgs/px4_msgs/srv/vehicle_command.h\n'}
[0.414301] (px4_msgs) StdoutLine: {'line': b'-- Up-to-date symlink: /home/lee/workspace/ros2_ex/install/px4_msgs/share/px4_msgs/environment/library_path.sh\n'}
[0.414357] (px4_msgs) StdoutLine: {'line': b'-- Up-to-date symlink: /home/lee/workspace/ros2_ex/install/px4_msgs/share/px4_msgs/environment/library_path.dsv\n'}
[0.416867] (px4_msgs) StdoutLine: {'line': b'-- Up-to-date symlink: /home/lee/workspace/ros2_ex/install/px4_msgs/include/px4_msgs/px4_msgs/msg/detail/action_request__rosidl_typesupport_fastrtps_c.h\n'}
[0.416905] (px4_msgs) StdoutLine: {'line': b'-- Up-to-date symlink: /home/lee/workspace/ros2_ex/install/px4_msgs/include/px4_msgs/px4_msgs/msg/detail/actuator_armed__rosidl_typesupport_fastrtps_c.h\n'}
[0.416940] (px4_msgs) StdoutLine: {'line': b'-- Up-to-date symlink: /home/lee/workspace/ros2_ex/install/px4_msgs/include/px4_msgs/px4_msgs/msg/detail/actuator_controls_status__rosidl_typesupport_fastrtps_c.h\n'}
[0.416968] (px4_msgs) StdoutLine: {'line': b'-- Up-to-date symlink: /home/lee/workspace/ros2_ex/install/px4_msgs/include/px4_msgs/px4_msgs/msg/detail/actuator_motors__rosidl_typesupport_fastrtps_c.h\n'}
[0.416997] (px4_msgs) StdoutLine: {'line': b'-- Up-to-date symlink: /home/lee/workspace/ros2_ex/install/px4_msgs/include/px4_msgs/px4_msgs/msg/detail/actuator_outputs__rosidl_typesupport_fastrtps_c.h\n'}
[0.417028] (px4_msgs) StdoutLine: {'line': b'-- Up-to-date symlink: /home/lee/workspace/ros2_ex/install/px4_msgs/include/px4_msgs/px4_msgs/msg/detail/actuator_servos__rosidl_typesupport_fastrtps_c.h\n'}
[0.417063] (px4_msgs) StdoutLine: {'line': b'-- Up-to-date symlink: /home/lee/workspace/ros2_ex/install/px4_msgs/include/px4_msgs/px4_msgs/msg/detail/actuator_servos_trim__rosidl_typesupport_fastrtps_c.h\n'}
[0.417096] (px4_msgs) StdoutLine: {'line': b'-- Up-to-date symlink: /home/lee/workspace/ros2_ex/install/px4_msgs/include/px4_msgs/px4_msgs/msg/detail/actuator_test__rosidl_typesupport_fastrtps_c.h\n'}
[0.417129] (px4_msgs) StdoutLine: {'line': b'-- Up-to-date symlink: /home/lee/workspace/ros2_ex/install/px4_msgs/include/px4_msgs/px4_msgs/msg/detail/adc_report__rosidl_typesupport_fastrtps_c.h\n'}
[0.417163] (px4_msgs) StdoutLine: {'line': b'-- Up-to-date symlink: /home/lee/workspace/ros2_ex/install/px4_msgs/include/px4_msgs/px4_msgs/msg/detail/airspeed__rosidl_typesupport_fastrtps_c.h\n'}
[0.417197] (px4_msgs) StdoutLine: {'line': b'-- Up-to-date symlink: /home/lee/workspace/ros2_ex/install/px4_msgs/include/px4_msgs/px4_msgs/msg/detail/airspeed_validated__rosidl_typesupport_fastrtps_c.h\n'}
[0.417230] (px4_msgs) StdoutLine: {'line': b'-- Up-to-date symlink: /home/lee/workspace/ros2_ex/install/px4_msgs/include/px4_msgs/px4_msgs/msg/detail/airspeed_wind__rosidl_typesupport_fastrtps_c.h\n'}
[0.417263] (px4_msgs) StdoutLine: {'line': b'-- Up-to-date symlink: /home/lee/workspace/ros2_ex/install/px4_msgs/include/px4_msgs/px4_msgs/msg/detail/arming_check_reply__rosidl_typesupport_fastrtps_c.h\n'}
[0.417295] (px4_msgs) StdoutLine: {'line': b'-- Up-to-date symlink: /home/lee/workspace/ros2_ex/install/px4_msgs/include/px4_msgs/px4_msgs/msg/detail/arming_check_request__rosidl_typesupport_fastrtps_c.h\n'}
[0.417331] (px4_msgs) StdoutLine: {'line': b'-- Up-to-date symlink: /home/lee/workspace/ros2_ex/install/px4_msgs/include/px4_msgs/px4_msgs/msg/detail/autotune_attitude_control_status__rosidl_typesupport_fastrtps_c.h\n'}
[0.417363] (px4_msgs) StdoutLine: {'line': b'-- Up-to-date symlink: /home/lee/workspace/ros2_ex/install/px4_msgs/include/px4_msgs/px4_msgs/msg/detail/battery_info__rosidl_typesupport_fastrtps_c.h\n'}
[0.417396] (px4_msgs) StdoutLine: {'line': b'-- Up-to-date symlink: /home/lee/workspace/ros2_ex/install/px4_msgs/include/px4_msgs/px4_msgs/msg/detail/battery_status__rosidl_typesupport_fastrtps_c.h\n'}
[0.417429] (px4_msgs) StdoutLine: {'line': b'-- Up-to-date symlink: /home/lee/workspace/ros2_ex/install/px4_msgs/include/px4_msgs/px4_msgs/msg/detail/button_event__rosidl_typesupport_fastrtps_c.h\n'}
[0.417459] (px4_msgs) StdoutLine: {'line': b'-- Up-to-date symlink: /home/lee/workspace/ros2_ex/install/px4_msgs/include/px4_msgs/px4_msgs/msg/detail/camera_capture__rosidl_typesupport_fastrtps_c.h\n'}
[0.417490] (px4_msgs) StdoutLine: {'line': b'-- Up-to-date symlink: /home/lee/workspace/ros2_ex/install/px4_msgs/include/px4_msgs/px4_msgs/msg/detail/camera_status__rosidl_typesupport_fastrtps_c.h\n'}
[0.417524] (px4_msgs) StdoutLine: {'line': b'-- Up-to-date symlink: /home/lee/workspace/ros2_ex/install/px4_msgs/include/px4_msgs/px4_msgs/msg/detail/camera_trigger__rosidl_typesupport_fastrtps_c.h\n'}
[0.417572] (px4_msgs) StdoutLine: {'line': b'-- Up-to-date symlink: /home/lee/workspace/ros2_ex/install/px4_msgs/include/px4_msgs/px4_msgs/msg/detail/can_interface_status__rosidl_typesupport_fastrtps_c.h\n'}
[0.417610] (px4_msgs) StdoutLine: {'line': b'-- Up-to-date symlink: /home/lee/workspace/ros2_ex/install/px4_msgs/include/px4_msgs/px4_msgs/msg/detail/cellular_status__rosidl_typesupport_fastrtps_c.h\n'}
[0.417645] (px4_msgs) StdoutLine: {'line': b'-- Up-to-date symlink: /home/lee/workspace/ros2_ex/install/px4_msgs/include/px4_msgs/px4_msgs/msg/detail/collision_constraints__rosidl_typesupport_fastrtps_c.h\n'}
[0.417679] (px4_msgs) StdoutLine: {'line': b'-- Up-to-date symlink: /home/lee/workspace/ros2_ex/install/px4_msgs/include/px4_msgs/px4_msgs/msg/detail/collision_report__rosidl_typesupport_fastrtps_c.h\n'}
[0.417720] (px4_msgs) StdoutLine: {'line': b'-- Up-to-date symlink: /home/lee/workspace/ros2_ex/install/px4_msgs/include/px4_msgs/px4_msgs/msg/detail/config_overrides__rosidl_typesupport_fastrtps_c.h\n'}
[0.417740] (px4_msgs) StdoutLine: {'line': b'-- Up-to-date symlink: /home/lee/workspace/ros2_ex/install/px4_msgs/include/px4_msgs/px4_msgs/msg/detail/control_allocator_status__rosidl_typesupport_fastrtps_c.h\n'}
[0.417779] (px4_msgs) StdoutLine: {'line': b'-- Up-to-date symlink: /home/lee/workspace/ros2_ex/install/px4_msgs/include/px4_msgs/px4_msgs/msg/detail/cpuload__rosidl_typesupport_fastrtps_c.h\n'}
[0.417799] (px4_msgs) StdoutLine: {'line': b'-- Up-to-date symlink: /home/lee/workspace/ros2_ex/install/px4_msgs/include/px4_msgs/px4_msgs/msg/detail/dataman_request__rosidl_typesupport_fastrtps_c.h\n'}
[0.417834] (px4_msgs) StdoutLine: {'line': b'-- Up-to-date symlink: /home/lee/workspace/ros2_ex/install/px4_msgs/include/px4_msgs/px4_msgs/msg/detail/dataman_response__rosidl_typesupport_fastrtps_c.h\n'}
[0.417874] (px4_msgs) StdoutLine: {'line': b'-- Up-to-date symlink: /home/lee/workspace/ros2_ex/install/px4_msgs/include/px4_msgs/px4_msgs/msg/detail/debug_array__rosidl_typesupport_fastrtps_c.h\n'}
[0.417898] (px4_msgs) StdoutLine: {'line': b'-- Up-to-date symlink: /home/lee/workspace/ros2_ex/install/px4_msgs/include/px4_msgs/px4_msgs/msg/detail/debug_key_value__rosidl_typesupport_fastrtps_c.h\n'}
[0.417936] (px4_msgs) StdoutLine: {'line': b'-- Up-to-date symlink: /home/lee/workspace/ros2_ex/install/px4_msgs/include/px4_msgs/px4_msgs/msg/detail/debug_value__rosidl_typesupport_fastrtps_c.h\n'}
[0.417956] (px4_msgs) StdoutLine: {'line': b'-- Up-to-date symlink: /home/lee/workspace/ros2_ex/install/px4_msgs/include/px4_msgs/px4_msgs/msg/detail/debug_vect__rosidl_typesupport_fastrtps_c.h\n'}
[0.417988] (px4_msgs) StdoutLine: {'line': b'-- Up-to-date symlink: /home/lee/workspace/ros2_ex/install/px4_msgs/include/px4_msgs/px4_msgs/msg/detail/differential_pressure__rosidl_typesupport_fastrtps_c.h\n'}
[0.418016] (px4_msgs) StdoutLine: {'line': b'-- Up-to-date symlink: /home/lee/workspace/ros2_ex/install/px4_msgs/include/px4_msgs/px4_msgs/msg/detail/distance_sensor__rosidl_typesupport_fastrtps_c.h\n'}
[0.418042] (px4_msgs) StdoutLine: {'line': b'-- Up-to-date symlink: /home/lee/workspace/ros2_ex/install/px4_msgs/include/px4_msgs/px4_msgs/msg/detail/distance_sensor_mode_change_request__rosidl_typesupport_fastrtps_c.h\n'}
[0.418073] (px4_msgs) StdoutLine: {'line': b'-- Up-to-date symlink: /home/lee/workspace/ros2_ex/install/px4_msgs/include/px4_msgs/px4_msgs/msg/detail/dronecan_node_status__rosidl_typesupport_fastrtps_c.h\n'}
[0.418104] (px4_msgs) StdoutLine: {'line': b'-- Up-to-date symlink: /home/lee/workspace/ros2_ex/install/px4_msgs/include/px4_msgs/px4_msgs/msg/detail/ekf2_timestamps__rosidl_typesupport_fastrtps_c.h\n'}
[0.418136] (px4_msgs) StdoutLine: {'line': b'-- Up-to-date symlink: /home/lee/workspace/ros2_ex/install/px4_msgs/include/px4_msgs/px4_msgs/msg/detail/esc_report__rosidl_typesupport_fastrtps_c.h\n'}
[0.418168] (px4_msgs) StdoutLine: {'line': b'-- Up-to-date symlink: /home/lee/workspace/ros2_ex/install/px4_msgs/include/px4_msgs/px4_msgs/msg/detail/esc_status__rosidl_typesupport_fastrtps_c.h\n'}
[0.418202] (px4_msgs) StdoutLine: {'line': b'-- Up-to-date symlink: /home/lee/workspace/ros2_ex/install/px4_msgs/include/px4_msgs/px4_msgs/msg/detail/estimator_aid_source1d__rosidl_typesupport_fastrtps_c.h\n'}
[0.418234] (px4_msgs) StdoutLine: {'line': b'-- Up-to-date symlink: /home/lee/workspace/ros2_ex/install/px4_msgs/include/px4_msgs/px4_msgs/msg/detail/estimator_aid_source2d__rosidl_typesupport_fastrtps_c.h\n'}
[0.418266] (px4_msgs) StdoutLine: {'line': b'-- Up-to-date symlink: /home/lee/workspace/ros2_ex/install/px4_msgs/include/px4_msgs/px4_msgs/msg/detail/estimator_aid_source3d__rosidl_typesupport_fastrtps_c.h\n'}
[0.418302] (px4_msgs) StdoutLine: {'line': b'-- Up-to-date symlink: /home/lee/workspace/ros2_ex/install/px4_msgs/include/px4_msgs/px4_msgs/msg/detail/estimator_bias3d__rosidl_typesupport_fastrtps_c.h\n'}
[0.418335] (px4_msgs) StdoutLine: {'line': b'-- Up-to-date symlink: /home/lee/workspace/ros2_ex/install/px4_msgs/include/px4_msgs/px4_msgs/msg/detail/estimator_bias__rosidl_typesupport_fastrtps_c.h\n'}
[0.418378] (px4_msgs) StdoutLine: {'line': b'-- Up-to-date symlink: /home/lee/workspace/ros2_ex/install/px4_msgs/include/px4_msgs/px4_msgs/msg/detail/estimator_event_flags__rosidl_typesupport_fastrtps_c.h\n'}
[0.418463] (px4_msgs) StdoutLine: {'line': b'-- Up-to-date symlink: /home/lee/workspace/ros2_ex/install/px4_msgs/include/px4_msgs/px4_msgs/msg/detail/estimator_gps_status__rosidl_typesupport_fastrtps_c.h\n'}
[0.418638] (px4_msgs) StdoutLine: {'line': b'-- Up-to-date symlink: /home/lee/workspace/ros2_ex/install/px4_msgs/include/px4_msgs/px4_msgs/msg/detail/estimator_innovations__rosidl_typesupport_fastrtps_c.h\n'}
[0.418698] (px4_msgs) StdoutLine: {'line': b'-- Up-to-date symlink: /home/lee/workspace/ros2_ex/install/px4_msgs/include/px4_msgs/px4_msgs/msg/detail/estimator_selector_status__rosidl_typesupport_fastrtps_c.h\n'}
[0.418743] (px4_msgs) StdoutLine: {'line': b'-- Up-to-date symlink: /home/lee/workspace/ros2_ex/install/px4_msgs/include/px4_msgs/px4_msgs/msg/detail/estimator_sensor_bias__rosidl_typesupport_fastrtps_c.h\n'}
[0.418791] (px4_msgs) StdoutLine: {'line': b'-- Up-to-date symlink: /home/lee/workspace/ros2_ex/install/px4_msgs/include/px4_msgs/px4_msgs/msg/detail/estimator_states__rosidl_typesupport_fastrtps_c.h\n'}
[0.418837] (px4_msgs) StdoutLine: {'line': b'-- Up-to-date symlink: /home/lee/workspace/ros2_ex/install/px4_msgs/include/px4_msgs/px4_msgs/msg/detail/estimator_status__rosidl_typesupport_fastrtps_c.h\n'}
[0.418881] (px4_msgs) StdoutLine: {'line': b'-- Up-to-date symlink: /home/lee/workspace/ros2_ex/install/px4_msgs/include/px4_msgs/px4_msgs/msg/detail/estimator_status_flags__rosidl_typesupport_fastrtps_c.h\n'}
[0.418924] (px4_msgs) StdoutLine: {'line': b'-- Up-to-date symlink: /home/lee/workspace/ros2_ex/install/px4_msgs/include/px4_msgs/px4_msgs/msg/detail/event__rosidl_typesupport_fastrtps_c.h\n'}
[0.418992] (px4_msgs) StdoutLine: {'line': b'-- Up-to-date symlink: /home/lee/workspace/ros2_ex/install/px4_msgs/include/px4_msgs/px4_msgs/msg/detail/failsafe_flags__rosidl_typesupport_fastrtps_c.h\n'}
[0.419038] (px4_msgs) StdoutLine: {'line': b'-- Up-to-date symlink: /home/lee/workspace/ros2_ex/install/px4_msgs/include/px4_msgs/px4_msgs/msg/detail/failure_detector_status__rosidl_typesupport_fastrtps_c.h\n'}
[0.419082] (px4_msgs) StdoutLine: {'line': b'-- Up-to-date symlink: /home/lee/workspace/ros2_ex/install/px4_msgs/include/px4_msgs/px4_msgs/msg/detail/figure_eight_status__rosidl_typesupport_fastrtps_c.h\n'}
[0.419125] (px4_msgs) StdoutLine: {'line': b'-- Up-to-date symlink: /home/lee/workspace/ros2_ex/install/px4_msgs/include/px4_msgs/px4_msgs/msg/detail/fixed_wing_lateral_guidance_status__rosidl_typesupport_fastrtps_c.h\n'}
[0.419172] (px4_msgs) StdoutLine: {'line': b'-- Up-to-date symlink: /home/lee/workspace/ros2_ex/install/px4_msgs/include/px4_msgs/px4_msgs/msg/detail/fixed_wing_lateral_setpoint__rosidl_typesupport_fastrtps_c.h\n'}
[0.419255] (px4_msgs) StdoutLine: {'line': b'-- Up-to-date symlink: /home/lee/workspace/ros2_ex/install/px4_msgs/include/px4_msgs/px4_msgs/msg/detail/fixed_wing_lateral_status__rosidl_typesupport_fastrtps_c.h\n'}
[0.419351] (px4_msgs) StdoutLine: {'line': b'-- Up-to-date symlink: /home/lee/workspace/ros2_ex/install/px4_msgs/include/px4_msgs/px4_msgs/msg/detail/fixed_wing_longitudinal_setpoint__rosidl_typesupport_fastrtps_c.h\n'}
[0.419414] (px4_msgs) StdoutLine: {'line': b'-- Up-to-date symlink: /home/lee/workspace/ros2_ex/install/px4_msgs/include/px4_msgs/px4_msgs/msg/detail/fixed_wing_runway_control__rosidl_typesupport_fastrtps_c.h\n'}
[0.419462] (px4_msgs) StdoutLine: {'line': b'-- Up-to-date symlink: /home/lee/workspace/ros2_ex/install/px4_msgs/include/px4_msgs/px4_msgs/msg/detail/flight_phase_estimation__rosidl_typesupport_fastrtps_c.h\n'}
[0.419508] (px4_msgs) StdoutLine: {'line': b'-- Up-to-date symlink: /home/lee/workspace/ros2_ex/install/px4_msgs/include/px4_msgs/px4_msgs/msg/detail/follow_target__rosidl_typesupport_fastrtps_c.h\n'}
[0.419554] (px4_msgs) StdoutLine: {'line': b'-- Up-to-date symlink: /home/lee/workspace/ros2_ex/install/px4_msgs/include/px4_msgs/px4_msgs/msg/detail/follow_target_estimator__rosidl_typesupport_fastrtps_c.h\n'}
[0.419600] (px4_msgs) StdoutLine: {'line': b'-- Up-to-date symlink: /home/lee/workspace/ros2_ex/install/px4_msgs/include/px4_msgs/px4_msgs/msg/detail/follow_target_status__rosidl_typesupport_fastrtps_c.h\n'}
[0.419680] (px4_msgs) StdoutLine: {'line': b'-- Up-to-date symlink: /home/lee/workspace/ros2_ex/install/px4_msgs/include/px4_msgs/px4_msgs/msg/detail/fuel_tank_status__rosidl_typesupport_fastrtps_c.h\n'}
[0.419727] (px4_msgs) StdoutLine: {'line': b'-- Up-to-date symlink: /home/lee/workspace/ros2_ex/install/px4_msgs/include/px4_msgs/px4_msgs/msg/detail/generator_status__rosidl_typesupport_fastrtps_c.h\n'}
[0.419773] (px4_msgs) StdoutLine: {'line': b'-- Up-to-date symlink: /home/lee/workspace/ros2_ex/install/px4_msgs/include/px4_msgs/px4_msgs/msg/detail/geofence_result__rosidl_typesupport_fastrtps_c.h\n'}
[0.419840] (px4_msgs) StdoutLine: {'line': b'-- Up-to-date symlink: /home/lee/workspace/ros2_ex/install/px4_msgs/include/px4_msgs/px4_msgs/msg/detail/geofence_status__rosidl_typesupport_fastrtps_c.h\n'}
[0.419887] (px4_msgs) StdoutLine: {'line': b'-- Up-to-date symlink: /home/lee/workspace/ros2_ex/install/px4_msgs/include/px4_msgs/px4_msgs/msg/detail/gimbal_controls__rosidl_typesupport_fastrtps_c.h\n'}
[0.419934] (px4_msgs) StdoutLine: {'line': b'-- Up-to-date symlink: /home/lee/workspace/ros2_ex/install/px4_msgs/include/px4_msgs/px4_msgs/msg/detail/gimbal_device_attitude_status__rosidl_typesupport_fastrtps_c.h\n'}
[0.419980] (px4_msgs) StdoutLine: {'line': b'-- Up-to-date symlink: /home/lee/workspace/ros2_ex/install/px4_msgs/include/px4_msgs/px4_msgs/msg/detail/gimbal_device_information__rosidl_typesupport_fastrtps_c.h\n'}
[0.420052] (px4_msgs) StdoutLine: {'line': b'-- Up-to-date symlink: /home/lee/workspace/ros2_ex/install/px4_msgs/include/px4_msgs/px4_msgs/msg/detail/gimbal_device_set_attitude__rosidl_typesupport_fastrtps_c.h\n'}
[0.420099] (px4_msgs) StdoutLine: {'line': b'-- Up-to-date symlink: /home/lee/workspace/ros2_ex/install/px4_msgs/include/px4_msgs/px4_msgs/msg/detail/gimbal_manager_information__rosidl_typesupport_fastrtps_c.h\n'}
[0.420146] (px4_msgs) StdoutLine: {'line': b'-- Up-to-date symlink: /home/lee/workspace/ros2_ex/install/px4_msgs/include/px4_msgs/px4_msgs/msg/detail/gimbal_manager_set_attitude__rosidl_typesupport_fastrtps_c.h\n'}
[0.420193] (px4_msgs) StdoutLine: {'line': b'-- Up-to-date symlink: /home/lee/workspace/ros2_ex/install/px4_msgs/include/px4_msgs/px4_msgs/msg/detail/gimbal_manager_set_manual_control__rosidl_typesupport_fastrtps_c.h\n'}
[0.420239] (px4_msgs) StdoutLine: {'line': b'-- Up-to-date symlink: /home/lee/workspace/ros2_ex/install/px4_msgs/include/px4_msgs/px4_msgs/msg/detail/gimbal_manager_status__rosidl_typesupport_fastrtps_c.h\n'}
[0.420288] (px4_msgs) StdoutLine: {'line': b'-- Up-to-date symlink: /home/lee/workspace/ros2_ex/install/px4_msgs/include/px4_msgs/px4_msgs/msg/detail/goto_setpoint__rosidl_typesupport_fastrtps_c.h\n'}
[0.420381] (px4_msgs) StdoutLine: {'line': b'-- Up-to-date symlink: /home/lee/workspace/ros2_ex/install/px4_msgs/include/px4_msgs/px4_msgs/msg/detail/gpio_config__rosidl_typesupport_fastrtps_c.h\n'}
[0.420428] (px4_msgs) StdoutLine: {'line': b'-- Up-to-date symlink: /home/lee/workspace/ros2_ex/install/px4_msgs/include/px4_msgs/px4_msgs/msg/detail/gpio_in__rosidl_typesupport_fastrtps_c.h\n'}
[0.420475] (px4_msgs) StdoutLine: {'line': b'-- Up-to-date symlink: /home/lee/workspace/ros2_ex/install/px4_msgs/include/px4_msgs/px4_msgs/msg/detail/gpio_out__rosidl_typesupport_fastrtps_c.h\n'}
[0.420520] (px4_msgs) StdoutLine: {'line': b'-- Up-to-date symlink: /home/lee/workspace/ros2_ex/install/px4_msgs/include/px4_msgs/px4_msgs/msg/detail/gpio_request__rosidl_typesupport_fastrtps_c.h\n'}
[0.420566] (px4_msgs) StdoutLine: {'line': b'-- Up-to-date symlink: /home/lee/workspace/ros2_ex/install/px4_msgs/include/px4_msgs/px4_msgs/msg/detail/gps_dump__rosidl_typesupport_fastrtps_c.h\n'}
[0.420612] (px4_msgs) StdoutLine: {'line': b'-- Up-to-date symlink: /home/lee/workspace/ros2_ex/install/px4_msgs/include/px4_msgs/px4_msgs/msg/detail/gps_inject_data__rosidl_typesupport_fastrtps_c.h\n'}
[0.420658] (px4_msgs) StdoutLine: {'line': b'-- Up-to-date symlink: /home/lee/workspace/ros2_ex/install/px4_msgs/include/px4_msgs/px4_msgs/msg/detail/gripper__rosidl_typesupport_fastrtps_c.h\n'}
[0.420704] (px4_msgs) StdoutLine: {'line': b'-- Up-to-date symlink: /home/lee/workspace/ros2_ex/install/px4_msgs/include/px4_msgs/px4_msgs/msg/detail/health_report__rosidl_typesupport_fastrtps_c.h\n'}
[0.420749] (px4_msgs) StdoutLine: {'line': b'-- Up-to-date symlink: /home/lee/workspace/ros2_ex/install/px4_msgs/include/px4_msgs/px4_msgs/msg/detail/heater_status__rosidl_typesupport_fastrtps_c.h\n'}
[0.420795] (px4_msgs) StdoutLine: {'line': b'-- Up-to-date symlink: /home/lee/workspace/ros2_ex/install/px4_msgs/include/px4_msgs/px4_msgs/msg/detail/home_position__rosidl_typesupport_fastrtps_c.h\n'}
[0.420883] (px4_msgs) StdoutLine: {'line': b'-- Up-to-date symlink: /home/lee/workspace/ros2_ex/install/px4_msgs/include/px4_msgs/px4_msgs/msg/detail/hover_thrust_estimate__rosidl_typesupport_fastrtps_c.h\n'}
[0.420930] (px4_msgs) StdoutLine: {'line': b'-- Up-to-date symlink: /home/lee/workspace/ros2_ex/install/px4_msgs/include/px4_msgs/px4_msgs/msg/detail/input_rc__rosidl_typesupport_fastrtps_c.h\n'}
[0.420976] (px4_msgs) StdoutLine: {'line': b'-- Up-to-date symlink: /home/lee/workspace/ros2_ex/install/px4_msgs/include/px4_msgs/px4_msgs/msg/detail/internal_combustion_engine_control__rosidl_typesupport_fastrtps_c.h\n'}
[0.421045] (px4_msgs) StdoutLine: {'line': b'-- Up-to-date symlink: /home/lee/workspace/ros2_ex/install/px4_msgs/include/px4_msgs/px4_msgs/msg/detail/internal_combustion_engine_status__rosidl_typesupport_fastrtps_c.h\n'}
[0.421091] (px4_msgs) StdoutLine: {'line': b'-- Up-to-date symlink: /home/lee/workspace/ros2_ex/install/px4_msgs/include/px4_msgs/px4_msgs/msg/detail/iridiumsbd_status__rosidl_typesupport_fastrtps_c.h\n'}
[0.421137] (px4_msgs) StdoutLine: {'line': b'-- Up-to-date symlink: /home/lee/workspace/ros2_ex/install/px4_msgs/include/px4_msgs/px4_msgs/msg/detail/irlock_report__rosidl_typesupport_fastrtps_c.h\n'}
[0.421182] (px4_msgs) StdoutLine: {'line': b'-- Up-to-date symlink: /home/lee/workspace/ros2_ex/install/px4_msgs/include/px4_msgs/px4_msgs/msg/detail/landing_gear__rosidl_typesupport_fastrtps_c.h\n'}
[0.421228] (px4_msgs) StdoutLine: {'line': b'-- Up-to-date symlink: /home/lee/workspace/ros2_ex/install/px4_msgs/include/px4_msgs/px4_msgs/msg/detail/landing_gear_wheel__rosidl_typesupport_fastrtps_c.h\n'}
[0.421274] (px4_msgs) StdoutLine: {'line': b'-- Up-to-date symlink: /home/lee/workspace/ros2_ex/install/px4_msgs/include/px4_msgs/px4_msgs/msg/detail/landing_target_innovations__rosidl_typesupport_fastrtps_c.h\n'}
[0.421360] (px4_msgs) StdoutLine: {'line': b'-- Up-to-date symlink: /home/lee/workspace/ros2_ex/install/px4_msgs/include/px4_msgs/px4_msgs/msg/detail/landing_target_pose__rosidl_typesupport_fastrtps_c.h\n'}
[0.421406] (px4_msgs) StdoutLine: {'line': b'-- Up-to-date symlink: /home/lee/workspace/ros2_ex/install/px4_msgs/include/px4_msgs/px4_msgs/msg/detail/lateral_control_configuration__rosidl_typesupport_fastrtps_c.h\n'}
[0.421452] (px4_msgs) StdoutLine: {'line': b'-- Up-to-date symlink: /home/lee/workspace/ros2_ex/install/px4_msgs/include/px4_msgs/px4_msgs/msg/detail/launch_detection_status__rosidl_typesupport_fastrtps_c.h\n'}
[0.421499] (px4_msgs) StdoutLine: {'line': b'-- Up-to-date symlink: /home/lee/workspace/ros2_ex/install/px4_msgs/include/px4_msgs/px4_msgs/msg/detail/led_control__rosidl_typesupport_fastrtps_c.h\n'}
[0.421545] (px4_msgs) StdoutLine: {'line': b'-- Up-to-date symlink: /home/lee/workspace/ros2_ex/install/px4_msgs/include/px4_msgs/px4_msgs/msg/detail/log_message__rosidl_typesupport_fastrtps_c.h\n'}
[0.421591] (px4_msgs) StdoutLine: {'line': b'-- Up-to-date symlink: /home/lee/workspace/ros2_ex/install/px4_msgs/include/px4_msgs/px4_msgs/msg/detail/logger_status__rosidl_typesupport_fastrtps_c.h\n'}
[0.421665] (px4_msgs) StdoutLine: {'line': b'-- Up-to-date symlink: /home/lee/workspace/ros2_ex/install/px4_msgs/include/px4_msgs/px4_msgs/msg/detail/longitudinal_control_configuration__rosidl_typesupport_fastrtps_c.h\n'}
[0.421723] (px4_msgs) StdoutLine: {'line': b'-- Up-to-date symlink: /home/lee/workspace/ros2_ex/install/px4_msgs/include/px4_msgs/px4_msgs/msg/detail/mag_worker_data__rosidl_typesupport_fastrtps_c.h\n'}
[0.421771] (px4_msgs) StdoutLine: {'line': b'-- Up-to-date symlink: /home/lee/workspace/ros2_ex/install/px4_msgs/include/px4_msgs/px4_msgs/msg/detail/magnetometer_bias_estimate__rosidl_typesupport_fastrtps_c.h\n'}
[0.421817] (px4_msgs) StdoutLine: {'line': b'-- Up-to-date symlink: /home/lee/workspace/ros2_ex/install/px4_msgs/include/px4_msgs/px4_msgs/msg/detail/manual_control_setpoint__rosidl_typesupport_fastrtps_c.h\n'}
[0.421864] (px4_msgs) StdoutLine: {'line': b'-- Up-to-date symlink: /home/lee/workspace/ros2_ex/install/px4_msgs/include/px4_msgs/px4_msgs/msg/detail/manual_control_switches__rosidl_typesupport_fastrtps_c.h\n'}
[0.421933] (px4_msgs) StdoutLine: {'line': b'-- Up-to-date symlink: /home/lee/workspace/ros2_ex/install/px4_msgs/include/px4_msgs/px4_msgs/msg/detail/mavlink_log__rosidl_typesupport_fastrtps_c.h\n'}
[0.421980] (px4_msgs) StdoutLine: {'line': b'-- Up-to-date symlink: /home/lee/workspace/ros2_ex/install/px4_msgs/include/px4_msgs/px4_msgs/msg/detail/mavlink_tunnel__rosidl_typesupport_fastrtps_c.h\n'}
[0.422026] (px4_msgs) StdoutLine: {'line': b'-- Up-to-date symlink: /home/lee/workspace/ros2_ex/install/px4_msgs/include/px4_msgs/px4_msgs/msg/detail/message_format_request__rosidl_typesupport_fastrtps_c.h\n'}
[0.422078] (px4_msgs) StdoutLine: {'line': b'-- Up-to-date symlink: /home/lee/workspace/ros2_ex/install/px4_msgs/include/px4_msgs/px4_msgs/msg/detail/message_format_response__rosidl_typesupport_fastrtps_c.h\n'}
[0.422125] (px4_msgs) StdoutLine: {'line': b'-- Up-to-date symlink: /home/lee/workspace/ros2_ex/install/px4_msgs/include/px4_msgs/px4_msgs/msg/detail/mission__rosidl_typesupport_fastrtps_c.h\n'}
[0.422171] (px4_msgs) StdoutLine: {'line': b'-- Up-to-date symlink: /home/lee/workspace/ros2_ex/install/px4_msgs/include/px4_msgs/px4_msgs/msg/detail/mission_result__rosidl_typesupport_fastrtps_c.h\n'}
[0.422217] (px4_msgs) StdoutLine: {'line': b'-- Up-to-date symlink: /home/lee/workspace/ros2_ex/install/px4_msgs/include/px4_msgs/px4_msgs/msg/detail/mode_completed__rosidl_typesupport_fastrtps_c.h\n'}
[0.422263] (px4_msgs) StdoutLine: {'line': b'-- Up-to-date symlink: /home/lee/workspace/ros2_ex/install/px4_msgs/include/px4_msgs/px4_msgs/msg/detail/mount_orientation__rosidl_typesupport_fastrtps_c.h\n'}
[0.422353] (px4_msgs) StdoutLine: {'line': b'-- Up-to-date symlink: /home/lee/workspace/ros2_ex/install/px4_msgs/include/px4_msgs/px4_msgs/msg/detail/navigator_mission_item__rosidl_typesupport_fastrtps_c.h\n'}
[0.422423] (px4_msgs) StdoutLine: {'line': b'-- Up-to-date symlink: /home/lee/workspace/ros2_ex/install/px4_msgs/include/px4_msgs/px4_msgs/msg/detail/navigator_status__rosidl_typesupport_fastrtps_c.h\n'}
[0.422471] (px4_msgs) StdoutLine: {'line': b'-- Up-to-date symlink: /home/lee/workspace/ros2_ex/install/px4_msgs/include/px4_msgs/px4_msgs/msg/detail/normalized_unsigned_setpoint__rosidl_typesupport_fastrtps_c.h\n'}
[0.422518] (px4_msgs) StdoutLine: {'line': b'-- Up-to-date symlink: /home/lee/workspace/ros2_ex/install/px4_msgs/include/px4_msgs/px4_msgs/msg/detail/npfg_status__rosidl_typesupport_fastrtps_c.h\n'}
[0.422586] (px4_msgs) StdoutLine: {'line': b'-- Up-to-date symlink: /home/lee/workspace/ros2_ex/install/px4_msgs/include/px4_msgs/px4_msgs/msg/detail/obstacle_distance__rosidl_typesupport_fastrtps_c.h\n'}
[0.422633] (px4_msgs) StdoutLine: {'line': b'-- Up-to-date symlink: /home/lee/workspace/ros2_ex/install/px4_msgs/include/px4_msgs/px4_msgs/msg/detail/offboard_control_mode__rosidl_typesupport_fastrtps_c.h\n'}
[0.422679] (px4_msgs) StdoutLine: {'line': b'-- Up-to-date symlink: /home/lee/workspace/ros2_ex/install/px4_msgs/include/px4_msgs/px4_msgs/msg/detail/onboard_computer_status__rosidl_typesupport_fastrtps_c.h\n'}
[0.422725] (px4_msgs) StdoutLine: {'line': b'-- Up-to-date symlink: /home/lee/workspace/ros2_ex/install/px4_msgs/include/px4_msgs/px4_msgs/msg/detail/open_drone_id_arm_status__rosidl_typesupport_fastrtps_c.h\n'}
[0.422772] (px4_msgs) StdoutLine: {'line': b'-- Up-to-date symlink: /home/lee/workspace/ros2_ex/install/px4_msgs/include/px4_msgs/px4_msgs/msg/detail/open_drone_id_operator_id__rosidl_typesupport_fastrtps_c.h\n'}
[0.422819] (px4_msgs) StdoutLine: {'line': b'-- Up-to-date symlink: /home/lee/workspace/ros2_ex/install/px4_msgs/include/px4_msgs/px4_msgs/msg/detail/open_drone_id_self_id__rosidl_typesupport_fastrtps_c.h\n'}
[0.422866] (px4_msgs) StdoutLine: {'line': b'-- Up-to-date symlink: /home/lee/workspace/ros2_ex/install/px4_msgs/include/px4_msgs/px4_msgs/msg/detail/open_drone_id_system__rosidl_typesupport_fastrtps_c.h\n'}
[0.422946] (px4_msgs) StdoutLine: {'line': b'-- Up-to-date symlink: /home/lee/workspace/ros2_ex/install/px4_msgs/include/px4_msgs/px4_msgs/msg/detail/orb_test__rosidl_typesupport_fastrtps_c.h\n'}
[0.422996] (px4_msgs) StdoutLine: {'line': b'-- Up-to-date symlink: /home/lee/workspace/ros2_ex/install/px4_msgs/include/px4_msgs/px4_msgs/msg/detail/orb_test_large__rosidl_typesupport_fastrtps_c.h\n'}
[0.423043] (px4_msgs) StdoutLine: {'line': b'-- Up-to-date symlink: /home/lee/workspace/ros2_ex/install/px4_msgs/include/px4_msgs/px4_msgs/msg/detail/orb_test_medium__rosidl_typesupport_fastrtps_c.h\n'}
[0.423090] (px4_msgs) StdoutLine: {'line': b'-- Up-to-date symlink: /home/lee/workspace/ros2_ex/install/px4_msgs/include/px4_msgs/px4_msgs/msg/detail/orbit_status__rosidl_typesupport_fastrtps_c.h\n'}
[0.423137] (px4_msgs) StdoutLine: {'line': b'-- Up-to-date symlink: /home/lee/workspace/ros2_ex/install/px4_msgs/include/px4_msgs/px4_msgs/msg/detail/parameter_reset_request__rosidl_typesupport_fastrtps_c.h\n'}
[0.423184] (px4_msgs) StdoutLine: {'line': b'-- Up-to-date symlink: /home/lee/workspace/ros2_ex/install/px4_msgs/include/px4_msgs/px4_msgs/msg/detail/parameter_set_used_request__rosidl_typesupport_fastrtps_c.h\n'}
[0.423230] (px4_msgs) StdoutLine: {'line': b'-- Up-to-date symlink: /home/lee/workspace/ros2_ex/install/px4_msgs/include/px4_msgs/px4_msgs/msg/detail/parameter_set_value_request__rosidl_typesupport_fastrtps_c.h\n'}
[0.423278] (px4_msgs) StdoutLine: {'line': b'-- Up-to-date symlink: /home/lee/workspace/ros2_ex/install/px4_msgs/include/px4_msgs/px4_msgs/msg/detail/parameter_set_value_response__rosidl_typesupport_fastrtps_c.h\n'}
[0.423369] (px4_msgs) StdoutLine: {'line': b'-- Up-to-date symlink: /home/lee/workspace/ros2_ex/install/px4_msgs/include/px4_msgs/px4_msgs/msg/detail/parameter_update__rosidl_typesupport_fastrtps_c.h\n'}
[0.423432] (px4_msgs) StdoutLine: {'line': b'-- Up-to-date symlink: /home/lee/workspace/ros2_ex/install/px4_msgs/include/px4_msgs/px4_msgs/msg/detail/ping__rosidl_typesupport_fastrtps_c.h\n'}
[0.423478] (px4_msgs) StdoutLine: {'line': b'-- Up-to-date symlink: /home/lee/workspace/ros2_ex/install/px4_msgs/include/px4_msgs/px4_msgs/msg/detail/position_controller_landing_status__rosidl_typesupport_fastrtps_c.h\n'}
[0.423524] (px4_msgs) StdoutLine: {'line': b'-- Up-to-date symlink: /home/lee/workspace/ros2_ex/install/px4_msgs/include/px4_msgs/px4_msgs/msg/detail/position_controller_status__rosidl_typesupport_fastrtps_c.h\n'}
[0.423570] (px4_msgs) StdoutLine: {'line': b'-- Up-to-date symlink: /home/lee/workspace/ros2_ex/install/px4_msgs/include/px4_msgs/px4_msgs/msg/detail/position_setpoint__rosidl_typesupport_fastrtps_c.h\n'}
[0.423616] (px4_msgs) StdoutLine: {'line': b'-- Up-to-date symlink: /home/lee/workspace/ros2_ex/install/px4_msgs/include/px4_msgs/px4_msgs/msg/detail/position_setpoint_triplet__rosidl_typesupport_fastrtps_c.h\n'}
[0.423663] (px4_msgs) StdoutLine: {'line': b'-- Up-to-date symlink: /home/lee/workspace/ros2_ex/install/px4_msgs/include/px4_msgs/px4_msgs/msg/detail/power_button_state__rosidl_typesupport_fastrtps_c.h\n'}
[0.423709] (px4_msgs) StdoutLine: {'line': b'-- Up-to-date symlink: /home/lee/workspace/ros2_ex/install/px4_msgs/include/px4_msgs/px4_msgs/msg/detail/power_monitor__rosidl_typesupport_fastrtps_c.h\n'}
[0.423795] (px4_msgs) StdoutLine: {'line': b'-- Up-to-date symlink: /home/lee/workspace/ros2_ex/install/px4_msgs/include/px4_msgs/px4_msgs/msg/detail/pps_capture__rosidl_typesupport_fastrtps_c.h\n'}
[0.423842] (px4_msgs) StdoutLine: {'line': b'-- Up-to-date symlink: /home/lee/workspace/ros2_ex/install/px4_msgs/include/px4_msgs/px4_msgs/msg/detail/pure_pursuit_status__rosidl_typesupport_fastrtps_c.h\n'}
[0.423889] (px4_msgs) StdoutLine: {'line': b'-- Up-to-date symlink: /home/lee/workspace/ros2_ex/install/px4_msgs/include/px4_msgs/px4_msgs/msg/detail/pwm_input__rosidl_typesupport_fastrtps_c.h\n'}
[0.423937] (px4_msgs) StdoutLine: {'line': b'-- Up-to-date symlink: /home/lee/workspace/ros2_ex/install/px4_msgs/include/px4_msgs/px4_msgs/msg/detail/px4io_status__rosidl_typesupport_fastrtps_c.h\n'}
[0.423984] (px4_msgs) StdoutLine: {'line': b'-- Up-to-date symlink: /home/lee/workspace/ros2_ex/install/px4_msgs/include/px4_msgs/px4_msgs/msg/detail/qshell_req__rosidl_typesupport_fastrtps_c.h\n'}
[0.424057] (px4_msgs) StdoutLine: {'line': b'-- Up-to-date symlink: /home/lee/workspace/ros2_ex/install/px4_msgs/include/px4_msgs/px4_msgs/msg/detail/qshell_retval__rosidl_typesupport_fastrtps_c.h\n'}
[0.424105] (px4_msgs) StdoutLine: {'line': b'-- Up-to-date symlink: /home/lee/workspace/ros2_ex/install/px4_msgs/include/px4_msgs/px4_msgs/msg/detail/radio_status__rosidl_typesupport_fastrtps_c.h\n'}
[0.424153] (px4_msgs) StdoutLine: {'line': b'-- Up-to-date symlink: /home/lee/workspace/ros2_ex/install/px4_msgs/include/px4_msgs/px4_msgs/msg/detail/rate_ctrl_status__rosidl_typesupport_fastrtps_c.h\n'}
[0.424200] (px4_msgs) StdoutLine: {'line': b'-- Up-to-date symlink: /home/lee/workspace/ros2_ex/install/px4_msgs/include/px4_msgs/px4_msgs/msg/detail/rc_channels__rosidl_typesupport_fastrtps_c.h\n'}
[0.424289] (px4_msgs) StdoutLine: {'line': b'-- Up-to-date symlink: /home/lee/workspace/ros2_ex/install/px4_msgs/include/px4_msgs/px4_msgs/msg/detail/rc_parameter_map__rosidl_typesupport_fastrtps_c.h\n'}
[0.424359] (px4_msgs) StdoutLine: {'line': b'-- Up-to-date symlink: /home/lee/workspace/ros2_ex/install/px4_msgs/include/px4_msgs/px4_msgs/msg/detail/register_ext_component_reply__rosidl_typesupport_fastrtps_c.h\n'}
[0.424405] (px4_msgs) StdoutLine: {'line': b'-- Up-to-date symlink: /home/lee/workspace/ros2_ex/install/px4_msgs/include/px4_msgs/px4_msgs/msg/detail/register_ext_component_request__rosidl_typesupport_fastrtps_c.h\n'}
[0.424451] (px4_msgs) StdoutLine: {'line': b'-- Up-to-date symlink: /home/lee/workspace/ros2_ex/install/px4_msgs/include/px4_msgs/px4_msgs/msg/detail/rover_attitude_setpoint__rosidl_typesupport_fastrtps_c.h\n'}
[0.424497] (px4_msgs) StdoutLine: {'line': b'-- Up-to-date symlink: /home/lee/workspace/ros2_ex/install/px4_msgs/include/px4_msgs/px4_msgs/msg/detail/rover_attitude_status__rosidl_typesupport_fastrtps_c.h\n'}
[0.424544] (px4_msgs) StdoutLine: {'line': b'-- Up-to-date symlink: /home/lee/workspace/ros2_ex/install/px4_msgs/include/px4_msgs/px4_msgs/msg/detail/rover_position_setpoint__rosidl_typesupport_fastrtps_c.h\n'}
[0.424590] (px4_msgs) StdoutLine: {'line': b'-- Up-to-date symlink: /home/lee/workspace/ros2_ex/install/px4_msgs/include/px4_msgs/px4_msgs/msg/detail/rover_rate_setpoint__rosidl_typesupport_fastrtps_c.h\n'}
[0.424636] (px4_msgs) StdoutLine: {'line': b'-- Up-to-date symlink: /home/lee/workspace/ros2_ex/install/px4_msgs/include/px4_msgs/px4_msgs/msg/detail/rover_rate_status__rosidl_typesupport_fastrtps_c.h\n'}
[0.424682] (px4_msgs) StdoutLine: {'line': b'-- Up-to-date symlink: /home/lee/workspace/ros2_ex/install/px4_msgs/include/px4_msgs/px4_msgs/msg/detail/rover_steering_setpoint__rosidl_typesupport_fastrtps_c.h\n'}
[0.424728] (px4_msgs) StdoutLine: {'line': b'-- Up-to-date symlink: /home/lee/workspace/ros2_ex/install/px4_msgs/include/px4_msgs/px4_msgs/msg/detail/rover_throttle_setpoint__rosidl_typesupport_fastrtps_c.h\n'}
[0.424775] (px4_msgs) StdoutLine: {'line': b'-- Up-to-date symlink: /home/lee/workspace/ros2_ex/install/px4_msgs/include/px4_msgs/px4_msgs/msg/detail/rover_velocity_setpoint__rosidl_typesupport_fastrtps_c.h\n'}
[0.424820] (px4_msgs) StdoutLine: {'line': b'-- Up-to-date symlink: /home/lee/workspace/ros2_ex/install/px4_msgs/include/px4_msgs/px4_msgs/msg/detail/rover_velocity_status__rosidl_typesupport_fastrtps_c.h\n'}
[0.424867] (px4_msgs) StdoutLine: {'line': b'-- Up-to-date symlink: /home/lee/workspace/ros2_ex/install/px4_msgs/include/px4_msgs/px4_msgs/msg/detail/rpm__rosidl_typesupport_fastrtps_c.h\n'}
[0.424912] (px4_msgs) StdoutLine: {'line': b'-- Up-to-date symlink: /home/lee/workspace/ros2_ex/install/px4_msgs/include/px4_msgs/px4_msgs/msg/detail/rtl_status__rosidl_typesupport_fastrtps_c.h\n'}
[0.424958] (px4_msgs) StdoutLine: {'line': b'-- Up-to-date symlink: /home/lee/workspace/ros2_ex/install/px4_msgs/include/px4_msgs/px4_msgs/msg/detail/rtl_time_estimate__rosidl_typesupport_fastrtps_c.h\n'}
[0.425004] (px4_msgs) StdoutLine: {'line': b'-- Up-to-date symlink: /home/lee/workspace/ros2_ex/install/px4_msgs/include/px4_msgs/px4_msgs/msg/detail/satellite_info__rosidl_typesupport_fastrtps_c.h\n'}
[0.425077] (px4_msgs) StdoutLine: {'line': b'-- Up-to-date symlink: /home/lee/workspace/ros2_ex/install/px4_msgs/include/px4_msgs/px4_msgs/msg/detail/sensor_accel__rosidl_typesupport_fastrtps_c.h\n'}
[0.425125] (px4_msgs) StdoutLine: {'line': b'-- Up-to-date symlink: /home/lee/workspace/ros2_ex/install/px4_msgs/include/px4_msgs/px4_msgs/msg/detail/sensor_accel_fifo__rosidl_typesupport_fastrtps_c.h\n'}
[0.425168] (px4_msgs) StdoutLine: {'line': b'-- Up-to-date symlink: /home/lee/workspace/ros2_ex/install/px4_msgs/include/px4_msgs/px4_msgs/msg/detail/sensor_airflow__rosidl_typesupport_fastrtps_c.h\n'}
[0.425212] (px4_msgs) StdoutLine: {'line': b'-- Up-to-date symlink: /home/lee/workspace/ros2_ex/install/px4_msgs/include/px4_msgs/px4_msgs/msg/detail/sensor_baro__rosidl_typesupport_fastrtps_c.h\n'}
[0.425255] (px4_msgs) StdoutLine: {'line': b'-- Up-to-date symlink: /home/lee/workspace/ros2_ex/install/px4_msgs/include/px4_msgs/px4_msgs/msg/detail/sensor_combined__rosidl_typesupport_fastrtps_c.h\n'}
[0.425305] (px4_msgs) StdoutLine: {'line': b'-- Up-to-date symlink: /home/lee/workspace/ros2_ex/install/px4_msgs/include/px4_msgs/px4_msgs/msg/detail/sensor_correction__rosidl_typesupport_fastrtps_c.h\n'}
[0.425350] (px4_msgs) StdoutLine: {'line': b'-- Up-to-date symlink: /home/lee/workspace/ros2_ex/install/px4_msgs/include/px4_msgs/px4_msgs/msg/detail/sensor_gnss_relative__rosidl_typesupport_fastrtps_c.h\n'}
[0.425393] (px4_msgs) StdoutLine: {'line': b'-- Up-to-date symlink: /home/lee/workspace/ros2_ex/install/px4_msgs/include/px4_msgs/px4_msgs/msg/detail/sensor_gps__rosidl_typesupport_fastrtps_c.h\n'}
[0.425436] (px4_msgs) StdoutLine: {'line': b'-- Up-to-date symlink: /home/lee/workspace/ros2_ex/install/px4_msgs/include/px4_msgs/px4_msgs/msg/detail/sensor_gyro__rosidl_typesupport_fastrtps_c.h\n'}
[0.425482] (px4_msgs) StdoutLine: {'line': b'-- Up-to-date symlink: /home/lee/workspace/ros2_ex/install/px4_msgs/include/px4_msgs/px4_msgs/msg/detail/sensor_gyro_fft__rosidl_typesupport_fastrtps_c.h\n'}
[0.425525] (px4_msgs) StdoutLine: {'line': b'-- Up-to-date symlink: /home/lee/workspace/ros2_ex/install/px4_msgs/include/px4_msgs/px4_msgs/msg/detail/sensor_gyro_fifo__rosidl_typesupport_fastrtps_c.h\n'}
[0.425568] (px4_msgs) StdoutLine: {'line': b'-- Up-to-date symlink: /home/lee/workspace/ros2_ex/install/px4_msgs/include/px4_msgs/px4_msgs/msg/detail/sensor_hygrometer__rosidl_typesupport_fastrtps_c.h\n'}
[0.425610] (px4_msgs) StdoutLine: {'line': b'-- Up-to-date symlink: /home/lee/workspace/ros2_ex/install/px4_msgs/include/px4_msgs/px4_msgs/msg/detail/sensor_mag__rosidl_typesupport_fastrtps_c.h\n'}
[0.425653] (px4_msgs) StdoutLine: {'line': b'-- Up-to-date symlink: /home/lee/workspace/ros2_ex/install/px4_msgs/include/px4_msgs/px4_msgs/msg/detail/sensor_optical_flow__rosidl_typesupport_fastrtps_c.h\n'}
[0.425696] (px4_msgs) StdoutLine: {'line': b'-- Up-to-date symlink: /home/lee/workspace/ros2_ex/install/px4_msgs/include/px4_msgs/px4_msgs/msg/detail/sensor_preflight_mag__rosidl_typesupport_fastrtps_c.h\n'}
[0.425739] (px4_msgs) StdoutLine: {'line': b'-- Up-to-date symlink: /home/lee/workspace/ros2_ex/install/px4_msgs/include/px4_msgs/px4_msgs/msg/detail/sensor_selection__rosidl_typesupport_fastrtps_c.h\n'}
[0.425783] (px4_msgs) StdoutLine: {'line': b'-- Up-to-date symlink: /home/lee/workspace/ros2_ex/install/px4_msgs/include/px4_msgs/px4_msgs/msg/detail/sensor_uwb__rosidl_typesupport_fastrtps_c.h\n'}
[0.425826] (px4_msgs) StdoutLine: {'line': b'-- Up-to-date symlink: /home/lee/workspace/ros2_ex/install/px4_msgs/include/px4_msgs/px4_msgs/msg/detail/sensors_status__rosidl_typesupport_fastrtps_c.h\n'}
[0.425868] (px4_msgs) StdoutLine: {'line': b'-- Up-to-date symlink: /home/lee/workspace/ros2_ex/install/px4_msgs/include/px4_msgs/px4_msgs/msg/detail/sensors_status_imu__rosidl_typesupport_fastrtps_c.h\n'}
[0.425912] (px4_msgs) StdoutLine: {'line': b'-- Up-to-date symlink: /home/lee/workspace/ros2_ex/install/px4_msgs/include/px4_msgs/px4_msgs/msg/detail/system_power__rosidl_typesupport_fastrtps_c.h\n'}
[0.425959] (px4_msgs) StdoutLine: {'line': b'-- Up-to-date symlink: /home/lee/workspace/ros2_ex/install/px4_msgs/include/px4_msgs/px4_msgs/msg/detail/takeoff_status__rosidl_typesupport_fastrtps_c.h\n'}
[0.426002] (px4_msgs) StdoutLine: {'line': b'-- Up-to-date symlink: /home/lee/workspace/ros2_ex/install/px4_msgs/include/px4_msgs/px4_msgs/msg/detail/task_stack_info__rosidl_typesupport_fastrtps_c.h\n'}
[0.426044] (px4_msgs) StdoutLine: {'line': b'-- Up-to-date symlink: /home/lee/workspace/ros2_ex/install/px4_msgs/include/px4_msgs/px4_msgs/msg/detail/tecs_status__rosidl_typesupport_fastrtps_c.h\n'}
[0.426086] (px4_msgs) StdoutLine: {'line': b'-- Up-to-date symlink: /home/lee/workspace/ros2_ex/install/px4_msgs/include/px4_msgs/px4_msgs/msg/detail/telemetry_status__rosidl_typesupport_fastrtps_c.h\n'}
[0.426128] (px4_msgs) StdoutLine: {'line': b'-- Up-to-date symlink: /home/lee/workspace/ros2_ex/install/px4_msgs/include/px4_msgs/px4_msgs/msg/detail/tiltrotor_extra_controls__rosidl_typesupport_fastrtps_c.h\n'}
[0.426171] (px4_msgs) StdoutLine: {'line': b'-- Up-to-date symlink: /home/lee/workspace/ros2_ex/install/px4_msgs/include/px4_msgs/px4_msgs/msg/detail/timesync_status__rosidl_typesupport_fastrtps_c.h\n'}
[0.426214] (px4_msgs) StdoutLine: {'line': b'-- Up-to-date symlink: /home/lee/workspace/ros2_ex/install/px4_msgs/include/px4_msgs/px4_msgs/msg/detail/trajectory_bezier__rosidl_typesupport_fastrtps_c.h\n'}
[0.426256] (px4_msgs) StdoutLine: {'line': b'-- Up-to-date symlink: /home/lee/workspace/ros2_ex/install/px4_msgs/include/px4_msgs/px4_msgs/msg/detail/trajectory_setpoint6dof__rosidl_typesupport_fastrtps_c.h\n'}
[0.426308] (px4_msgs) StdoutLine: {'line': b'-- Up-to-date symlink: /home/lee/workspace/ros2_ex/install/px4_msgs/include/px4_msgs/px4_msgs/msg/detail/trajectory_setpoint__rosidl_typesupport_fastrtps_c.h\n'}
[0.426353] (px4_msgs) StdoutLine: {'line': b'-- Up-to-date symlink: /home/lee/workspace/ros2_ex/install/px4_msgs/include/px4_msgs/px4_msgs/msg/detail/trajectory_waypoint__rosidl_typesupport_fastrtps_c.h\n'}
[0.426396] (px4_msgs) StdoutLine: {'line': b'-- Up-to-date symlink: /home/lee/workspace/ros2_ex/install/px4_msgs/include/px4_msgs/px4_msgs/msg/detail/transponder_report__rosidl_typesupport_fastrtps_c.h\n'}
[0.426439] (px4_msgs) StdoutLine: {'line': b'-- Up-to-date symlink: /home/lee/workspace/ros2_ex/install/px4_msgs/include/px4_msgs/px4_msgs/msg/detail/tune_control__rosidl_typesupport_fastrtps_c.h\n'}
[0.426483] (px4_msgs) StdoutLine: {'line': b'-- Up-to-date symlink: /home/lee/workspace/ros2_ex/install/px4_msgs/include/px4_msgs/px4_msgs/msg/detail/uavcan_parameter_request__rosidl_typesupport_fastrtps_c.h\n'}
[0.426526] (px4_msgs) StdoutLine: {'line': b'-- Up-to-date symlink: /home/lee/workspace/ros2_ex/install/px4_msgs/include/px4_msgs/px4_msgs/msg/detail/uavcan_parameter_value__rosidl_typesupport_fastrtps_c.h\n'}
[0.426571] (px4_msgs) StdoutLine: {'line': b'-- Up-to-date symlink: /home/lee/workspace/ros2_ex/install/px4_msgs/include/px4_msgs/px4_msgs/msg/detail/ulog_stream__rosidl_typesupport_fastrtps_c.h\n'}
[0.426614] (px4_msgs) StdoutLine: {'line': b'-- Up-to-date symlink: /home/lee/workspace/ros2_ex/install/px4_msgs/include/px4_msgs/px4_msgs/msg/detail/ulog_stream_ack__rosidl_typesupport_fastrtps_c.h\n'}
[0.426657] (px4_msgs) StdoutLine: {'line': b'-- Up-to-date symlink: /home/lee/workspace/ros2_ex/install/px4_msgs/include/px4_msgs/px4_msgs/msg/detail/unregister_ext_component__rosidl_typesupport_fastrtps_c.h\n'}
[0.426700] (px4_msgs) StdoutLine: {'line': b'-- Up-to-date symlink: /home/lee/workspace/ros2_ex/install/px4_msgs/include/px4_msgs/px4_msgs/msg/detail/vehicle_acceleration__rosidl_typesupport_fastrtps_c.h\n'}
[0.426743] (px4_msgs) StdoutLine: {'line': b'-- Up-to-date symlink: /home/lee/workspace/ros2_ex/install/px4_msgs/include/px4_msgs/px4_msgs/msg/detail/vehicle_air_data__rosidl_typesupport_fastrtps_c.h\n'}
[0.426785] (px4_msgs) StdoutLine: {'line': b'-- Up-to-date symlink: /home/lee/workspace/ros2_ex/install/px4_msgs/include/px4_msgs/px4_msgs/msg/detail/vehicle_angular_acceleration_setpoint__rosidl_typesupport_fastrtps_c.h\n'}
[0.426830] (px4_msgs) StdoutLine: {'line': b'-- Up-to-date symlink: /home/lee/workspace/ros2_ex/install/px4_msgs/include/px4_msgs/px4_msgs/msg/detail/vehicle_angular_velocity__rosidl_typesupport_fastrtps_c.h\n'}
[0.426873] (px4_msgs) StdoutLine: {'line': b'-- Up-to-date symlink: /home/lee/workspace/ros2_ex/install/px4_msgs/include/px4_msgs/px4_msgs/msg/detail/vehicle_attitude__rosidl_typesupport_fastrtps_c.h\n'}
[0.426915] (px4_msgs) StdoutLine: {'line': b'-- Up-to-date symlink: /home/lee/workspace/ros2_ex/install/px4_msgs/include/px4_msgs/px4_msgs/msg/detail/vehicle_attitude_setpoint__rosidl_typesupport_fastrtps_c.h\n'}
[0.426958] (px4_msgs) StdoutLine: {'line': b'-- Up-to-date symlink: /home/lee/workspace/ros2_ex/install/px4_msgs/include/px4_msgs/px4_msgs/msg/detail/vehicle_command__rosidl_typesupport_fastrtps_c.h\n'}
[0.427000] (px4_msgs) StdoutLine: {'line': b'-- Up-to-date symlink: /home/lee/workspace/ros2_ex/install/px4_msgs/include/px4_msgs/px4_msgs/msg/detail/vehicle_command_ack__rosidl_typesupport_fastrtps_c.h\n'}
[0.427043] (px4_msgs) StdoutLine: {'line': b'-- Up-to-date symlink: /home/lee/workspace/ros2_ex/install/px4_msgs/include/px4_msgs/px4_msgs/msg/detail/vehicle_constraints__rosidl_typesupport_fastrtps_c.h\n'}
[0.427085] (px4_msgs) StdoutLine: {'line': b'-- Up-to-date symlink: /home/lee/workspace/ros2_ex/install/px4_msgs/include/px4_msgs/px4_msgs/msg/detail/vehicle_control_mode__rosidl_typesupport_fastrtps_c.h\n'}
[0.427128] (px4_msgs) StdoutLine: {'line': b'-- Up-to-date symlink: /home/lee/workspace/ros2_ex/install/px4_msgs/include/px4_msgs/px4_msgs/msg/detail/vehicle_global_position__rosidl_typesupport_fastrtps_c.h\n'}
[0.427173] (px4_msgs) StdoutLine: {'line': b'-- Up-to-date symlink: /home/lee/workspace/ros2_ex/install/px4_msgs/include/px4_msgs/px4_msgs/msg/detail/vehicle_imu__rosidl_typesupport_fastrtps_c.h\n'}
[0.427215] (px4_msgs) StdoutLine: {'line': b'-- Up-to-date symlink: /home/lee/workspace/ros2_ex/install/px4_msgs/include/px4_msgs/px4_msgs/msg/detail/vehicle_imu_status__rosidl_typesupport_fastrtps_c.h\n'}
[0.427258] (px4_msgs) StdoutLine: {'line': b'-- Up-to-date symlink: /home/lee/workspace/ros2_ex/install/px4_msgs/include/px4_msgs/px4_msgs/msg/detail/vehicle_land_detected__rosidl_typesupport_fastrtps_c.h\n'}
[0.427307] (px4_msgs) StdoutLine: {'line': b'-- Up-to-date symlink: /home/lee/workspace/ros2_ex/install/px4_msgs/include/px4_msgs/px4_msgs/msg/detail/vehicle_local_position__rosidl_typesupport_fastrtps_c.h\n'}
[0.427350] (px4_msgs) StdoutLine: {'line': b'-- Up-to-date symlink: /home/lee/workspace/ros2_ex/install/px4_msgs/include/px4_msgs/px4_msgs/msg/detail/vehicle_local_position_setpoint__rosidl_typesupport_fastrtps_c.h\n'}
[0.427401] (px4_msgs) StdoutLine: {'line': b'-- Up-to-date symlink: /home/lee/workspace/ros2_ex/install/px4_msgs/include/px4_msgs/px4_msgs/msg/detail/vehicle_magnetometer__rosidl_typesupport_fastrtps_c.h\n'}
[0.427444] (px4_msgs) StdoutLine: {'line': b'-- Up-to-date symlink: /home/lee/workspace/ros2_ex/install/px4_msgs/include/px4_msgs/px4_msgs/msg/detail/vehicle_odometry__rosidl_typesupport_fastrtps_c.h\n'}
[0.427487] (px4_msgs) StdoutLine: {'line': b'-- Up-to-date symlink: /home/lee/workspace/ros2_ex/install/px4_msgs/include/px4_msgs/px4_msgs/msg/detail/vehicle_optical_flow__rosidl_typesupport_fastrtps_c.h\n'}
[0.427530] (px4_msgs) StdoutLine: {'line': b'-- Up-to-date symlink: /home/lee/workspace/ros2_ex/install/px4_msgs/include/px4_msgs/px4_msgs/msg/detail/vehicle_optical_flow_vel__rosidl_typesupport_fastrtps_c.h\n'}
[0.427573] (px4_msgs) StdoutLine: {'line': b'-- Up-to-date symlink: /home/lee/workspace/ros2_ex/install/px4_msgs/include/px4_msgs/px4_msgs/msg/detail/vehicle_rates_setpoint__rosidl_typesupport_fastrtps_c.h\n'}
[0.427617] (px4_msgs) StdoutLine: {'line': b'-- Up-to-date symlink: /home/lee/workspace/ros2_ex/install/px4_msgs/include/px4_msgs/px4_msgs/msg/detail/vehicle_roi__rosidl_typesupport_fastrtps_c.h\n'}
[0.427662] (px4_msgs) StdoutLine: {'line': b'-- Up-to-date symlink: /home/lee/workspace/ros2_ex/install/px4_msgs/include/px4_msgs/px4_msgs/msg/detail/vehicle_status__rosidl_typesupport_fastrtps_c.h\n'}
[0.427705] (px4_msgs) StdoutLine: {'line': b'-- Up-to-date symlink: /home/lee/workspace/ros2_ex/install/px4_msgs/include/px4_msgs/px4_msgs/msg/detail/vehicle_thrust_setpoint__rosidl_typesupport_fastrtps_c.h\n'}
[0.427748] (px4_msgs) StdoutLine: {'line': b'-- Up-to-date symlink: /home/lee/workspace/ros2_ex/install/px4_msgs/include/px4_msgs/px4_msgs/msg/detail/vehicle_torque_setpoint__rosidl_typesupport_fastrtps_c.h\n'}
[0.427791] (px4_msgs) StdoutLine: {'line': b'-- Up-to-date symlink: /home/lee/workspace/ros2_ex/install/px4_msgs/include/px4_msgs/px4_msgs/msg/detail/vehicle_trajectory_bezier__rosidl_typesupport_fastrtps_c.h\n'}
[0.427834] (px4_msgs) StdoutLine: {'line': b'-- Up-to-date symlink: /home/lee/workspace/ros2_ex/install/px4_msgs/include/px4_msgs/px4_msgs/msg/detail/vehicle_trajectory_waypoint__rosidl_typesupport_fastrtps_c.h\n'}
[0.427877] (px4_msgs) StdoutLine: {'line': b'-- Up-to-date symlink: /home/lee/workspace/ros2_ex/install/px4_msgs/include/px4_msgs/px4_msgs/msg/detail/velocity_limits__rosidl_typesupport_fastrtps_c.h\n'}
[0.427920] (px4_msgs) StdoutLine: {'line': b'-- Up-to-date symlink: /home/lee/workspace/ros2_ex/install/px4_msgs/include/px4_msgs/px4_msgs/msg/detail/vtol_vehicle_status__rosidl_typesupport_fastrtps_c.h\n'}
[0.427962] (px4_msgs) StdoutLine: {'line': b'-- Up-to-date symlink: /home/lee/workspace/ros2_ex/install/px4_msgs/include/px4_msgs/px4_msgs/msg/detail/wheel_encoders__rosidl_typesupport_fastrtps_c.h\n'}
[0.428005] (px4_msgs) StdoutLine: {'line': b'-- Up-to-date symlink: /home/lee/workspace/ros2_ex/install/px4_msgs/include/px4_msgs/px4_msgs/msg/detail/wind__rosidl_typesupport_fastrtps_c.h\n'}
[0.428048] (px4_msgs) StdoutLine: {'line': b'-- Up-to-date symlink: /home/lee/workspace/ros2_ex/install/px4_msgs/include/px4_msgs/px4_msgs/msg/detail/yaw_estimator_status__rosidl_typesupport_fastrtps_c.h\n'}
[0.428090] (px4_msgs) StdoutLine: {'line': b'-- Up-to-date symlink: /home/lee/workspace/ros2_ex/install/px4_msgs/include/px4_msgs/px4_msgs/msg/rosidl_typesupport_fastrtps_c__visibility_control.h\n'}
[0.428133] (px4_msgs) StdoutLine: {'line': b'-- Up-to-date symlink: /home/lee/workspace/ros2_ex/install/px4_msgs/include/px4_msgs/px4_msgs/srv/detail/vehicle_command__rosidl_typesupport_fastrtps_c.h\n'}
[0.428355] (px4_msgs) StdoutLine: {'line': b'-- Up-to-date symlink: /home/lee/workspace/ros2_ex/install/px4_msgs/include/px4_msgs/px4_msgs/msg/action_request.hpp\n'}
[0.428431] (px4_msgs) StdoutLine: {'line': b'-- Up-to-date symlink: /home/lee/workspace/ros2_ex/install/px4_msgs/include/px4_msgs/px4_msgs/msg/actuator_armed.hpp\n'}
[0.428478] (px4_msgs) StdoutLine: {'line': b'-- Up-to-date symlink: /home/lee/workspace/ros2_ex/install/px4_msgs/include/px4_msgs/px4_msgs/msg/actuator_controls_status.hpp\n'}
[0.428524] (px4_msgs) StdoutLine: {'line': b'-- Up-to-date symlink: /home/lee/workspace/ros2_ex/install/px4_msgs/include/px4_msgs/px4_msgs/msg/actuator_motors.hpp\n'}
[0.428596] (px4_msgs) StdoutLine: {'line': b'-- Up-to-date symlink: /home/lee/workspace/ros2_ex/install/px4_msgs/include/px4_msgs/px4_msgs/msg/actuator_outputs.hpp\n'}
[0.428644] (px4_msgs) StdoutLine: {'line': b'-- Up-to-date symlink: /home/lee/workspace/ros2_ex/install/px4_msgs/include/px4_msgs/px4_msgs/msg/actuator_servos.hpp\n'}
[0.428690] (px4_msgs) StdoutLine: {'line': b'-- Up-to-date symlink: /home/lee/workspace/ros2_ex/install/px4_msgs/include/px4_msgs/px4_msgs/msg/actuator_servos_trim.hpp\n'}
[0.428736] (px4_msgs) StdoutLine: {'line': b'-- Up-to-date symlink: /home/lee/workspace/ros2_ex/install/px4_msgs/include/px4_msgs/px4_msgs/msg/actuator_test.hpp\n'}
[0.428781] (px4_msgs) StdoutLine: {'line': b'-- Up-to-date symlink: /home/lee/workspace/ros2_ex/install/px4_msgs/include/px4_msgs/px4_msgs/msg/adc_report.hpp\n'}
[0.428843] (px4_msgs) StdoutLine: {'line': b'-- Up-to-date symlink: /home/lee/workspace/ros2_ex/install/px4_msgs/include/px4_msgs/px4_msgs/msg/airspeed.hpp\n'}
[0.428920] (px4_msgs) StdoutLine: {'line': b'-- Up-to-date symlink: /home/lee/workspace/ros2_ex/install/px4_msgs/include/px4_msgs/px4_msgs/msg/airspeed_validated.hpp\n'}
[0.428986] (px4_msgs) StdoutLine: {'line': b'-- Up-to-date symlink: /home/lee/workspace/ros2_ex/install/px4_msgs/include/px4_msgs/px4_msgs/msg/airspeed_wind.hpp\n'}
[0.429033] (px4_msgs) StdoutLine: {'line': b'-- Up-to-date symlink: /home/lee/workspace/ros2_ex/install/px4_msgs/include/px4_msgs/px4_msgs/msg/arming_check_reply.hpp\n'}
[0.429081] (px4_msgs) StdoutLine: {'line': b'-- Up-to-date symlink: /home/lee/workspace/ros2_ex/install/px4_msgs/include/px4_msgs/px4_msgs/msg/arming_check_request.hpp\n'}
[0.429127] (px4_msgs) StdoutLine: {'line': b'-- Up-to-date symlink: /home/lee/workspace/ros2_ex/install/px4_msgs/include/px4_msgs/px4_msgs/msg/autotune_attitude_control_status.hpp\n'}
[0.429197] (px4_msgs) StdoutLine: {'line': b'-- Up-to-date symlink: /home/lee/workspace/ros2_ex/install/px4_msgs/include/px4_msgs/px4_msgs/msg/battery_info.hpp\n'}
[0.429254] (px4_msgs) StdoutLine: {'line': b'-- Up-to-date symlink: /home/lee/workspace/ros2_ex/install/px4_msgs/include/px4_msgs/px4_msgs/msg/battery_status.hpp\n'}
[0.429324] (px4_msgs) StdoutLine: {'line': b'-- Up-to-date symlink: /home/lee/workspace/ros2_ex/install/px4_msgs/include/px4_msgs/px4_msgs/msg/button_event.hpp\n'}
[0.429384] (px4_msgs) StdoutLine: {'line': b'-- Up-to-date symlink: /home/lee/workspace/ros2_ex/install/px4_msgs/include/px4_msgs/px4_msgs/msg/camera_capture.hpp\n'}
[0.429431] (px4_msgs) StdoutLine: {'line': b'-- Up-to-date symlink: /home/lee/workspace/ros2_ex/install/px4_msgs/include/px4_msgs/px4_msgs/msg/camera_status.hpp\n'}
[0.429478] (px4_msgs) StdoutLine: {'line': b'-- Up-to-date symlink: /home/lee/workspace/ros2_ex/install/px4_msgs/include/px4_msgs/px4_msgs/msg/camera_trigger.hpp\n'}
[0.429524] (px4_msgs) StdoutLine: {'line': b'-- Up-to-date symlink: /home/lee/workspace/ros2_ex/install/px4_msgs/include/px4_msgs/px4_msgs/msg/can_interface_status.hpp\n'}
[0.429572] (px4_msgs) StdoutLine: {'line': b'-- Up-to-date symlink: /home/lee/workspace/ros2_ex/install/px4_msgs/include/px4_msgs/px4_msgs/msg/cellular_status.hpp\n'}
[0.429619] (px4_msgs) StdoutLine: {'line': b'-- Up-to-date symlink: /home/lee/workspace/ros2_ex/install/px4_msgs/include/px4_msgs/px4_msgs/msg/collision_constraints.hpp\n'}
[0.429666] (px4_msgs) StdoutLine: {'line': b'-- Up-to-date symlink: /home/lee/workspace/ros2_ex/install/px4_msgs/include/px4_msgs/px4_msgs/msg/collision_report.hpp\n'}
[0.429712] (px4_msgs) StdoutLine: {'line': b'-- Up-to-date symlink: /home/lee/workspace/ros2_ex/install/px4_msgs/include/px4_msgs/px4_msgs/msg/config_overrides.hpp\n'}
[0.429758] (px4_msgs) StdoutLine: {'line': b'-- Up-to-date symlink: /home/lee/workspace/ros2_ex/install/px4_msgs/include/px4_msgs/px4_msgs/msg/control_allocator_status.hpp\n'}
[0.429806] (px4_msgs) StdoutLine: {'line': b'-- Up-to-date symlink: /home/lee/workspace/ros2_ex/install/px4_msgs/include/px4_msgs/px4_msgs/msg/cpuload.hpp\n'}
[0.429856] (px4_msgs) StdoutLine: {'line': b'-- Up-to-date symlink: /home/lee/workspace/ros2_ex/install/px4_msgs/include/px4_msgs/px4_msgs/msg/dataman_request.hpp\n'}
[0.429906] (px4_msgs) StdoutLine: {'line': b'-- Up-to-date symlink: /home/lee/workspace/ros2_ex/install/px4_msgs/include/px4_msgs/px4_msgs/msg/dataman_response.hpp\n'}
[0.429956] (px4_msgs) StdoutLine: {'line': b'-- Up-to-date symlink: /home/lee/workspace/ros2_ex/install/px4_msgs/include/px4_msgs/px4_msgs/msg/debug_array.hpp\n'}
[0.430005] (px4_msgs) StdoutLine: {'line': b'-- Up-to-date symlink: /home/lee/workspace/ros2_ex/install/px4_msgs/include/px4_msgs/px4_msgs/msg/debug_key_value.hpp\n'}
[0.430053] (px4_msgs) StdoutLine: {'line': b'-- Up-to-date symlink: /home/lee/workspace/ros2_ex/install/px4_msgs/include/px4_msgs/px4_msgs/msg/debug_value.hpp\n'}
[0.430116] (px4_msgs) StdoutLine: {'line': b'-- Up-to-date symlink: /home/lee/workspace/ros2_ex/install/px4_msgs/include/px4_msgs/px4_msgs/msg/debug_vect.hpp\n'}
[0.430212] (px4_msgs) StdoutLine: {'line': b'-- Up-to-date symlink: /home/lee/workspace/ros2_ex/install/px4_msgs/include/px4_msgs/px4_msgs/msg/detail/action_request__builder.hpp\n'}
[0.430260] (px4_msgs) StdoutLine: {'line': b'-- Up-to-date symlink: /home/lee/workspace/ros2_ex/install/px4_msgs/include/px4_msgs/px4_msgs/msg/detail/action_request__struct.hpp\n'}
[0.430337] (px4_msgs) StdoutLine: {'line': b'-- Up-to-date symlink: /home/lee/workspace/ros2_ex/install/px4_msgs/include/px4_msgs/px4_msgs/msg/detail/action_request__traits.hpp\n'}
[0.430403] (px4_msgs) StdoutLine: {'line': b'-- Up-to-date symlink: /home/lee/workspace/ros2_ex/install/px4_msgs/include/px4_msgs/px4_msgs/msg/detail/action_request__type_support.hpp\n'}
[0.430462] (px4_msgs) StdoutLine: {'line': b'-- Up-to-date symlink: /home/lee/workspace/ros2_ex/install/px4_msgs/include/px4_msgs/px4_msgs/msg/detail/actuator_armed__builder.hpp\n'}
[0.430510] (px4_msgs) StdoutLine: {'line': b'-- Up-to-date symlink: /home/lee/workspace/ros2_ex/install/px4_msgs/include/px4_msgs/px4_msgs/msg/detail/actuator_armed__struct.hpp\n'}
[0.430557] (px4_msgs) StdoutLine: {'line': b'-- Up-to-date symlink: /home/lee/workspace/ros2_ex/install/px4_msgs/include/px4_msgs/px4_msgs/msg/detail/actuator_armed__traits.hpp\n'}
[0.430604] (px4_msgs) StdoutLine: {'line': b'-- Up-to-date symlink: /home/lee/workspace/ros2_ex/install/px4_msgs/include/px4_msgs/px4_msgs/msg/detail/actuator_armed__type_support.hpp\n'}
[0.430651] (px4_msgs) StdoutLine: {'line': b'-- Up-to-date symlink: /home/lee/workspace/ros2_ex/install/px4_msgs/include/px4_msgs/px4_msgs/msg/detail/actuator_controls_status__builder.hpp\n'}
[0.430698] (px4_msgs) StdoutLine: {'line': b'-- Up-to-date symlink: /home/lee/workspace/ros2_ex/install/px4_msgs/include/px4_msgs/px4_msgs/msg/detail/actuator_controls_status__struct.hpp\n'}
[0.430778] (px4_msgs) StdoutLine: {'line': b'-- Up-to-date symlink: /home/lee/workspace/ros2_ex/install/px4_msgs/include/px4_msgs/px4_msgs/msg/detail/actuator_controls_status__traits.hpp\n'}
[0.430825] (px4_msgs) StdoutLine: {'line': b'-- Up-to-date symlink: /home/lee/workspace/ros2_ex/install/px4_msgs/include/px4_msgs/px4_msgs/msg/detail/actuator_controls_status__type_support.hpp\n'}
[0.430891] (px4_msgs) StdoutLine: {'line': b'-- Up-to-date symlink: /home/lee/workspace/ros2_ex/install/px4_msgs/include/px4_msgs/px4_msgs/msg/detail/actuator_motors__builder.hpp\n'}
[0.430938] (px4_msgs) StdoutLine: {'line': b'-- Up-to-date symlink: /home/lee/workspace/ros2_ex/install/px4_msgs/include/px4_msgs/px4_msgs/msg/detail/actuator_motors__struct.hpp\n'}
[0.430984] (px4_msgs) StdoutLine: {'line': b'-- Up-to-date symlink: /home/lee/workspace/ros2_ex/install/px4_msgs/include/px4_msgs/px4_msgs/msg/detail/actuator_motors__traits.hpp\n'}
[0.431030] (px4_msgs) StdoutLine: {'line': b'-- Up-to-date symlink: /home/lee/workspace/ros2_ex/install/px4_msgs/include/px4_msgs/px4_msgs/msg/detail/actuator_motors__type_support.hpp\n'}
[0.431076] (px4_msgs) StdoutLine: {'line': b'-- Up-to-date symlink: /home/lee/workspace/ros2_ex/install/px4_msgs/include/px4_msgs/px4_msgs/msg/detail/actuator_outputs__builder.hpp\n'}
[0.431122] (px4_msgs) StdoutLine: {'line': b'-- Up-to-date symlink: /home/lee/workspace/ros2_ex/install/px4_msgs/include/px4_msgs/px4_msgs/msg/detail/actuator_outputs__struct.hpp\n'}
[0.431168] (px4_msgs) StdoutLine: {'line': b'-- Up-to-date symlink: /home/lee/workspace/ros2_ex/install/px4_msgs/include/px4_msgs/px4_msgs/msg/detail/actuator_outputs__traits.hpp\n'}
[0.431213] (px4_msgs) StdoutLine: {'line': b'-- Up-to-date symlink: /home/lee/workspace/ros2_ex/install/px4_msgs/include/px4_msgs/px4_msgs/msg/detail/actuator_outputs__type_support.hpp\n'}
[0.431259] (px4_msgs) StdoutLine: {'line': b'-- Up-to-date symlink: /home/lee/workspace/ros2_ex/install/px4_msgs/include/px4_msgs/px4_msgs/msg/detail/actuator_servos__builder.hpp\n'}
[0.431351] (px4_msgs) StdoutLine: {'line': b'-- Up-to-date symlink: /home/lee/workspace/ros2_ex/install/px4_msgs/include/px4_msgs/px4_msgs/msg/detail/actuator_servos__struct.hpp\n'}
[0.431410] (px4_msgs) StdoutLine: {'line': b'-- Up-to-date symlink: /home/lee/workspace/ros2_ex/install/px4_msgs/include/px4_msgs/px4_msgs/msg/detail/actuator_servos__traits.hpp\n'}
[0.431484] (px4_msgs) StdoutLine: {'line': b'-- Up-to-date symlink: /home/lee/workspace/ros2_ex/install/px4_msgs/include/px4_msgs/px4_msgs/msg/detail/actuator_servos__type_support.hpp\n'}
[0.431531] (px4_msgs) StdoutLine: {'line': b'-- Up-to-date symlink: /home/lee/workspace/ros2_ex/install/px4_msgs/include/px4_msgs/px4_msgs/msg/detail/actuator_servos_trim__builder.hpp\n'}
[0.431577] (px4_msgs) StdoutLine: {'line': b'-- Up-to-date symlink: /home/lee/workspace/ros2_ex/install/px4_msgs/include/px4_msgs/px4_msgs/msg/detail/actuator_servos_trim__struct.hpp\n'}
[0.431624] (px4_msgs) StdoutLine: {'line': b'-- Up-to-date symlink: /home/lee/workspace/ros2_ex/install/px4_msgs/include/px4_msgs/px4_msgs/msg/detail/actuator_servos_trim__traits.hpp\n'}
[0.431671] (px4_msgs) StdoutLine: {'line': b'-- Up-to-date symlink: /home/lee/workspace/ros2_ex/install/px4_msgs/include/px4_msgs/px4_msgs/msg/detail/actuator_servos_trim__type_support.hpp\n'}
[0.431717] (px4_msgs) StdoutLine: {'line': b'-- Up-to-date symlink: /home/lee/workspace/ros2_ex/install/px4_msgs/include/px4_msgs/px4_msgs/msg/detail/actuator_test__builder.hpp\n'}
[0.431763] (px4_msgs) StdoutLine: {'line': b'-- Up-to-date symlink: /home/lee/workspace/ros2_ex/install/px4_msgs/include/px4_msgs/px4_msgs/msg/detail/actuator_test__struct.hpp\n'}
[0.431809] (px4_msgs) StdoutLine: {'line': b'-- Up-to-date symlink: /home/lee/workspace/ros2_ex/install/px4_msgs/include/px4_msgs/px4_msgs/msg/detail/actuator_test__traits.hpp\n'}
[0.431856] (px4_msgs) StdoutLine: {'line': b'-- Up-to-date symlink: /home/lee/workspace/ros2_ex/install/px4_msgs/include/px4_msgs/px4_msgs/msg/detail/actuator_test__type_support.hpp\n'}
[0.431902] (px4_msgs) StdoutLine: {'line': b'-- Up-to-date symlink: /home/lee/workspace/ros2_ex/install/px4_msgs/include/px4_msgs/px4_msgs/msg/detail/adc_report__builder.hpp\n'}
[0.431949] (px4_msgs) StdoutLine: {'line': b'-- Up-to-date symlink: /home/lee/workspace/ros2_ex/install/px4_msgs/include/px4_msgs/px4_msgs/msg/detail/adc_report__struct.hpp\n'}
[0.431995] (px4_msgs) StdoutLine: {'line': b'-- Up-to-date symlink: /home/lee/workspace/ros2_ex/install/px4_msgs/include/px4_msgs/px4_msgs/msg/detail/adc_report__traits.hpp\n'}
[0.432041] (px4_msgs) StdoutLine: {'line': b'-- Up-to-date symlink: /home/lee/workspace/ros2_ex/install/px4_msgs/include/px4_msgs/px4_msgs/msg/detail/adc_report__type_support.hpp\n'}
[0.432087] (px4_msgs) StdoutLine: {'line': b'-- Up-to-date symlink: /home/lee/workspace/ros2_ex/install/px4_msgs/include/px4_msgs/px4_msgs/msg/detail/airspeed__builder.hpp\n'}
[0.432134] (px4_msgs) StdoutLine: {'line': b'-- Up-to-date symlink: /home/lee/workspace/ros2_ex/install/px4_msgs/include/px4_msgs/px4_msgs/msg/detail/airspeed__struct.hpp\n'}
[0.432182] (px4_msgs) StdoutLine: {'line': b'-- Up-to-date symlink: /home/lee/workspace/ros2_ex/install/px4_msgs/include/px4_msgs/px4_msgs/msg/detail/airspeed__traits.hpp\n'}
[0.432244] (px4_msgs) StdoutLine: {'line': b'-- Up-to-date symlink: /home/lee/workspace/ros2_ex/install/px4_msgs/include/px4_msgs/px4_msgs/msg/detail/airspeed__type_support.hpp\n'}
[0.432341] (px4_msgs) StdoutLine: {'line': b'-- Up-to-date symlink: /home/lee/workspace/ros2_ex/install/px4_msgs/include/px4_msgs/px4_msgs/msg/detail/airspeed_validated__builder.hpp\n'}
[0.432414] (px4_msgs) StdoutLine: {'line': b'-- Up-to-date symlink: /home/lee/workspace/ros2_ex/install/px4_msgs/include/px4_msgs/px4_msgs/msg/detail/airspeed_validated__struct.hpp\n'}
[0.432463] (px4_msgs) StdoutLine: {'line': b'-- Up-to-date symlink: /home/lee/workspace/ros2_ex/install/px4_msgs/include/px4_msgs/px4_msgs/msg/detail/airspeed_validated__traits.hpp\n'}
[0.432510] (px4_msgs) StdoutLine: {'line': b'-- Up-to-date symlink: /home/lee/workspace/ros2_ex/install/px4_msgs/include/px4_msgs/px4_msgs/msg/detail/airspeed_validated__type_support.hpp\n'}
[0.432558] (px4_msgs) StdoutLine: {'line': b'-- Up-to-date symlink: /home/lee/workspace/ros2_ex/install/px4_msgs/include/px4_msgs/px4_msgs/msg/detail/airspeed_wind__builder.hpp\n'}
[0.432638] (px4_msgs) StdoutLine: {'line': b'-- Up-to-date symlink: /home/lee/workspace/ros2_ex/install/px4_msgs/include/px4_msgs/px4_msgs/msg/detail/airspeed_wind__struct.hpp\n'}
[0.432692] (px4_msgs) StdoutLine: {'line': b'-- Up-to-date symlink: /home/lee/workspace/ros2_ex/install/px4_msgs/include/px4_msgs/px4_msgs/msg/detail/airspeed_wind__traits.hpp\n'}
[0.432738] (px4_msgs) StdoutLine: {'line': b'-- Up-to-date symlink: /home/lee/workspace/ros2_ex/install/px4_msgs/include/px4_msgs/px4_msgs/msg/detail/airspeed_wind__type_support.hpp\n'}
[0.432785] (px4_msgs) StdoutLine: {'line': b'-- Up-to-date symlink: /home/lee/workspace/ros2_ex/install/px4_msgs/include/px4_msgs/px4_msgs/msg/detail/arming_check_reply__builder.hpp\n'}
[0.432831] (px4_msgs) StdoutLine: {'line': b'-- Up-to-date symlink: /home/lee/workspace/ros2_ex/install/px4_msgs/include/px4_msgs/px4_msgs/msg/detail/arming_check_reply__struct.hpp\n'}
[0.432877] (px4_msgs) StdoutLine: {'line': b'-- Up-to-date symlink: /home/lee/workspace/ros2_ex/install/px4_msgs/include/px4_msgs/px4_msgs/msg/detail/arming_check_reply__traits.hpp\n'}
[0.432923] (px4_msgs) StdoutLine: {'line': b'-- Up-to-date symlink: /home/lee/workspace/ros2_ex/install/px4_msgs/include/px4_msgs/px4_msgs/msg/detail/arming_check_reply__type_support.hpp\n'}
[0.432969] (px4_msgs) StdoutLine: {'line': b'-- Up-to-date symlink: /home/lee/workspace/ros2_ex/install/px4_msgs/include/px4_msgs/px4_msgs/msg/detail/arming_check_request__builder.hpp\n'}
[0.433015] (px4_msgs) StdoutLine: {'line': b'-- Up-to-date symlink: /home/lee/workspace/ros2_ex/install/px4_msgs/include/px4_msgs/px4_msgs/msg/detail/arming_check_request__struct.hpp\n'}
[0.433061] (px4_msgs) StdoutLine: {'line': b'-- Up-to-date symlink: /home/lee/workspace/ros2_ex/install/px4_msgs/include/px4_msgs/px4_msgs/msg/detail/arming_check_request__traits.hpp\n'}
[0.433107] (px4_msgs) StdoutLine: {'line': b'-- Up-to-date symlink: /home/lee/workspace/ros2_ex/install/px4_msgs/include/px4_msgs/px4_msgs/msg/detail/arming_check_request__type_support.hpp\n'}
[0.433153] (px4_msgs) StdoutLine: {'line': b'-- Up-to-date symlink: /home/lee/workspace/ros2_ex/install/px4_msgs/include/px4_msgs/px4_msgs/msg/detail/autotune_attitude_control_status__builder.hpp\n'}
[0.433200] (px4_msgs) StdoutLine: {'line': b'-- Up-to-date symlink: /home/lee/workspace/ros2_ex/install/px4_msgs/include/px4_msgs/px4_msgs/msg/detail/autotune_attitude_control_status__struct.hpp\n'}
[0.433247] (px4_msgs) StdoutLine: {'line': b'-- Up-to-date symlink: /home/lee/workspace/ros2_ex/install/px4_msgs/include/px4_msgs/px4_msgs/msg/detail/autotune_attitude_control_status__traits.hpp\n'}
[0.433309] (px4_msgs) StdoutLine: {'line': b'-- Up-to-date symlink: /home/lee/workspace/ros2_ex/install/px4_msgs/include/px4_msgs/px4_msgs/msg/detail/autotune_attitude_control_status__type_support.hpp\n'}
[0.433409] (px4_msgs) StdoutLine: {'line': b'-- Up-to-date symlink: /home/lee/workspace/ros2_ex/install/px4_msgs/include/px4_msgs/px4_msgs/msg/detail/battery_info__builder.hpp\n'}
[0.433467] (px4_msgs) StdoutLine: {'line': b'-- Up-to-date symlink: /home/lee/workspace/ros2_ex/install/px4_msgs/include/px4_msgs/px4_msgs/msg/detail/battery_info__struct.hpp\n'}
[0.433514] (px4_msgs) StdoutLine: {'line': b'-- Up-to-date symlink: /home/lee/workspace/ros2_ex/install/px4_msgs/include/px4_msgs/px4_msgs/msg/detail/battery_info__traits.hpp\n'}
[0.433560] (px4_msgs) StdoutLine: {'line': b'-- Up-to-date symlink: /home/lee/workspace/ros2_ex/install/px4_msgs/include/px4_msgs/px4_msgs/msg/detail/battery_info__type_support.hpp\n'}
[0.433607] (px4_msgs) StdoutLine: {'line': b'-- Up-to-date symlink: /home/lee/workspace/ros2_ex/install/px4_msgs/include/px4_msgs/px4_msgs/msg/detail/battery_status__builder.hpp\n'}
[0.433655] (px4_msgs) StdoutLine: {'line': b'-- Up-to-date symlink: /home/lee/workspace/ros2_ex/install/px4_msgs/include/px4_msgs/px4_msgs/msg/detail/battery_status__struct.hpp\n'}
[0.433702] (px4_msgs) StdoutLine: {'line': b'-- Up-to-date symlink: /home/lee/workspace/ros2_ex/install/px4_msgs/include/px4_msgs/px4_msgs/msg/detail/battery_status__traits.hpp\n'}
[0.433781] (px4_msgs) StdoutLine: {'line': b'-- Up-to-date symlink: /home/lee/workspace/ros2_ex/install/px4_msgs/include/px4_msgs/px4_msgs/msg/detail/battery_status__type_support.hpp\n'}
[0.433849] (px4_msgs) StdoutLine: {'line': b'-- Up-to-date symlink: /home/lee/workspace/ros2_ex/install/px4_msgs/include/px4_msgs/px4_msgs/msg/detail/button_event__builder.hpp\n'}
[0.433898] (px4_msgs) StdoutLine: {'line': b'-- Up-to-date symlink: /home/lee/workspace/ros2_ex/install/px4_msgs/include/px4_msgs/px4_msgs/msg/detail/button_event__struct.hpp\n'}
[0.433946] (px4_msgs) StdoutLine: {'line': b'-- Up-to-date symlink: /home/lee/workspace/ros2_ex/install/px4_msgs/include/px4_msgs/px4_msgs/msg/detail/button_event__traits.hpp\n'}
[0.434022] (px4_msgs) StdoutLine: {'line': b'-- Up-to-date symlink: /home/lee/workspace/ros2_ex/install/px4_msgs/include/px4_msgs/px4_msgs/msg/detail/button_event__type_support.hpp\n'}
[0.434081] (px4_msgs) StdoutLine: {'line': b'-- Up-to-date symlink: /home/lee/workspace/ros2_ex/install/px4_msgs/include/px4_msgs/px4_msgs/msg/detail/camera_capture__builder.hpp\n'}
[0.434131] (px4_msgs) StdoutLine: {'line': b'-- Up-to-date symlink: /home/lee/workspace/ros2_ex/install/px4_msgs/include/px4_msgs/px4_msgs/msg/detail/camera_capture__struct.hpp\n'}
[0.434179] (px4_msgs) StdoutLine: {'line': b'-- Up-to-date symlink: /home/lee/workspace/ros2_ex/install/px4_msgs/include/px4_msgs/px4_msgs/msg/detail/camera_capture__traits.hpp\n'}
[0.434228] (px4_msgs) StdoutLine: {'line': b'-- Up-to-date symlink: /home/lee/workspace/ros2_ex/install/px4_msgs/include/px4_msgs/px4_msgs/msg/detail/camera_capture__type_support.hpp\n'}
[0.434274] (px4_msgs) StdoutLine: {'line': b'-- Up-to-date symlink: /home/lee/workspace/ros2_ex/install/px4_msgs/include/px4_msgs/px4_msgs/msg/detail/camera_status__builder.hpp\n'}
[0.434363] (px4_msgs) StdoutLine: {'line': b'-- Up-to-date symlink: /home/lee/workspace/ros2_ex/install/px4_msgs/include/px4_msgs/px4_msgs/msg/detail/camera_status__struct.hpp\n'}
[0.434426] (px4_msgs) StdoutLine: {'line': b'-- Up-to-date symlink: /home/lee/workspace/ros2_ex/install/px4_msgs/include/px4_msgs/px4_msgs/msg/detail/camera_status__traits.hpp\n'}
[0.434473] (px4_msgs) StdoutLine: {'line': b'-- Up-to-date symlink: /home/lee/workspace/ros2_ex/install/px4_msgs/include/px4_msgs/px4_msgs/msg/detail/camera_status__type_support.hpp\n'}
[0.434520] (px4_msgs) StdoutLine: {'line': b'-- Up-to-date symlink: /home/lee/workspace/ros2_ex/install/px4_msgs/include/px4_msgs/px4_msgs/msg/detail/camera_trigger__builder.hpp\n'}
[0.434566] (px4_msgs) StdoutLine: {'line': b'-- Up-to-date symlink: /home/lee/workspace/ros2_ex/install/px4_msgs/include/px4_msgs/px4_msgs/msg/detail/camera_trigger__struct.hpp\n'}
[0.434612] (px4_msgs) StdoutLine: {'line': b'-- Up-to-date symlink: /home/lee/workspace/ros2_ex/install/px4_msgs/include/px4_msgs/px4_msgs/msg/detail/camera_trigger__traits.hpp\n'}
[0.434658] (px4_msgs) StdoutLine: {'line': b'-- Up-to-date symlink: /home/lee/workspace/ros2_ex/install/px4_msgs/include/px4_msgs/px4_msgs/msg/detail/camera_trigger__type_support.hpp\n'}
[0.434704] (px4_msgs) StdoutLine: {'line': b'-- Up-to-date symlink: /home/lee/workspace/ros2_ex/install/px4_msgs/include/px4_msgs/px4_msgs/msg/detail/can_interface_status__builder.hpp\n'}
[0.434751] (px4_msgs) StdoutLine: {'line': b'-- Up-to-date symlink: /home/lee/workspace/ros2_ex/install/px4_msgs/include/px4_msgs/px4_msgs/msg/detail/can_interface_status__struct.hpp\n'}
[0.434797] (px4_msgs) StdoutLine: {'line': b'-- Up-to-date symlink: /home/lee/workspace/ros2_ex/install/px4_msgs/include/px4_msgs/px4_msgs/msg/detail/can_interface_status__traits.hpp\n'}
[0.434843] (px4_msgs) StdoutLine: {'line': b'-- Up-to-date symlink: /home/lee/workspace/ros2_ex/install/px4_msgs/include/px4_msgs/px4_msgs/msg/detail/can_interface_status__type_support.hpp\n'}
[0.434889] (px4_msgs) StdoutLine: {'line': b'-- Up-to-date symlink: /home/lee/workspace/ros2_ex/install/px4_msgs/include/px4_msgs/px4_msgs/msg/detail/cellular_status__builder.hpp\n'}
[0.434950] (px4_msgs) StdoutLine: {'line': b'-- Up-to-date symlink: /home/lee/workspace/ros2_ex/install/px4_msgs/include/px4_msgs/px4_msgs/msg/detail/cellular_status__struct.hpp\n'}
[0.434996] (px4_msgs) StdoutLine: {'line': b'-- Up-to-date symlink: /home/lee/workspace/ros2_ex/install/px4_msgs/include/px4_msgs/px4_msgs/msg/detail/cellular_status__traits.hpp\n'}
[0.435042] (px4_msgs) StdoutLine: {'line': b'-- Up-to-date symlink: /home/lee/workspace/ros2_ex/install/px4_msgs/include/px4_msgs/px4_msgs/msg/detail/cellular_status__type_support.hpp\n'}
[0.435088] (px4_msgs) StdoutLine: {'line': b'-- Up-to-date symlink: /home/lee/workspace/ros2_ex/install/px4_msgs/include/px4_msgs/px4_msgs/msg/detail/collision_constraints__builder.hpp\n'}
[0.435134] (px4_msgs) StdoutLine: {'line': b'-- Up-to-date symlink: /home/lee/workspace/ros2_ex/install/px4_msgs/include/px4_msgs/px4_msgs/msg/detail/collision_constraints__struct.hpp\n'}
[0.435180] (px4_msgs) StdoutLine: {'line': b'-- Up-to-date symlink: /home/lee/workspace/ros2_ex/install/px4_msgs/include/px4_msgs/px4_msgs/msg/detail/collision_constraints__traits.hpp\n'}
[0.435226] (px4_msgs) StdoutLine: {'line': b'-- Up-to-date symlink: /home/lee/workspace/ros2_ex/install/px4_msgs/include/px4_msgs/px4_msgs/msg/detail/collision_constraints__type_support.hpp\n'}
[0.435328] (px4_msgs) StdoutLine: {'line': b'-- Up-to-date symlink: /home/lee/workspace/ros2_ex/install/px4_msgs/include/px4_msgs/px4_msgs/msg/detail/collision_report__builder.hpp\n'}
[0.435399] (px4_msgs) StdoutLine: {'line': b'-- Up-to-date symlink: /home/lee/workspace/ros2_ex/install/px4_msgs/include/px4_msgs/px4_msgs/msg/detail/collision_report__struct.hpp\n'}
[0.435448] (px4_msgs) StdoutLine: {'line': b'-- Up-to-date symlink: /home/lee/workspace/ros2_ex/install/px4_msgs/include/px4_msgs/px4_msgs/msg/detail/collision_report__traits.hpp\n'}
[0.435496] (px4_msgs) StdoutLine: {'line': b'-- Up-to-date symlink: /home/lee/workspace/ros2_ex/install/px4_msgs/include/px4_msgs/px4_msgs/msg/detail/collision_report__type_support.hpp\n'}
[0.435566] (px4_msgs) StdoutLine: {'line': b'-- Up-to-date symlink: /home/lee/workspace/ros2_ex/install/px4_msgs/include/px4_msgs/px4_msgs/msg/detail/config_overrides__builder.hpp\n'}
[0.435635] (px4_msgs) StdoutLine: {'line': b'-- Up-to-date symlink: /home/lee/workspace/ros2_ex/install/px4_msgs/include/px4_msgs/px4_msgs/msg/detail/config_overrides__struct.hpp\n'}
[0.435686] (px4_msgs) StdoutLine: {'line': b'-- Up-to-date symlink: /home/lee/workspace/ros2_ex/install/px4_msgs/include/px4_msgs/px4_msgs/msg/detail/config_overrides__traits.hpp\n'}
[0.435737] (px4_msgs) StdoutLine: {'line': b'-- Up-to-date symlink: /home/lee/workspace/ros2_ex/install/px4_msgs/include/px4_msgs/px4_msgs/msg/detail/config_overrides__type_support.hpp\n'}
[0.435785] (px4_msgs) StdoutLine: {'line': b'-- Up-to-date symlink: /home/lee/workspace/ros2_ex/install/px4_msgs/include/px4_msgs/px4_msgs/msg/detail/control_allocator_status__builder.hpp\n'}
[0.435831] (px4_msgs) StdoutLine: {'line': b'-- Up-to-date symlink: /home/lee/workspace/ros2_ex/install/px4_msgs/include/px4_msgs/px4_msgs/msg/detail/control_allocator_status__struct.hpp\n'}
[0.435876] (px4_msgs) StdoutLine: {'line': b'-- Up-to-date symlink: /home/lee/workspace/ros2_ex/install/px4_msgs/include/px4_msgs/px4_msgs/msg/detail/control_allocator_status__traits.hpp\n'}
[0.435924] (px4_msgs) StdoutLine: {'line': b'-- Up-to-date symlink: /home/lee/workspace/ros2_ex/install/px4_msgs/include/px4_msgs/px4_msgs/msg/detail/control_allocator_status__type_support.hpp\n'}
[0.435968] (px4_msgs) StdoutLine: {'line': b'-- Up-to-date symlink: /home/lee/workspace/ros2_ex/install/px4_msgs/include/px4_msgs/px4_msgs/msg/detail/cpuload__builder.hpp\n'}
[0.436011] (px4_msgs) StdoutLine: {'line': b'-- Up-to-date symlink: /home/lee/workspace/ros2_ex/install/px4_msgs/include/px4_msgs/px4_msgs/msg/detail/cpuload__struct.hpp\n'}
[0.436056] (px4_msgs) StdoutLine: {'line': b'-- Up-to-date symlink: /home/lee/workspace/ros2_ex/install/px4_msgs/include/px4_msgs/px4_msgs/msg/detail/cpuload__traits.hpp\n'}
[0.436106] (px4_msgs) StdoutLine: {'line': b'-- Up-to-date symlink: /home/lee/workspace/ros2_ex/install/px4_msgs/include/px4_msgs/px4_msgs/msg/detail/cpuload__type_support.hpp\n'}
[0.436153] (px4_msgs) StdoutLine: {'line': b'-- Up-to-date symlink: /home/lee/workspace/ros2_ex/install/px4_msgs/include/px4_msgs/px4_msgs/msg/detail/dataman_request__builder.hpp\n'}
[0.436199] (px4_msgs) StdoutLine: {'line': b'-- Up-to-date symlink: /home/lee/workspace/ros2_ex/install/px4_msgs/include/px4_msgs/px4_msgs/msg/detail/dataman_request__struct.hpp\n'}
[0.436247] (px4_msgs) StdoutLine: {'line': b'-- Up-to-date symlink: /home/lee/workspace/ros2_ex/install/px4_msgs/include/px4_msgs/px4_msgs/msg/detail/dataman_request__traits.hpp\n'}
[0.436320] (px4_msgs) StdoutLine: {'line': b'-- Up-to-date symlink: /home/lee/workspace/ros2_ex/install/px4_msgs/include/px4_msgs/px4_msgs/msg/detail/dataman_request__type_support.hpp\n'}
[0.436429] (px4_msgs) StdoutLine: {'line': b'-- Up-to-date symlink: /home/lee/workspace/ros2_ex/install/px4_msgs/include/px4_msgs/px4_msgs/msg/detail/dataman_response__builder.hpp\n'}
[0.436477] (px4_msgs) StdoutLine: {'line': b'-- Up-to-date symlink: /home/lee/workspace/ros2_ex/install/px4_msgs/include/px4_msgs/px4_msgs/msg/detail/dataman_response__struct.hpp\n'}
[0.436524] (px4_msgs) StdoutLine: {'line': b'-- Up-to-date symlink: /home/lee/workspace/ros2_ex/install/px4_msgs/include/px4_msgs/px4_msgs/msg/detail/dataman_response__traits.hpp\n'}
[0.436571] (px4_msgs) StdoutLine: {'line': b'-- Up-to-date symlink: /home/lee/workspace/ros2_ex/install/px4_msgs/include/px4_msgs/px4_msgs/msg/detail/dataman_response__type_support.hpp\n'}
[0.436617] (px4_msgs) StdoutLine: {'line': b'-- Up-to-date symlink: /home/lee/workspace/ros2_ex/install/px4_msgs/include/px4_msgs/px4_msgs/msg/detail/debug_array__builder.hpp\n'}
[0.436663] (px4_msgs) StdoutLine: {'line': b'-- Up-to-date symlink: /home/lee/workspace/ros2_ex/install/px4_msgs/include/px4_msgs/px4_msgs/msg/detail/debug_array__struct.hpp\n'}
[0.436709] (px4_msgs) StdoutLine: {'line': b'-- Up-to-date symlink: /home/lee/workspace/ros2_ex/install/px4_msgs/include/px4_msgs/px4_msgs/msg/detail/debug_array__traits.hpp\n'}
[0.436755] (px4_msgs) StdoutLine: {'line': b'-- Up-to-date symlink: /home/lee/workspace/ros2_ex/install/px4_msgs/include/px4_msgs/px4_msgs/msg/detail/debug_array__type_support.hpp\n'}
[0.436802] (px4_msgs) StdoutLine: {'line': b'-- Up-to-date symlink: /home/lee/workspace/ros2_ex/install/px4_msgs/include/px4_msgs/px4_msgs/msg/detail/debug_key_value__builder.hpp\n'}
[0.436859] (px4_msgs) StdoutLine: {'line': b'-- Up-to-date symlink: /home/lee/workspace/ros2_ex/install/px4_msgs/include/px4_msgs/px4_msgs/msg/detail/debug_key_value__struct.hpp\n'}
[0.436908] (px4_msgs) StdoutLine: {'line': b'-- Up-to-date symlink: /home/lee/workspace/ros2_ex/install/px4_msgs/include/px4_msgs/px4_msgs/msg/detail/debug_key_value__traits.hpp\n'}
[0.436954] (px4_msgs) StdoutLine: {'line': b'-- Up-to-date symlink: /home/lee/workspace/ros2_ex/install/px4_msgs/include/px4_msgs/px4_msgs/msg/detail/debug_key_value__type_support.hpp\n'}
[0.437000] (px4_msgs) StdoutLine: {'line': b'-- Up-to-date symlink: /home/lee/workspace/ros2_ex/install/px4_msgs/include/px4_msgs/px4_msgs/msg/detail/debug_value__builder.hpp\n'}
[0.437047] (px4_msgs) StdoutLine: {'line': b'-- Up-to-date symlink: /home/lee/workspace/ros2_ex/install/px4_msgs/include/px4_msgs/px4_msgs/msg/detail/debug_value__struct.hpp\n'}
[0.437094] (px4_msgs) StdoutLine: {'line': b'-- Up-to-date symlink: /home/lee/workspace/ros2_ex/install/px4_msgs/include/px4_msgs/px4_msgs/msg/detail/debug_value__traits.hpp\n'}
[0.437194] (px4_msgs) StdoutLine: {'line': b'-- Up-to-date symlink: /home/lee/workspace/ros2_ex/install/px4_msgs/include/px4_msgs/px4_msgs/msg/detail/debug_value__type_support.hpp\n'}
[0.437242] (px4_msgs) StdoutLine: {'line': b'-- Up-to-date symlink: /home/lee/workspace/ros2_ex/install/px4_msgs/include/px4_msgs/px4_msgs/msg/detail/debug_vect__builder.hpp\n'}
[0.437312] (px4_msgs) StdoutLine: {'line': b'-- Up-to-date symlink: /home/lee/workspace/ros2_ex/install/px4_msgs/include/px4_msgs/px4_msgs/msg/detail/debug_vect__struct.hpp\n'}
[0.437377] (px4_msgs) StdoutLine: {'line': b'-- Up-to-date symlink: /home/lee/workspace/ros2_ex/install/px4_msgs/include/px4_msgs/px4_msgs/msg/detail/debug_vect__traits.hpp\n'}
[0.437425] (px4_msgs) StdoutLine: {'line': b'-- Up-to-date symlink: /home/lee/workspace/ros2_ex/install/px4_msgs/include/px4_msgs/px4_msgs/msg/detail/debug_vect__type_support.hpp\n'}
[0.437472] (px4_msgs) StdoutLine: {'line': b'-- Up-to-date symlink: /home/lee/workspace/ros2_ex/install/px4_msgs/include/px4_msgs/px4_msgs/msg/detail/differential_pressure__builder.hpp\n'}
[0.437519] (px4_msgs) StdoutLine: {'line': b'-- Up-to-date symlink: /home/lee/workspace/ros2_ex/install/px4_msgs/include/px4_msgs/px4_msgs/msg/detail/differential_pressure__struct.hpp\n'}
[0.437566] (px4_msgs) StdoutLine: {'line': b'-- Up-to-date symlink: /home/lee/workspace/ros2_ex/install/px4_msgs/include/px4_msgs/px4_msgs/msg/detail/differential_pressure__traits.hpp\n'}
[0.437614] (px4_msgs) StdoutLine: {'line': b'-- Up-to-date symlink: /home/lee/workspace/ros2_ex/install/px4_msgs/include/px4_msgs/px4_msgs/msg/detail/differential_pressure__type_support.hpp\n'}
[0.437662] (px4_msgs) StdoutLine: {'line': b'-- Up-to-date symlink: /home/lee/workspace/ros2_ex/install/px4_msgs/include/px4_msgs/px4_msgs/msg/detail/distance_sensor__builder.hpp\n'}
[0.437708] (px4_msgs) StdoutLine: {'line': b'-- Up-to-date symlink: /home/lee/workspace/ros2_ex/install/px4_msgs/include/px4_msgs/px4_msgs/msg/detail/distance_sensor__struct.hpp\n'}
[0.437757] (px4_msgs) StdoutLine: {'line': b'-- Up-to-date symlink: /home/lee/workspace/ros2_ex/install/px4_msgs/include/px4_msgs/px4_msgs/msg/detail/distance_sensor__traits.hpp\n'}
[0.437803] (px4_msgs) StdoutLine: {'line': b'-- Up-to-date symlink: /home/lee/workspace/ros2_ex/install/px4_msgs/include/px4_msgs/px4_msgs/msg/detail/distance_sensor__type_support.hpp\n'}
[0.437849] (px4_msgs) StdoutLine: {'line': b'-- Up-to-date symlink: /home/lee/workspace/ros2_ex/install/px4_msgs/include/px4_msgs/px4_msgs/msg/detail/distance_sensor_mode_change_request__builder.hpp\n'}
[0.437895] (px4_msgs) StdoutLine: {'line': b'-- Up-to-date symlink: /home/lee/workspace/ros2_ex/install/px4_msgs/include/px4_msgs/px4_msgs/msg/detail/distance_sensor_mode_change_request__struct.hpp\n'}
[0.437941] (px4_msgs) StdoutLine: {'line': b'-- Up-to-date symlink: /home/lee/workspace/ros2_ex/install/px4_msgs/include/px4_msgs/px4_msgs/msg/detail/distance_sensor_mode_change_request__traits.hpp\n'}
[0.437987] (px4_msgs) StdoutLine: {'line': b'-- Up-to-date symlink: /home/lee/workspace/ros2_ex/install/px4_msgs/include/px4_msgs/px4_msgs/msg/detail/distance_sensor_mode_change_request__type_support.hpp\n'}
[0.438034] (px4_msgs) StdoutLine: {'line': b'-- Up-to-date symlink: /home/lee/workspace/ros2_ex/install/px4_msgs/include/px4_msgs/px4_msgs/msg/detail/dronecan_node_status__builder.hpp\n'}
[0.438080] (px4_msgs) StdoutLine: {'line': b'-- Up-to-date symlink: /home/lee/workspace/ros2_ex/install/px4_msgs/include/px4_msgs/px4_msgs/msg/detail/dronecan_node_status__struct.hpp\n'}
[0.438126] (px4_msgs) StdoutLine: {'line': b'-- Up-to-date symlink: /home/lee/workspace/ros2_ex/install/px4_msgs/include/px4_msgs/px4_msgs/msg/detail/dronecan_node_status__traits.hpp\n'}
[0.438172] (px4_msgs) StdoutLine: {'line': b'-- Up-to-date symlink: /home/lee/workspace/ros2_ex/install/px4_msgs/include/px4_msgs/px4_msgs/msg/detail/dronecan_node_status__type_support.hpp\n'}
[0.438217] (px4_msgs) StdoutLine: {'line': b'-- Up-to-date symlink: /home/lee/workspace/ros2_ex/install/px4_msgs/include/px4_msgs/px4_msgs/msg/detail/ekf2_timestamps__builder.hpp\n'}
[0.438278] (px4_msgs) StdoutLine: {'line': b'-- Up-to-date symlink: /home/lee/workspace/ros2_ex/install/px4_msgs/include/px4_msgs/px4_msgs/msg/detail/ekf2_timestamps__struct.hpp\n'}
[0.438395] (px4_msgs) StdoutLine: {'line': b'-- Up-to-date symlink: /home/lee/workspace/ros2_ex/install/px4_msgs/include/px4_msgs/px4_msgs/msg/detail/ekf2_timestamps__traits.hpp\n'}
[0.438455] (px4_msgs) StdoutLine: {'line': b'-- Up-to-date symlink: /home/lee/workspace/ros2_ex/install/px4_msgs/include/px4_msgs/px4_msgs/msg/detail/ekf2_timestamps__type_support.hpp\n'}
[0.438504] (px4_msgs) StdoutLine: {'line': b'-- Up-to-date symlink: /home/lee/workspace/ros2_ex/install/px4_msgs/include/px4_msgs/px4_msgs/msg/detail/esc_report__builder.hpp\n'}
[0.438551] (px4_msgs) StdoutLine: {'line': b'-- Up-to-date symlink: /home/lee/workspace/ros2_ex/install/px4_msgs/include/px4_msgs/px4_msgs/msg/detail/esc_report__struct.hpp\n'}
[0.438598] (px4_msgs) StdoutLine: {'line': b'-- Up-to-date symlink: /home/lee/workspace/ros2_ex/install/px4_msgs/include/px4_msgs/px4_msgs/msg/detail/esc_report__traits.hpp\n'}
[0.438646] (px4_msgs) StdoutLine: {'line': b'-- Up-to-date symlink: /home/lee/workspace/ros2_ex/install/px4_msgs/include/px4_msgs/px4_msgs/msg/detail/esc_report__type_support.hpp\n'}
[0.438694] (px4_msgs) StdoutLine: {'line': b'-- Up-to-date symlink: /home/lee/workspace/ros2_ex/install/px4_msgs/include/px4_msgs/px4_msgs/msg/detail/esc_status__builder.hpp\n'}
[0.438777] (px4_msgs) StdoutLine: {'line': b'-- Up-to-date symlink: /home/lee/workspace/ros2_ex/install/px4_msgs/include/px4_msgs/px4_msgs/msg/detail/esc_status__struct.hpp\n'}
[0.438824] (px4_msgs) StdoutLine: {'line': b'-- Up-to-date symlink: /home/lee/workspace/ros2_ex/install/px4_msgs/include/px4_msgs/px4_msgs/msg/detail/esc_status__traits.hpp\n'}
[0.438871] (px4_msgs) StdoutLine: {'line': b'-- Up-to-date symlink: /home/lee/workspace/ros2_ex/install/px4_msgs/include/px4_msgs/px4_msgs/msg/detail/esc_status__type_support.hpp\n'}
[0.438918] (px4_msgs) StdoutLine: {'line': b'-- Up-to-date symlink: /home/lee/workspace/ros2_ex/install/px4_msgs/include/px4_msgs/px4_msgs/msg/detail/estimator_aid_source1d__builder.hpp\n'}
[0.438965] (px4_msgs) StdoutLine: {'line': b'-- Up-to-date symlink: /home/lee/workspace/ros2_ex/install/px4_msgs/include/px4_msgs/px4_msgs/msg/detail/estimator_aid_source1d__struct.hpp\n'}
[0.439015] (px4_msgs) StdoutLine: {'line': b'-- Up-to-date symlink: /home/lee/workspace/ros2_ex/install/px4_msgs/include/px4_msgs/px4_msgs/msg/detail/estimator_aid_source1d__traits.hpp\n'}
[0.439063] (px4_msgs) StdoutLine: {'line': b'-- Up-to-date symlink: /home/lee/workspace/ros2_ex/install/px4_msgs/include/px4_msgs/px4_msgs/msg/detail/estimator_aid_source1d__type_support.hpp\n'}
[0.439111] (px4_msgs) StdoutLine: {'line': b'-- Up-to-date symlink: /home/lee/workspace/ros2_ex/install/px4_msgs/include/px4_msgs/px4_msgs/msg/detail/estimator_aid_source2d__builder.hpp\n'}
[0.439159] (px4_msgs) StdoutLine: {'line': b'-- Up-to-date symlink: /home/lee/workspace/ros2_ex/install/px4_msgs/include/px4_msgs/px4_msgs/msg/detail/estimator_aid_source2d__struct.hpp\n'}
[0.439207] (px4_msgs) StdoutLine: {'line': b'-- Up-to-date symlink: /home/lee/workspace/ros2_ex/install/px4_msgs/include/px4_msgs/px4_msgs/msg/detail/estimator_aid_source2d__traits.hpp\n'}
[0.439256] (px4_msgs) StdoutLine: {'line': b'-- Up-to-date symlink: /home/lee/workspace/ros2_ex/install/px4_msgs/include/px4_msgs/px4_msgs/msg/detail/estimator_aid_source2d__type_support.hpp\n'}
[0.439362] (px4_msgs) StdoutLine: {'line': b'-- Up-to-date symlink: /home/lee/workspace/ros2_ex/install/px4_msgs/include/px4_msgs/px4_msgs/msg/detail/estimator_aid_source3d__builder.hpp\n'}
[0.439429] (px4_msgs) StdoutLine: {'line': b'-- Up-to-date symlink: /home/lee/workspace/ros2_ex/install/px4_msgs/include/px4_msgs/px4_msgs/msg/detail/estimator_aid_source3d__struct.hpp\n'}
[0.439476] (px4_msgs) StdoutLine: {'line': b'-- Up-to-date symlink: /home/lee/workspace/ros2_ex/install/px4_msgs/include/px4_msgs/px4_msgs/msg/detail/estimator_aid_source3d__traits.hpp\n'}
[0.439524] (px4_msgs) StdoutLine: {'line': b'-- Up-to-date symlink: /home/lee/workspace/ros2_ex/install/px4_msgs/include/px4_msgs/px4_msgs/msg/detail/estimator_aid_source3d__type_support.hpp\n'}
[0.439573] (px4_msgs) StdoutLine: {'line': b'-- Up-to-date symlink: /home/lee/workspace/ros2_ex/install/px4_msgs/include/px4_msgs/px4_msgs/msg/detail/estimator_bias3d__builder.hpp\n'}
[0.439620] (px4_msgs) StdoutLine: {'line': b'-- Up-to-date symlink: /home/lee/workspace/ros2_ex/install/px4_msgs/include/px4_msgs/px4_msgs/msg/detail/estimator_bias3d__struct.hpp\n'}
[0.439694] (px4_msgs) StdoutLine: {'line': b'-- Up-to-date symlink: /home/lee/workspace/ros2_ex/install/px4_msgs/include/px4_msgs/px4_msgs/msg/detail/estimator_bias3d__traits.hpp\n'}
[0.439742] (px4_msgs) StdoutLine: {'line': b'-- Up-to-date symlink: /home/lee/workspace/ros2_ex/install/px4_msgs/include/px4_msgs/px4_msgs/msg/detail/estimator_bias3d__type_support.hpp\n'}
[0.439810] (px4_msgs) StdoutLine: {'line': b'-- Up-to-date symlink: /home/lee/workspace/ros2_ex/install/px4_msgs/include/px4_msgs/px4_msgs/msg/detail/estimator_bias__builder.hpp\n'}
[0.439875] (px4_msgs) StdoutLine: {'line': b'-- Up-to-date symlink: /home/lee/workspace/ros2_ex/install/px4_msgs/include/px4_msgs/px4_msgs/msg/detail/estimator_bias__struct.hpp\n'}
[0.439924] (px4_msgs) StdoutLine: {'line': b'-- Up-to-date symlink: /home/lee/workspace/ros2_ex/install/px4_msgs/include/px4_msgs/px4_msgs/msg/detail/estimator_bias__traits.hpp\n'}
[0.439972] (px4_msgs) StdoutLine: {'line': b'-- Up-to-date symlink: /home/lee/workspace/ros2_ex/install/px4_msgs/include/px4_msgs/px4_msgs/msg/detail/estimator_bias__type_support.hpp\n'}
[0.440019] (px4_msgs) StdoutLine: {'line': b'-- Up-to-date symlink: /home/lee/workspace/ros2_ex/install/px4_msgs/include/px4_msgs/px4_msgs/msg/detail/estimator_event_flags__builder.hpp\n'}
[0.440066] (px4_msgs) StdoutLine: {'line': b'-- Up-to-date symlink: /home/lee/workspace/ros2_ex/install/px4_msgs/include/px4_msgs/px4_msgs/msg/detail/estimator_event_flags__struct.hpp\n'}
[0.440113] (px4_msgs) StdoutLine: {'line': b'-- Up-to-date symlink: /home/lee/workspace/ros2_ex/install/px4_msgs/include/px4_msgs/px4_msgs/msg/detail/estimator_event_flags__traits.hpp\n'}
[0.440159] (px4_msgs) StdoutLine: {'line': b'-- Up-to-date symlink: /home/lee/workspace/ros2_ex/install/px4_msgs/include/px4_msgs/px4_msgs/msg/detail/estimator_event_flags__type_support.hpp\n'}
[0.440207] (px4_msgs) StdoutLine: {'line': b'-- Up-to-date symlink: /home/lee/workspace/ros2_ex/install/px4_msgs/include/px4_msgs/px4_msgs/msg/detail/estimator_gps_status__builder.hpp\n'}
[0.440255] (px4_msgs) StdoutLine: {'line': b'-- Up-to-date symlink: /home/lee/workspace/ros2_ex/install/px4_msgs/include/px4_msgs/px4_msgs/msg/detail/estimator_gps_status__struct.hpp\n'}
[0.440352] (px4_msgs) StdoutLine: {'line': b'-- Up-to-date symlink: /home/lee/workspace/ros2_ex/install/px4_msgs/include/px4_msgs/px4_msgs/msg/detail/estimator_gps_status__traits.hpp\n'}
[0.440425] (px4_msgs) StdoutLine: {'line': b'-- Up-to-date symlink: /home/lee/workspace/ros2_ex/install/px4_msgs/include/px4_msgs/px4_msgs/msg/detail/estimator_gps_status__type_support.hpp\n'}
[0.440473] (px4_msgs) StdoutLine: {'line': b'-- Up-to-date symlink: /home/lee/workspace/ros2_ex/install/px4_msgs/include/px4_msgs/px4_msgs/msg/detail/estimator_innovations__builder.hpp\n'}
[0.440520] (px4_msgs) StdoutLine: {'line': b'-- Up-to-date symlink: /home/lee/workspace/ros2_ex/install/px4_msgs/include/px4_msgs/px4_msgs/msg/detail/estimator_innovations__struct.hpp\n'}
[0.440567] (px4_msgs) StdoutLine: {'line': b'-- Up-to-date symlink: /home/lee/workspace/ros2_ex/install/px4_msgs/include/px4_msgs/px4_msgs/msg/detail/estimator_innovations__traits.hpp\n'}
[0.440616] (px4_msgs) StdoutLine: {'line': b'-- Up-to-date symlink: /home/lee/workspace/ros2_ex/install/px4_msgs/include/px4_msgs/px4_msgs/msg/detail/estimator_innovations__type_support.hpp\n'}
[0.440663] (px4_msgs) StdoutLine: {'line': b'-- Up-to-date symlink: /home/lee/workspace/ros2_ex/install/px4_msgs/include/px4_msgs/px4_msgs/msg/detail/estimator_selector_status__builder.hpp\n'}
[0.440710] (px4_msgs) StdoutLine: {'line': b'-- Up-to-date symlink: /home/lee/workspace/ros2_ex/install/px4_msgs/include/px4_msgs/px4_msgs/msg/detail/estimator_selector_status__struct.hpp\n'}
[0.440757] (px4_msgs) StdoutLine: {'line': b'-- Up-to-date symlink: /home/lee/workspace/ros2_ex/install/px4_msgs/include/px4_msgs/px4_msgs/msg/detail/estimator_selector_status__traits.hpp\n'}
[0.440805] (px4_msgs) StdoutLine: {'line': b'-- Up-to-date symlink: /home/lee/workspace/ros2_ex/install/px4_msgs/include/px4_msgs/px4_msgs/msg/detail/estimator_selector_status__type_support.hpp\n'}
[0.440851] (px4_msgs) StdoutLine: {'line': b'-- Up-to-date symlink: /home/lee/workspace/ros2_ex/install/px4_msgs/include/px4_msgs/px4_msgs/msg/detail/estimator_sensor_bias__builder.hpp\n'}
[0.440894] (px4_msgs) StdoutLine: {'line': b'-- Up-to-date symlink: /home/lee/workspace/ros2_ex/install/px4_msgs/include/px4_msgs/px4_msgs/msg/detail/estimator_sensor_bias__struct.hpp\n'}
[0.440937] (px4_msgs) StdoutLine: {'line': b'-- Up-to-date symlink: /home/lee/workspace/ros2_ex/install/px4_msgs/include/px4_msgs/px4_msgs/msg/detail/estimator_sensor_bias__traits.hpp\n'}
[0.440983] (px4_msgs) StdoutLine: {'line': b'-- Up-to-date symlink: /home/lee/workspace/ros2_ex/install/px4_msgs/include/px4_msgs/px4_msgs/msg/detail/estimator_sensor_bias__type_support.hpp\n'}
[0.441029] (px4_msgs) StdoutLine: {'line': b'-- Up-to-date symlink: /home/lee/workspace/ros2_ex/install/px4_msgs/include/px4_msgs/px4_msgs/msg/detail/estimator_states__builder.hpp\n'}
[0.441076] (px4_msgs) StdoutLine: {'line': b'-- Up-to-date symlink: /home/lee/workspace/ros2_ex/install/px4_msgs/include/px4_msgs/px4_msgs/msg/detail/estimator_states__struct.hpp\n'}
[0.441123] (px4_msgs) StdoutLine: {'line': b'-- Up-to-date symlink: /home/lee/workspace/ros2_ex/install/px4_msgs/include/px4_msgs/px4_msgs/msg/detail/estimator_states__traits.hpp\n'}
[0.441169] (px4_msgs) StdoutLine: {'line': b'-- Up-to-date symlink: /home/lee/workspace/ros2_ex/install/px4_msgs/include/px4_msgs/px4_msgs/msg/detail/estimator_states__type_support.hpp\n'}
[0.441215] (px4_msgs) StdoutLine: {'line': b'-- Up-to-date symlink: /home/lee/workspace/ros2_ex/install/px4_msgs/include/px4_msgs/px4_msgs/msg/detail/estimator_status__builder.hpp\n'}
[0.441287] (px4_msgs) StdoutLine: {'line': b'-- Up-to-date symlink: /home/lee/workspace/ros2_ex/install/px4_msgs/include/px4_msgs/px4_msgs/msg/detail/estimator_status__struct.hpp\n'}
[0.441393] (px4_msgs) StdoutLine: {'line': b'-- Up-to-date symlink: /home/lee/workspace/ros2_ex/install/px4_msgs/include/px4_msgs/px4_msgs/msg/detail/estimator_status__traits.hpp\n'}
[0.441441] (px4_msgs) StdoutLine: {'line': b'-- Up-to-date symlink: /home/lee/workspace/ros2_ex/install/px4_msgs/include/px4_msgs/px4_msgs/msg/detail/estimator_status__type_support.hpp\n'}
[0.441489] (px4_msgs) StdoutLine: {'line': b'-- Up-to-date symlink: /home/lee/workspace/ros2_ex/install/px4_msgs/include/px4_msgs/px4_msgs/msg/detail/estimator_status_flags__builder.hpp\n'}
[0.441536] (px4_msgs) StdoutLine: {'line': b'-- Up-to-date symlink: /home/lee/workspace/ros2_ex/install/px4_msgs/include/px4_msgs/px4_msgs/msg/detail/estimator_status_flags__struct.hpp\n'}
[0.441583] (px4_msgs) StdoutLine: {'line': b'-- Up-to-date symlink: /home/lee/workspace/ros2_ex/install/px4_msgs/include/px4_msgs/px4_msgs/msg/detail/estimator_status_flags__traits.hpp\n'}
[0.441630] (px4_msgs) StdoutLine: {'line': b'-- Up-to-date symlink: /home/lee/workspace/ros2_ex/install/px4_msgs/include/px4_msgs/px4_msgs/msg/detail/estimator_status_flags__type_support.hpp\n'}
[0.441677] (px4_msgs) StdoutLine: {'line': b'-- Up-to-date symlink: /home/lee/workspace/ros2_ex/install/px4_msgs/include/px4_msgs/px4_msgs/msg/detail/event__builder.hpp\n'}
[0.441723] (px4_msgs) StdoutLine: {'line': b'-- Up-to-date symlink: /home/lee/workspace/ros2_ex/install/px4_msgs/include/px4_msgs/px4_msgs/msg/detail/event__struct.hpp\n'}
[0.441769] (px4_msgs) StdoutLine: {'line': b'-- Up-to-date symlink: /home/lee/workspace/ros2_ex/install/px4_msgs/include/px4_msgs/px4_msgs/msg/detail/event__traits.hpp\n'}
[0.441815] (px4_msgs) StdoutLine: {'line': b'-- Up-to-date symlink: /home/lee/workspace/ros2_ex/install/px4_msgs/include/px4_msgs/px4_msgs/msg/detail/event__type_support.hpp\n'}
[0.441905] (px4_msgs) StdoutLine: {'line': b'-- Up-to-date symlink: /home/lee/workspace/ros2_ex/install/px4_msgs/include/px4_msgs/px4_msgs/msg/detail/failsafe_flags__builder.hpp\n'}
[0.441964] (px4_msgs) StdoutLine: {'line': b'-- Up-to-date symlink: /home/lee/workspace/ros2_ex/install/px4_msgs/include/px4_msgs/px4_msgs/msg/detail/failsafe_flags__struct.hpp\n'}
[0.442011] (px4_msgs) StdoutLine: {'line': b'-- Up-to-date symlink: /home/lee/workspace/ros2_ex/install/px4_msgs/include/px4_msgs/px4_msgs/msg/detail/failsafe_flags__traits.hpp\n'}
[0.442057] (px4_msgs) StdoutLine: {'line': b'-- Up-to-date symlink: /home/lee/workspace/ros2_ex/install/px4_msgs/include/px4_msgs/px4_msgs/msg/detail/failsafe_flags__type_support.hpp\n'}
[0.442103] (px4_msgs) StdoutLine: {'line': b'-- Up-to-date symlink: /home/lee/workspace/ros2_ex/install/px4_msgs/include/px4_msgs/px4_msgs/msg/detail/failure_detector_status__builder.hpp\n'}
[0.442150] (px4_msgs) StdoutLine: {'line': b'-- Up-to-date symlink: /home/lee/workspace/ros2_ex/install/px4_msgs/include/px4_msgs/px4_msgs/msg/detail/failure_detector_status__struct.hpp\n'}
[0.442196] (px4_msgs) StdoutLine: {'line': b'-- Up-to-date symlink: /home/lee/workspace/ros2_ex/install/px4_msgs/include/px4_msgs/px4_msgs/msg/detail/failure_detector_status__traits.hpp\n'}
[0.442243] (px4_msgs) StdoutLine: {'line': b'-- Up-to-date symlink: /home/lee/workspace/ros2_ex/install/px4_msgs/include/px4_msgs/px4_msgs/msg/detail/failure_detector_status__type_support.hpp\n'}
[0.442323] (px4_msgs) StdoutLine: {'line': b'-- Up-to-date symlink: /home/lee/workspace/ros2_ex/install/px4_msgs/include/px4_msgs/px4_msgs/msg/detail/figure_eight_status__builder.hpp\n'}
[0.442399] (px4_msgs) StdoutLine: {'line': b'-- Up-to-date symlink: /home/lee/workspace/ros2_ex/install/px4_msgs/include/px4_msgs/px4_msgs/msg/detail/figure_eight_status__struct.hpp\n'}
[0.442446] (px4_msgs) StdoutLine: {'line': b'-- Up-to-date symlink: /home/lee/workspace/ros2_ex/install/px4_msgs/include/px4_msgs/px4_msgs/msg/detail/figure_eight_status__traits.hpp\n'}
[0.442492] (px4_msgs) StdoutLine: {'line': b'-- Up-to-date symlink: /home/lee/workspace/ros2_ex/install/px4_msgs/include/px4_msgs/px4_msgs/msg/detail/figure_eight_status__type_support.hpp\n'}
[0.442538] (px4_msgs) StdoutLine: {'line': b'-- Up-to-date symlink: /home/lee/workspace/ros2_ex/install/px4_msgs/include/px4_msgs/px4_msgs/msg/detail/fixed_wing_lateral_guidance_status__builder.hpp\n'}
[0.442585] (px4_msgs) StdoutLine: {'line': b'-- Up-to-date symlink: /home/lee/workspace/ros2_ex/install/px4_msgs/include/px4_msgs/px4_msgs/msg/detail/fixed_wing_lateral_guidance_status__struct.hpp\n'}
[0.442631] (px4_msgs) StdoutLine: {'line': b'-- Up-to-date symlink: /home/lee/workspace/ros2_ex/install/px4_msgs/include/px4_msgs/px4_msgs/msg/detail/fixed_wing_lateral_guidance_status__traits.hpp\n'}
[0.442677] (px4_msgs) StdoutLine: {'line': b'-- Up-to-date symlink: /home/lee/workspace/ros2_ex/install/px4_msgs/include/px4_msgs/px4_msgs/msg/detail/fixed_wing_lateral_guidance_status__type_support.hpp\n'}
[0.442756] (px4_msgs) StdoutLine: {'line': b'-- Up-to-date symlink: /home/lee/workspace/ros2_ex/install/px4_msgs/include/px4_msgs/px4_msgs/msg/detail/fixed_wing_lateral_setpoint__builder.hpp\n'}
[0.442802] (px4_msgs) StdoutLine: {'line': b'-- Up-to-date symlink: /home/lee/workspace/ros2_ex/install/px4_msgs/include/px4_msgs/px4_msgs/msg/detail/fixed_wing_lateral_setpoint__struct.hpp\n'}
[0.442848] (px4_msgs) StdoutLine: {'line': b'-- Up-to-date symlink: /home/lee/workspace/ros2_ex/install/px4_msgs/include/px4_msgs/px4_msgs/msg/detail/fixed_wing_lateral_setpoint__traits.hpp\n'}
[0.442894] (px4_msgs) StdoutLine: {'line': b'-- Up-to-date symlink: /home/lee/workspace/ros2_ex/install/px4_msgs/include/px4_msgs/px4_msgs/msg/detail/fixed_wing_lateral_setpoint__type_support.hpp\n'}
[0.442940] (px4_msgs) StdoutLine: {'line': b'-- Up-to-date symlink: /home/lee/workspace/ros2_ex/install/px4_msgs/include/px4_msgs/px4_msgs/msg/detail/fixed_wing_lateral_status__builder.hpp\n'}
[0.442986] (px4_msgs) StdoutLine: {'line': b'-- Up-to-date symlink: /home/lee/workspace/ros2_ex/install/px4_msgs/include/px4_msgs/px4_msgs/msg/detail/fixed_wing_lateral_status__struct.hpp\n'}
[0.443033] (px4_msgs) StdoutLine: {'line': b'-- Up-to-date symlink: /home/lee/workspace/ros2_ex/install/px4_msgs/include/px4_msgs/px4_msgs/msg/detail/fixed_wing_lateral_status__traits.hpp\n'}
[0.443118] (px4_msgs) StdoutLine: {'line': b'-- Up-to-date symlink: /home/lee/workspace/ros2_ex/install/px4_msgs/include/px4_msgs/px4_msgs/msg/detail/fixed_wing_lateral_status__type_support.hpp\n'}
[0.443165] (px4_msgs) StdoutLine: {'line': b'-- Up-to-date symlink: /home/lee/workspace/ros2_ex/install/px4_msgs/include/px4_msgs/px4_msgs/msg/detail/fixed_wing_longitudinal_setpoint__builder.hpp\n'}
[0.443211] (px4_msgs) StdoutLine: {'line': b'-- Up-to-date symlink: /home/lee/workspace/ros2_ex/install/px4_msgs/include/px4_msgs/px4_msgs/msg/detail/fixed_wing_longitudinal_setpoint__struct.hpp\n'}
[0.443257] (px4_msgs) StdoutLine: {'line': b'-- Up-to-date symlink: /home/lee/workspace/ros2_ex/install/px4_msgs/include/px4_msgs/px4_msgs/msg/detail/fixed_wing_longitudinal_setpoint__traits.hpp\n'}
[0.443331] (px4_msgs) StdoutLine: {'line': b'-- Up-to-date symlink: /home/lee/workspace/ros2_ex/install/px4_msgs/include/px4_msgs/px4_msgs/msg/detail/fixed_wing_longitudinal_setpoint__type_support.hpp\n'}
[0.443391] (px4_msgs) StdoutLine: {'line': b'-- Up-to-date symlink: /home/lee/workspace/ros2_ex/install/px4_msgs/include/px4_msgs/px4_msgs/msg/detail/fixed_wing_runway_control__builder.hpp\n'}
[0.443465] (px4_msgs) StdoutLine: {'line': b'-- Up-to-date symlink: /home/lee/workspace/ros2_ex/install/px4_msgs/include/px4_msgs/px4_msgs/msg/detail/fixed_wing_runway_control__struct.hpp\n'}
[0.443512] (px4_msgs) StdoutLine: {'line': b'-- Up-to-date symlink: /home/lee/workspace/ros2_ex/install/px4_msgs/include/px4_msgs/px4_msgs/msg/detail/fixed_wing_runway_control__traits.hpp\n'}
[0.443558] (px4_msgs) StdoutLine: {'line': b'-- Up-to-date symlink: /home/lee/workspace/ros2_ex/install/px4_msgs/include/px4_msgs/px4_msgs/msg/detail/fixed_wing_runway_control__type_support.hpp\n'}
[0.443605] (px4_msgs) StdoutLine: {'line': b'-- Up-to-date symlink: /home/lee/workspace/ros2_ex/install/px4_msgs/include/px4_msgs/px4_msgs/msg/detail/flight_phase_estimation__builder.hpp\n'}
[0.443651] (px4_msgs) StdoutLine: {'line': b'-- Up-to-date symlink: /home/lee/workspace/ros2_ex/install/px4_msgs/include/px4_msgs/px4_msgs/msg/detail/flight_phase_estimation__struct.hpp\n'}
[0.443697] (px4_msgs) StdoutLine: {'line': b'-- Up-to-date symlink: /home/lee/workspace/ros2_ex/install/px4_msgs/include/px4_msgs/px4_msgs/msg/detail/flight_phase_estimation__traits.hpp\n'}
[0.443744] (px4_msgs) StdoutLine: {'line': b'-- Up-to-date symlink: /home/lee/workspace/ros2_ex/install/px4_msgs/include/px4_msgs/px4_msgs/msg/detail/flight_phase_estimation__type_support.hpp\n'}
[0.443790] (px4_msgs) StdoutLine: {'line': b'-- Up-to-date symlink: /home/lee/workspace/ros2_ex/install/px4_msgs/include/px4_msgs/px4_msgs/msg/detail/follow_target__builder.hpp\n'}
[0.443838] (px4_msgs) StdoutLine: {'line': b'-- Up-to-date symlink: /home/lee/workspace/ros2_ex/install/px4_msgs/include/px4_msgs/px4_msgs/msg/detail/follow_target__struct.hpp\n'}
[0.443884] (px4_msgs) StdoutLine: {'line': b'-- Up-to-date symlink: /home/lee/workspace/ros2_ex/install/px4_msgs/include/px4_msgs/px4_msgs/msg/detail/follow_target__traits.hpp\n'}
[0.443930] (px4_msgs) StdoutLine: {'line': b'-- Up-to-date symlink: /home/lee/workspace/ros2_ex/install/px4_msgs/include/px4_msgs/px4_msgs/msg/detail/follow_target__type_support.hpp\n'}
[0.443977] (px4_msgs) StdoutLine: {'line': b'-- Up-to-date symlink: /home/lee/workspace/ros2_ex/install/px4_msgs/include/px4_msgs/px4_msgs/msg/detail/follow_target_estimator__builder.hpp\n'}
[0.444024] (px4_msgs) StdoutLine: {'line': b'-- Up-to-date symlink: /home/lee/workspace/ros2_ex/install/px4_msgs/include/px4_msgs/px4_msgs/msg/detail/follow_target_estimator__struct.hpp\n'}
[0.444070] (px4_msgs) StdoutLine: {'line': b'-- Up-to-date symlink: /home/lee/workspace/ros2_ex/install/px4_msgs/include/px4_msgs/px4_msgs/msg/detail/follow_target_estimator__traits.hpp\n'}
[0.444131] (px4_msgs) StdoutLine: {'line': b'-- Up-to-date symlink: /home/lee/workspace/ros2_ex/install/px4_msgs/include/px4_msgs/px4_msgs/msg/detail/follow_target_estimator__type_support.hpp\n'}
[0.444219] (px4_msgs) StdoutLine: {'line': b'-- Up-to-date symlink: /home/lee/workspace/ros2_ex/install/px4_msgs/include/px4_msgs/px4_msgs/msg/detail/follow_target_status__builder.hpp\n'}
[0.444265] (px4_msgs) StdoutLine: {'line': b'-- Up-to-date symlink: /home/lee/workspace/ros2_ex/install/px4_msgs/include/px4_msgs/px4_msgs/msg/detail/follow_target_status__struct.hpp\n'}
[0.444540] (px4_msgs) StdoutLine: {'line': b'-- Up-to-date symlink: /home/lee/workspace/ros2_ex/install/px4_msgs/include/px4_msgs/px4_msgs/msg/detail/follow_target_status__traits.hpp\n'}
[0.444587] (px4_msgs) StdoutLine: {'line': b'-- Up-to-date symlink: /home/lee/workspace/ros2_ex/install/px4_msgs/include/px4_msgs/px4_msgs/msg/detail/follow_target_status__type_support.hpp\n'}
[0.444630] (px4_msgs) StdoutLine: {'line': b'-- Up-to-date symlink: /home/lee/workspace/ros2_ex/install/px4_msgs/include/px4_msgs/px4_msgs/msg/detail/fuel_tank_status__builder.hpp\n'}
[0.444674] (px4_msgs) StdoutLine: {'line': b'-- Up-to-date symlink: /home/lee/workspace/ros2_ex/install/px4_msgs/include/px4_msgs/px4_msgs/msg/detail/fuel_tank_status__struct.hpp\n'}
[0.444719] (px4_msgs) StdoutLine: {'line': b'-- Up-to-date symlink: /home/lee/workspace/ros2_ex/install/px4_msgs/include/px4_msgs/px4_msgs/msg/detail/fuel_tank_status__traits.hpp\n'}
[0.444763] (px4_msgs) StdoutLine: {'line': b'-- Up-to-date symlink: /home/lee/workspace/ros2_ex/install/px4_msgs/include/px4_msgs/px4_msgs/msg/detail/fuel_tank_status__type_support.hpp\n'}
[0.444807] (px4_msgs) StdoutLine: {'line': b'-- Up-to-date symlink: /home/lee/workspace/ros2_ex/install/px4_msgs/include/px4_msgs/px4_msgs/msg/detail/generator_status__builder.hpp\n'}
[0.444852] (px4_msgs) StdoutLine: {'line': b'-- Up-to-date symlink: /home/lee/workspace/ros2_ex/install/px4_msgs/include/px4_msgs/px4_msgs/msg/detail/generator_status__struct.hpp\n'}
[0.444899] (px4_msgs) StdoutLine: {'line': b'-- Up-to-date symlink: /home/lee/workspace/ros2_ex/install/px4_msgs/include/px4_msgs/px4_msgs/msg/detail/generator_status__traits.hpp\n'}
[0.444944] (px4_msgs) StdoutLine: {'line': b'-- Up-to-date symlink: /home/lee/workspace/ros2_ex/install/px4_msgs/include/px4_msgs/px4_msgs/msg/detail/generator_status__type_support.hpp\n'}
[0.444987] (px4_msgs) StdoutLine: {'line': b'-- Up-to-date symlink: /home/lee/workspace/ros2_ex/install/px4_msgs/include/px4_msgs/px4_msgs/msg/detail/geofence_result__builder.hpp\n'}
[0.445031] (px4_msgs) StdoutLine: {'line': b'-- Up-to-date symlink: /home/lee/workspace/ros2_ex/install/px4_msgs/include/px4_msgs/px4_msgs/msg/detail/geofence_result__struct.hpp\n'}
[0.445122] (px4_msgs) StdoutLine: {'line': b'-- Up-to-date symlink: /home/lee/workspace/ros2_ex/install/px4_msgs/include/px4_msgs/px4_msgs/msg/detail/geofence_result__traits.hpp\n'}
[0.445177] (px4_msgs) StdoutLine: {'line': b'-- Up-to-date symlink: /home/lee/workspace/ros2_ex/install/px4_msgs/include/px4_msgs/px4_msgs/msg/detail/geofence_result__type_support.hpp\n'}
[0.445238] (px4_msgs) StdoutLine: {'line': b'-- Up-to-date symlink: /home/lee/workspace/ros2_ex/install/px4_msgs/include/px4_msgs/px4_msgs/msg/detail/geofence_status__builder.hpp\n'}
[0.445302] (px4_msgs) StdoutLine: {'line': b'-- Up-to-date symlink: /home/lee/workspace/ros2_ex/install/px4_msgs/include/px4_msgs/px4_msgs/msg/detail/geofence_status__struct.hpp\n'}
[0.445363] (px4_msgs) StdoutLine: {'line': b'-- Up-to-date symlink: /home/lee/workspace/ros2_ex/install/px4_msgs/include/px4_msgs/px4_msgs/msg/detail/geofence_status__traits.hpp\n'}
[0.445424] (px4_msgs) StdoutLine: {'line': b'-- Up-to-date symlink: /home/lee/workspace/ros2_ex/install/px4_msgs/include/px4_msgs/px4_msgs/msg/detail/geofence_status__type_support.hpp\n'}
[0.445481] (px4_msgs) StdoutLine: {'line': b'-- Up-to-date symlink: /home/lee/workspace/ros2_ex/install/px4_msgs/include/px4_msgs/px4_msgs/msg/detail/gimbal_controls__builder.hpp\n'}
[0.445534] (px4_msgs) StdoutLine: {'line': b'-- Up-to-date symlink: /home/lee/workspace/ros2_ex/install/px4_msgs/include/px4_msgs/px4_msgs/msg/detail/gimbal_controls__struct.hpp\n'}
[0.445591] (px4_msgs) StdoutLine: {'line': b'-- Up-to-date symlink: /home/lee/workspace/ros2_ex/install/px4_msgs/include/px4_msgs/px4_msgs/msg/detail/gimbal_controls__traits.hpp\n'}
[0.445650] (px4_msgs) StdoutLine: {'line': b'-- Up-to-date symlink: /home/lee/workspace/ros2_ex/install/px4_msgs/include/px4_msgs/px4_msgs/msg/detail/gimbal_controls__type_support.hpp\n'}
[0.445708] (px4_msgs) StdoutLine: {'line': b'-- Up-to-date symlink: /home/lee/workspace/ros2_ex/install/px4_msgs/include/px4_msgs/px4_msgs/msg/detail/gimbal_device_attitude_status__builder.hpp\n'}
[0.445766] (px4_msgs) StdoutLine: {'line': b'-- Up-to-date symlink: /home/lee/workspace/ros2_ex/install/px4_msgs/include/px4_msgs/px4_msgs/msg/detail/gimbal_device_attitude_status__struct.hpp\n'}
[0.445818] (px4_msgs) StdoutLine: {'line': b'-- Up-to-date symlink: /home/lee/workspace/ros2_ex/install/px4_msgs/include/px4_msgs/px4_msgs/msg/detail/gimbal_device_attitude_status__traits.hpp\n'}
[0.445880] (px4_msgs) StdoutLine: {'line': b'-- Up-to-date symlink: /home/lee/workspace/ros2_ex/install/px4_msgs/include/px4_msgs/px4_msgs/msg/detail/gimbal_device_attitude_status__type_support.hpp\n'}
[0.445939] (px4_msgs) StdoutLine: {'line': b'-- Up-to-date symlink: /home/lee/workspace/ros2_ex/install/px4_msgs/include/px4_msgs/px4_msgs/msg/detail/gimbal_device_information__builder.hpp\n'}
[0.445998] (px4_msgs) StdoutLine: {'line': b'-- Up-to-date symlink: /home/lee/workspace/ros2_ex/install/px4_msgs/include/px4_msgs/px4_msgs/msg/detail/gimbal_device_information__struct.hpp\n'}
[0.446055] (px4_msgs) StdoutLine: {'line': b'-- Up-to-date symlink: /home/lee/workspace/ros2_ex/install/px4_msgs/include/px4_msgs/px4_msgs/msg/detail/gimbal_device_information__traits.hpp\n'}
[0.446108] (px4_msgs) StdoutLine: {'line': b'-- Up-to-date symlink: /home/lee/workspace/ros2_ex/install/px4_msgs/include/px4_msgs/px4_msgs/msg/detail/gimbal_device_information__type_support.hpp\n'}
[0.446168] (px4_msgs) StdoutLine: {'line': b'-- Up-to-date symlink: /home/lee/workspace/ros2_ex/install/px4_msgs/include/px4_msgs/px4_msgs/msg/detail/gimbal_device_set_attitude__builder.hpp\n'}
[0.446226] (px4_msgs) StdoutLine: {'line': b'-- Up-to-date symlink: /home/lee/workspace/ros2_ex/install/px4_msgs/include/px4_msgs/px4_msgs/msg/detail/gimbal_device_set_attitude__struct.hpp\n'}
[0.446289] (px4_msgs) StdoutLine: {'line': b'-- Up-to-date symlink: /home/lee/workspace/ros2_ex/install/px4_msgs/include/px4_msgs/px4_msgs/msg/detail/gimbal_device_set_attitude__traits.hpp\n'}
[0.446350] (px4_msgs) StdoutLine: {'line': b'-- Up-to-date symlink: /home/lee/workspace/ros2_ex/install/px4_msgs/include/px4_msgs/px4_msgs/msg/detail/gimbal_device_set_attitude__type_support.hpp\n'}
[0.446404] (px4_msgs) StdoutLine: {'line': b'-- Up-to-date symlink: /home/lee/workspace/ros2_ex/install/px4_msgs/include/px4_msgs/px4_msgs/msg/detail/gimbal_manager_information__builder.hpp\n'}
[0.446463] (px4_msgs) StdoutLine: {'line': b'-- Up-to-date symlink: /home/lee/workspace/ros2_ex/install/px4_msgs/include/px4_msgs/px4_msgs/msg/detail/gimbal_manager_information__struct.hpp\n'}
[0.446523] (px4_msgs) StdoutLine: {'line': b'-- Up-to-date symlink: /home/lee/workspace/ros2_ex/install/px4_msgs/include/px4_msgs/px4_msgs/msg/detail/gimbal_manager_information__traits.hpp\n'}
[0.446582] (px4_msgs) StdoutLine: {'line': b'-- Up-to-date symlink: /home/lee/workspace/ros2_ex/install/px4_msgs/include/px4_msgs/px4_msgs/msg/detail/gimbal_manager_information__type_support.hpp\n'}
[0.446641] (px4_msgs) StdoutLine: {'line': b'-- Up-to-date symlink: /home/lee/workspace/ros2_ex/install/px4_msgs/include/px4_msgs/px4_msgs/msg/detail/gimbal_manager_set_attitude__builder.hpp\n'}
[0.446700] (px4_msgs) StdoutLine: {'line': b'-- Up-to-date symlink: /home/lee/workspace/ros2_ex/install/px4_msgs/include/px4_msgs/px4_msgs/msg/detail/gimbal_manager_set_attitude__struct.hpp\n'}
[0.446753] (px4_msgs) StdoutLine: {'line': b'-- Up-to-date symlink: /home/lee/workspace/ros2_ex/install/px4_msgs/include/px4_msgs/px4_msgs/msg/detail/gimbal_manager_set_attitude__traits.hpp\n'}
[0.446808] (px4_msgs) StdoutLine: {'line': b'-- Up-to-date symlink: /home/lee/workspace/ros2_ex/install/px4_msgs/include/px4_msgs/px4_msgs/msg/detail/gimbal_manager_set_attitude__type_support.hpp\n'}
[0.446869] (px4_msgs) StdoutLine: {'line': b'-- Up-to-date symlink: /home/lee/workspace/ros2_ex/install/px4_msgs/include/px4_msgs/px4_msgs/msg/detail/gimbal_manager_set_manual_control__builder.hpp\n'}
[0.446929] (px4_msgs) StdoutLine: {'line': b'-- Up-to-date symlink: /home/lee/workspace/ros2_ex/install/px4_msgs/include/px4_msgs/px4_msgs/msg/detail/gimbal_manager_set_manual_control__struct.hpp\n'}
[0.446988] (px4_msgs) StdoutLine: {'line': b'-- Up-to-date symlink: /home/lee/workspace/ros2_ex/install/px4_msgs/include/px4_msgs/px4_msgs/msg/detail/gimbal_manager_set_manual_control__traits.hpp\n'}
[0.447041] (px4_msgs) StdoutLine: {'line': b'-- Up-to-date symlink: /home/lee/workspace/ros2_ex/install/px4_msgs/include/px4_msgs/px4_msgs/msg/detail/gimbal_manager_set_manual_control__type_support.hpp\n'}
[0.447101] (px4_msgs) StdoutLine: {'line': b'-- Up-to-date symlink: /home/lee/workspace/ros2_ex/install/px4_msgs/include/px4_msgs/px4_msgs/msg/detail/gimbal_manager_status__builder.hpp\n'}
[0.447161] (px4_msgs) StdoutLine: {'line': b'-- Up-to-date symlink: /home/lee/workspace/ros2_ex/install/px4_msgs/include/px4_msgs/px4_msgs/msg/detail/gimbal_manager_status__struct.hpp\n'}
[0.447219] (px4_msgs) StdoutLine: {'line': b'-- Up-to-date symlink: /home/lee/workspace/ros2_ex/install/px4_msgs/include/px4_msgs/px4_msgs/msg/detail/gimbal_manager_status__traits.hpp\n'}
[0.447280] (px4_msgs) StdoutLine: {'line': b'-- Up-to-date symlink: /home/lee/workspace/ros2_ex/install/px4_msgs/include/px4_msgs/px4_msgs/msg/detail/gimbal_manager_status__type_support.hpp\n'}
[0.447342] (px4_msgs) StdoutLine: {'line': b'-- Up-to-date symlink: /home/lee/workspace/ros2_ex/install/px4_msgs/include/px4_msgs/px4_msgs/msg/detail/goto_setpoint__builder.hpp\n'}
[0.447397] (px4_msgs) StdoutLine: {'line': b'-- Up-to-date symlink: /home/lee/workspace/ros2_ex/install/px4_msgs/include/px4_msgs/px4_msgs/msg/detail/goto_setpoint__struct.hpp\n'}
[0.447461] (px4_msgs) StdoutLine: {'line': b'-- Up-to-date symlink: /home/lee/workspace/ros2_ex/install/px4_msgs/include/px4_msgs/px4_msgs/msg/detail/goto_setpoint__traits.hpp\n'}
[0.447522] (px4_msgs) StdoutLine: {'line': b'-- Up-to-date symlink: /home/lee/workspace/ros2_ex/install/px4_msgs/include/px4_msgs/px4_msgs/msg/detail/goto_setpoint__type_support.hpp\n'}
[0.447582] (px4_msgs) StdoutLine: {'line': b'-- Up-to-date symlink: /home/lee/workspace/ros2_ex/install/px4_msgs/include/px4_msgs/px4_msgs/msg/detail/gpio_config__builder.hpp\n'}
[0.447635] (px4_msgs) StdoutLine: {'line': b'-- Up-to-date symlink: /home/lee/workspace/ros2_ex/install/px4_msgs/include/px4_msgs/px4_msgs/msg/detail/gpio_config__struct.hpp\n'}
[0.447697] (px4_msgs) StdoutLine: {'line': b'-- Up-to-date symlink: /home/lee/workspace/ros2_ex/install/px4_msgs/include/px4_msgs/px4_msgs/msg/detail/gpio_config__traits.hpp\n'}
[0.447758] (px4_msgs) StdoutLine: {'line': b'-- Up-to-date symlink: /home/lee/workspace/ros2_ex/install/px4_msgs/include/px4_msgs/px4_msgs/msg/detail/gpio_config__type_support.hpp\n'}
[0.447821] (px4_msgs) StdoutLine: {'line': b'-- Up-to-date symlink: /home/lee/workspace/ros2_ex/install/px4_msgs/include/px4_msgs/px4_msgs/msg/detail/gpio_in__builder.hpp\n'}
[0.447882] (px4_msgs) StdoutLine: {'line': b'-- Up-to-date symlink: /home/lee/workspace/ros2_ex/install/px4_msgs/include/px4_msgs/px4_msgs/msg/detail/gpio_in__struct.hpp\n'}
[0.447942] (px4_msgs) StdoutLine: {'line': b'-- Up-to-date symlink: /home/lee/workspace/ros2_ex/install/px4_msgs/include/px4_msgs/px4_msgs/msg/detail/gpio_in__traits.hpp\n'}
[0.447996] (px4_msgs) StdoutLine: {'line': b'-- Up-to-date symlink: /home/lee/workspace/ros2_ex/install/px4_msgs/include/px4_msgs/px4_msgs/msg/detail/gpio_in__type_support.hpp\n'}
[0.448056] (px4_msgs) StdoutLine: {'line': b'-- Up-to-date symlink: /home/lee/workspace/ros2_ex/install/px4_msgs/include/px4_msgs/px4_msgs/msg/detail/gpio_out__builder.hpp\n'}
[0.448114] (px4_msgs) StdoutLine: {'line': b'-- Up-to-date symlink: /home/lee/workspace/ros2_ex/install/px4_msgs/include/px4_msgs/px4_msgs/msg/detail/gpio_out__struct.hpp\n'}
[0.448174] (px4_msgs) StdoutLine: {'line': b'-- Up-to-date symlink: /home/lee/workspace/ros2_ex/install/px4_msgs/include/px4_msgs/px4_msgs/msg/detail/gpio_out__traits.hpp\n'}
[0.448227] (px4_msgs) StdoutLine: {'line': b'-- Up-to-date symlink: /home/lee/workspace/ros2_ex/install/px4_msgs/include/px4_msgs/px4_msgs/msg/detail/gpio_out__type_support.hpp\n'}
[0.448288] (px4_msgs) StdoutLine: {'line': b'-- Up-to-date symlink: /home/lee/workspace/ros2_ex/install/px4_msgs/include/px4_msgs/px4_msgs/msg/detail/gpio_request__builder.hpp\n'}
[0.448350] (px4_msgs) StdoutLine: {'line': b'-- Up-to-date symlink: /home/lee/workspace/ros2_ex/install/px4_msgs/include/px4_msgs/px4_msgs/msg/detail/gpio_request__struct.hpp\n'}
[0.448410] (px4_msgs) StdoutLine: {'line': b'-- Up-to-date symlink: /home/lee/workspace/ros2_ex/install/px4_msgs/include/px4_msgs/px4_msgs/msg/detail/gpio_request__traits.hpp\n'}
[0.448471] (px4_msgs) StdoutLine: {'line': b'-- Up-to-date symlink: /home/lee/workspace/ros2_ex/install/px4_msgs/include/px4_msgs/px4_msgs/msg/detail/gpio_request__type_support.hpp\n'}
[0.448529] (px4_msgs) StdoutLine: {'line': b'-- Up-to-date symlink: /home/lee/workspace/ros2_ex/install/px4_msgs/include/px4_msgs/px4_msgs/msg/detail/gps_dump__builder.hpp\n'}
[0.448582] (px4_msgs) StdoutLine: {'line': b'-- Up-to-date symlink: /home/lee/workspace/ros2_ex/install/px4_msgs/include/px4_msgs/px4_msgs/msg/detail/gps_dump__struct.hpp\n'}
[0.448644] (px4_msgs) StdoutLine: {'line': b'-- Up-to-date symlink: /home/lee/workspace/ros2_ex/install/px4_msgs/include/px4_msgs/px4_msgs/msg/detail/gps_dump__traits.hpp\n'}
[0.448704] (px4_msgs) StdoutLine: {'line': b'-- Up-to-date symlink: /home/lee/workspace/ros2_ex/install/px4_msgs/include/px4_msgs/px4_msgs/msg/detail/gps_dump__type_support.hpp\n'}
[0.448767] (px4_msgs) StdoutLine: {'line': b'-- Up-to-date symlink: /home/lee/workspace/ros2_ex/install/px4_msgs/include/px4_msgs/px4_msgs/msg/detail/gps_inject_data__builder.hpp\n'}
[0.448827] (px4_msgs) StdoutLine: {'line': b'-- Up-to-date symlink: /home/lee/workspace/ros2_ex/install/px4_msgs/include/px4_msgs/px4_msgs/msg/detail/gps_inject_data__struct.hpp\n'}
[0.448887] (px4_msgs) StdoutLine: {'line': b'-- Up-to-date symlink: /home/lee/workspace/ros2_ex/install/px4_msgs/include/px4_msgs/px4_msgs/msg/detail/gps_inject_data__traits.hpp\n'}
[0.448948] (px4_msgs) StdoutLine: {'line': b'-- Up-to-date symlink: /home/lee/workspace/ros2_ex/install/px4_msgs/include/px4_msgs/px4_msgs/msg/detail/gps_inject_data__type_support.hpp\n'}
[0.449002] (px4_msgs) StdoutLine: {'line': b'-- Up-to-date symlink: /home/lee/workspace/ros2_ex/install/px4_msgs/include/px4_msgs/px4_msgs/msg/detail/gripper__builder.hpp\n'}
[0.449064] (px4_msgs) StdoutLine: {'line': b'-- Up-to-date symlink: /home/lee/workspace/ros2_ex/install/px4_msgs/include/px4_msgs/px4_msgs/msg/detail/gripper__struct.hpp\n'}
[0.449127] (px4_msgs) StdoutLine: {'line': b'-- Up-to-date symlink: /home/lee/workspace/ros2_ex/install/px4_msgs/include/px4_msgs/px4_msgs/msg/detail/gripper__traits.hpp\n'}
[0.449189] (px4_msgs) StdoutLine: {'line': b'-- Up-to-date symlink: /home/lee/workspace/ros2_ex/install/px4_msgs/include/px4_msgs/px4_msgs/msg/detail/gripper__type_support.hpp\n'}
[0.449251] (px4_msgs) StdoutLine: {'line': b'-- Up-to-date symlink: /home/lee/workspace/ros2_ex/install/px4_msgs/include/px4_msgs/px4_msgs/msg/detail/health_report__builder.hpp\n'}
[0.449318] (px4_msgs) StdoutLine: {'line': b'-- Up-to-date symlink: /home/lee/workspace/ros2_ex/install/px4_msgs/include/px4_msgs/px4_msgs/msg/detail/health_report__struct.hpp\n'}
[0.449377] (px4_msgs) StdoutLine: {'line': b'-- Up-to-date symlink: /home/lee/workspace/ros2_ex/install/px4_msgs/include/px4_msgs/px4_msgs/msg/detail/health_report__traits.hpp\n'}
[0.449437] (px4_msgs) StdoutLine: {'line': b'-- Up-to-date symlink: /home/lee/workspace/ros2_ex/install/px4_msgs/include/px4_msgs/px4_msgs/msg/detail/health_report__type_support.hpp\n'}
[0.449494] (px4_msgs) StdoutLine: {'line': b'-- Up-to-date symlink: /home/lee/workspace/ros2_ex/install/px4_msgs/include/px4_msgs/px4_msgs/msg/detail/heater_status__builder.hpp\n'}
[0.449556] (px4_msgs) StdoutLine: {'line': b'-- Up-to-date symlink: /home/lee/workspace/ros2_ex/install/px4_msgs/include/px4_msgs/px4_msgs/msg/detail/heater_status__struct.hpp\n'}
[0.449610] (px4_msgs) StdoutLine: {'line': b'-- Up-to-date symlink: /home/lee/workspace/ros2_ex/install/px4_msgs/include/px4_msgs/px4_msgs/msg/detail/heater_status__traits.hpp\n'}
[0.449672] (px4_msgs) StdoutLine: {'line': b'-- Up-to-date symlink: /home/lee/workspace/ros2_ex/install/px4_msgs/include/px4_msgs/px4_msgs/msg/detail/heater_status__type_support.hpp\n'}
[0.449734] (px4_msgs) StdoutLine: {'line': b'-- Up-to-date symlink: /home/lee/workspace/ros2_ex/install/px4_msgs/include/px4_msgs/px4_msgs/msg/detail/home_position__builder.hpp\n'}
[0.449792] (px4_msgs) StdoutLine: {'line': b'-- Up-to-date symlink: /home/lee/workspace/ros2_ex/install/px4_msgs/include/px4_msgs/px4_msgs/msg/detail/home_position__struct.hpp\n'}
[0.449845] (px4_msgs) StdoutLine: {'line': b'-- Up-to-date symlink: /home/lee/workspace/ros2_ex/install/px4_msgs/include/px4_msgs/px4_msgs/msg/detail/home_position__traits.hpp\n'}
[0.449904] (px4_msgs) StdoutLine: {'line': b'-- Up-to-date symlink: /home/lee/workspace/ros2_ex/install/px4_msgs/include/px4_msgs/px4_msgs/msg/detail/home_position__type_support.hpp\n'}
[0.449964] (px4_msgs) StdoutLine: {'line': b'-- Up-to-date symlink: /home/lee/workspace/ros2_ex/install/px4_msgs/include/px4_msgs/px4_msgs/msg/detail/hover_thrust_estimate__builder.hpp\n'}
[0.450023] (px4_msgs) StdoutLine: {'line': b'-- Up-to-date symlink: /home/lee/workspace/ros2_ex/install/px4_msgs/include/px4_msgs/px4_msgs/msg/detail/hover_thrust_estimate__struct.hpp\n'}
[0.450082] (px4_msgs) StdoutLine: {'line': b'-- Up-to-date symlink: /home/lee/workspace/ros2_ex/install/px4_msgs/include/px4_msgs/px4_msgs/msg/detail/hover_thrust_estimate__traits.hpp\n'}
[0.450134] (px4_msgs) StdoutLine: {'line': b'-- Up-to-date symlink: /home/lee/workspace/ros2_ex/install/px4_msgs/include/px4_msgs/px4_msgs/msg/detail/hover_thrust_estimate__type_support.hpp\n'}
[0.450193] (px4_msgs) StdoutLine: {'line': b'-- Up-to-date symlink: /home/lee/workspace/ros2_ex/install/px4_msgs/include/px4_msgs/px4_msgs/msg/detail/input_rc__builder.hpp\n'}
[0.450253] (px4_msgs) StdoutLine: {'line': b'-- Up-to-date symlink: /home/lee/workspace/ros2_ex/install/px4_msgs/include/px4_msgs/px4_msgs/msg/detail/input_rc__struct.hpp\n'}
[0.450316] (px4_msgs) StdoutLine: {'line': b'-- Up-to-date symlink: /home/lee/workspace/ros2_ex/install/px4_msgs/include/px4_msgs/px4_msgs/msg/detail/input_rc__traits.hpp\n'}
[0.450375] (px4_msgs) StdoutLine: {'line': b'-- Up-to-date symlink: /home/lee/workspace/ros2_ex/install/px4_msgs/include/px4_msgs/px4_msgs/msg/detail/input_rc__type_support.hpp\n'}
[0.450433] (px4_msgs) StdoutLine: {'line': b'-- Up-to-date symlink: /home/lee/workspace/ros2_ex/install/px4_msgs/include/px4_msgs/px4_msgs/msg/detail/internal_combustion_engine_control__builder.hpp\n'}
[0.450487] (px4_msgs) StdoutLine: {'line': b'-- Up-to-date symlink: /home/lee/workspace/ros2_ex/install/px4_msgs/include/px4_msgs/px4_msgs/msg/detail/internal_combustion_engine_control__struct.hpp\n'}
[0.450547] (px4_msgs) StdoutLine: {'line': b'-- Up-to-date symlink: /home/lee/workspace/ros2_ex/install/px4_msgs/include/px4_msgs/px4_msgs/msg/detail/internal_combustion_engine_control__traits.hpp\n'}
[0.450608] (px4_msgs) StdoutLine: {'line': b'-- Up-to-date symlink: /home/lee/workspace/ros2_ex/install/px4_msgs/include/px4_msgs/px4_msgs/msg/detail/internal_combustion_engine_control__type_support.hpp\n'}
[0.450670] (px4_msgs) StdoutLine: {'line': b'-- Up-to-date symlink: /home/lee/workspace/ros2_ex/install/px4_msgs/include/px4_msgs/px4_msgs/msg/detail/internal_combustion_engine_status__builder.hpp\n'}
[0.450730] (px4_msgs) StdoutLine: {'line': b'-- Up-to-date symlink: /home/lee/workspace/ros2_ex/install/px4_msgs/include/px4_msgs/px4_msgs/msg/detail/internal_combustion_engine_status__struct.hpp\n'}
[0.450791] (px4_msgs) StdoutLine: {'line': b'-- Up-to-date symlink: /home/lee/workspace/ros2_ex/install/px4_msgs/include/px4_msgs/px4_msgs/msg/detail/internal_combustion_engine_status__traits.hpp\n'}
[0.450851] (px4_msgs) StdoutLine: {'line': b'-- Up-to-date symlink: /home/lee/workspace/ros2_ex/install/px4_msgs/include/px4_msgs/px4_msgs/msg/detail/internal_combustion_engine_status__type_support.hpp\n'}
[0.450905] (px4_msgs) StdoutLine: {'line': b'-- Up-to-date symlink: /home/lee/workspace/ros2_ex/install/px4_msgs/include/px4_msgs/px4_msgs/msg/detail/iridiumsbd_status__builder.hpp\n'}
[0.450965] (px4_msgs) StdoutLine: {'line': b'-- Up-to-date symlink: /home/lee/workspace/ros2_ex/install/px4_msgs/include/px4_msgs/px4_msgs/msg/detail/iridiumsbd_status__struct.hpp\n'}
[0.451025] (px4_msgs) StdoutLine: {'line': b'-- Up-to-date symlink: /home/lee/workspace/ros2_ex/install/px4_msgs/include/px4_msgs/px4_msgs/msg/detail/iridiumsbd_status__traits.hpp\n'}
[0.451084] (px4_msgs) StdoutLine: {'line': b'-- Up-to-date symlink: /home/lee/workspace/ros2_ex/install/px4_msgs/include/px4_msgs/px4_msgs/msg/detail/iridiumsbd_status__type_support.hpp\n'}
[0.451137] (px4_msgs) StdoutLine: {'line': b'-- Up-to-date symlink: /home/lee/workspace/ros2_ex/install/px4_msgs/include/px4_msgs/px4_msgs/msg/detail/irlock_report__builder.hpp\n'}
[0.451197] (px4_msgs) StdoutLine: {'line': b'-- Up-to-date symlink: /home/lee/workspace/ros2_ex/install/px4_msgs/include/px4_msgs/px4_msgs/msg/detail/irlock_report__struct.hpp\n'}
[0.451257] (px4_msgs) StdoutLine: {'line': b'-- Up-to-date symlink: /home/lee/workspace/ros2_ex/install/px4_msgs/include/px4_msgs/px4_msgs/msg/detail/irlock_report__traits.hpp\n'}
[0.451317] (px4_msgs) StdoutLine: {'line': b'-- Up-to-date symlink: /home/lee/workspace/ros2_ex/install/px4_msgs/include/px4_msgs/px4_msgs/msg/detail/irlock_report__type_support.hpp\n'}
[0.451376] (px4_msgs) StdoutLine: {'line': b'-- Up-to-date symlink: /home/lee/workspace/ros2_ex/install/px4_msgs/include/px4_msgs/px4_msgs/msg/detail/landing_gear__builder.hpp\n'}
[0.451434] (px4_msgs) StdoutLine: {'line': b'-- Up-to-date symlink: /home/lee/workspace/ros2_ex/install/px4_msgs/include/px4_msgs/px4_msgs/msg/detail/landing_gear__struct.hpp\n'}
[0.451494] (px4_msgs) StdoutLine: {'line': b'-- Up-to-date symlink: /home/lee/workspace/ros2_ex/install/px4_msgs/include/px4_msgs/px4_msgs/msg/detail/landing_gear__traits.hpp\n'}
[0.451553] (px4_msgs) StdoutLine: {'line': b'-- Up-to-date symlink: /home/lee/workspace/ros2_ex/install/px4_msgs/include/px4_msgs/px4_msgs/msg/detail/landing_gear__type_support.hpp\n'}
[0.451608] (px4_msgs) StdoutLine: {'line': b'-- Up-to-date symlink: /home/lee/workspace/ros2_ex/install/px4_msgs/include/px4_msgs/px4_msgs/msg/detail/landing_gear_wheel__builder.hpp\n'}
[0.451668] (px4_msgs) StdoutLine: {'line': b'-- Up-to-date symlink: /home/lee/workspace/ros2_ex/install/px4_msgs/include/px4_msgs/px4_msgs/msg/detail/landing_gear_wheel__struct.hpp\n'}
[0.451727] (px4_msgs) StdoutLine: {'line': b'-- Up-to-date symlink: /home/lee/workspace/ros2_ex/install/px4_msgs/include/px4_msgs/px4_msgs/msg/detail/landing_gear_wheel__traits.hpp\n'}
[0.451788] (px4_msgs) StdoutLine: {'line': b'-- Up-to-date symlink: /home/lee/workspace/ros2_ex/install/px4_msgs/include/px4_msgs/px4_msgs/msg/detail/landing_gear_wheel__type_support.hpp\n'}
[0.451848] (px4_msgs) StdoutLine: {'line': b'-- Up-to-date symlink: /home/lee/workspace/ros2_ex/install/px4_msgs/include/px4_msgs/px4_msgs/msg/detail/landing_target_innovations__builder.hpp\n'}
[0.451907] (px4_msgs) StdoutLine: {'line': b'-- Up-to-date symlink: /home/lee/workspace/ros2_ex/install/px4_msgs/include/px4_msgs/px4_msgs/msg/detail/landing_target_innovations__struct.hpp\n'}
[0.451966] (px4_msgs) StdoutLine: {'line': b'-- Up-to-date symlink: /home/lee/workspace/ros2_ex/install/px4_msgs/include/px4_msgs/px4_msgs/msg/detail/landing_target_innovations__traits.hpp\n'}
[0.452026] (px4_msgs) StdoutLine: {'line': b'-- Up-to-date symlink: /home/lee/workspace/ros2_ex/install/px4_msgs/include/px4_msgs/px4_msgs/msg/detail/landing_target_innovations__type_support.hpp\n'}
[0.452088] (px4_msgs) StdoutLine: {'line': b'-- Up-to-date symlink: /home/lee/workspace/ros2_ex/install/px4_msgs/include/px4_msgs/px4_msgs/msg/detail/landing_target_pose__builder.hpp\n'}
[0.452147] (px4_msgs) StdoutLine: {'line': b'-- Up-to-date symlink: /home/lee/workspace/ros2_ex/install/px4_msgs/include/px4_msgs/px4_msgs/msg/detail/landing_target_pose__struct.hpp\n'}
[0.452205] (px4_msgs) StdoutLine: {'line': b'-- Up-to-date symlink: /home/lee/workspace/ros2_ex/install/px4_msgs/include/px4_msgs/px4_msgs/msg/detail/landing_target_pose__traits.hpp\n'}
[0.452258] (px4_msgs) StdoutLine: {'line': b'-- Up-to-date symlink: /home/lee/workspace/ros2_ex/install/px4_msgs/include/px4_msgs/px4_msgs/msg/detail/landing_target_pose__type_support.hpp\n'}
[0.452320] (px4_msgs) StdoutLine: {'line': b'-- Up-to-date symlink: /home/lee/workspace/ros2_ex/install/px4_msgs/include/px4_msgs/px4_msgs/msg/detail/lateral_control_configuration__builder.hpp\n'}
[0.452378] (px4_msgs) StdoutLine: {'line': b'-- Up-to-date symlink: /home/lee/workspace/ros2_ex/install/px4_msgs/include/px4_msgs/px4_msgs/msg/detail/lateral_control_configuration__struct.hpp\n'}
[0.452439] (px4_msgs) StdoutLine: {'line': b'-- Up-to-date symlink: /home/lee/workspace/ros2_ex/install/px4_msgs/include/px4_msgs/px4_msgs/msg/detail/lateral_control_configuration__traits.hpp\n'}
[0.452502] (px4_msgs) StdoutLine: {'line': b'-- Up-to-date symlink: /home/lee/workspace/ros2_ex/install/px4_msgs/include/px4_msgs/px4_msgs/msg/detail/lateral_control_configuration__type_support.hpp\n'}
[0.452562] (px4_msgs) StdoutLine: {'line': b'-- Up-to-date symlink: /home/lee/workspace/ros2_ex/install/px4_msgs/include/px4_msgs/px4_msgs/msg/detail/launch_detection_status__builder.hpp\n'}
[0.452620] (px4_msgs) StdoutLine: {'line': b'-- Up-to-date symlink: /home/lee/workspace/ros2_ex/install/px4_msgs/include/px4_msgs/px4_msgs/msg/detail/launch_detection_status__struct.hpp\n'}
[0.452678] (px4_msgs) StdoutLine: {'line': b'-- Up-to-date symlink: /home/lee/workspace/ros2_ex/install/px4_msgs/include/px4_msgs/px4_msgs/msg/detail/launch_detection_status__traits.hpp\n'}
[0.452731] (px4_msgs) StdoutLine: {'line': b'-- Up-to-date symlink: /home/lee/workspace/ros2_ex/install/px4_msgs/include/px4_msgs/px4_msgs/msg/detail/launch_detection_status__type_support.hpp\n'}
[0.452790] (px4_msgs) StdoutLine: {'line': b'-- Up-to-date symlink: /home/lee/workspace/ros2_ex/install/px4_msgs/include/px4_msgs/px4_msgs/msg/detail/led_control__builder.hpp\n'}
[0.452854] (px4_msgs) StdoutLine: {'line': b'-- Up-to-date symlink: /home/lee/workspace/ros2_ex/install/px4_msgs/include/px4_msgs/px4_msgs/msg/detail/led_control__struct.hpp\n'}
[0.452914] (px4_msgs) StdoutLine: {'line': b'-- Up-to-date symlink: /home/lee/workspace/ros2_ex/install/px4_msgs/include/px4_msgs/px4_msgs/msg/detail/led_control__traits.hpp\n'}
[0.452973] (px4_msgs) StdoutLine: {'line': b'-- Up-to-date symlink: /home/lee/workspace/ros2_ex/install/px4_msgs/include/px4_msgs/px4_msgs/msg/detail/led_control__type_support.hpp\n'}
[0.453032] (px4_msgs) StdoutLine: {'line': b'-- Up-to-date symlink: /home/lee/workspace/ros2_ex/install/px4_msgs/include/px4_msgs/px4_msgs/msg/detail/log_message__builder.hpp\n'}
[0.453091] (px4_msgs) StdoutLine: {'line': b'-- Up-to-date symlink: /home/lee/workspace/ros2_ex/install/px4_msgs/include/px4_msgs/px4_msgs/msg/detail/log_message__struct.hpp\n'}
[0.453144] (px4_msgs) StdoutLine: {'line': b'-- Up-to-date symlink: /home/lee/workspace/ros2_ex/install/px4_msgs/include/px4_msgs/px4_msgs/msg/detail/log_message__traits.hpp\n'}
[0.453204] (px4_msgs) StdoutLine: {'line': b'-- Up-to-date symlink: /home/lee/workspace/ros2_ex/install/px4_msgs/include/px4_msgs/px4_msgs/msg/detail/log_message__type_support.hpp\n'}
[0.453263] (px4_msgs) StdoutLine: {'line': b'-- Up-to-date symlink: /home/lee/workspace/ros2_ex/install/px4_msgs/include/px4_msgs/px4_msgs/msg/detail/logger_status__builder.hpp\n'}
[0.453328] (px4_msgs) StdoutLine: {'line': b'-- Up-to-date symlink: /home/lee/workspace/ros2_ex/install/px4_msgs/include/px4_msgs/px4_msgs/msg/detail/logger_status__struct.hpp\n'}
[0.453385] (px4_msgs) StdoutLine: {'line': b'-- Up-to-date symlink: /home/lee/workspace/ros2_ex/install/px4_msgs/include/px4_msgs/px4_msgs/msg/detail/logger_status__traits.hpp\n'}
[0.453444] (px4_msgs) StdoutLine: {'line': b'-- Up-to-date symlink: /home/lee/workspace/ros2_ex/install/px4_msgs/include/px4_msgs/px4_msgs/msg/detail/logger_status__type_support.hpp\n'}
[0.453500] (px4_msgs) StdoutLine: {'line': b'-- Up-to-date symlink: /home/lee/workspace/ros2_ex/install/px4_msgs/include/px4_msgs/px4_msgs/msg/detail/longitudinal_control_configuration__builder.hpp\n'}
[0.453544] (px4_msgs) StdoutLine: {'line': b'-- Up-to-date symlink: /home/lee/workspace/ros2_ex/install/px4_msgs/include/px4_msgs/px4_msgs/msg/detail/longitudinal_control_configuration__struct.hpp\n'}
[0.453652] (px4_msgs) StdoutLine: {'line': b'-- Up-to-date symlink: /home/lee/workspace/ros2_ex/install/px4_msgs/include/px4_msgs/px4_msgs/msg/detail/longitudinal_control_configuration__traits.hpp\n'}
[0.453713] (px4_msgs) StdoutLine: {'line': b'-- Up-to-date symlink: /home/lee/workspace/ros2_ex/install/px4_msgs/include/px4_msgs/px4_msgs/msg/detail/longitudinal_control_configuration__type_support.hpp\n'}
[0.453774] (px4_msgs) StdoutLine: {'line': b'-- Up-to-date symlink: /home/lee/workspace/ros2_ex/install/px4_msgs/include/px4_msgs/px4_msgs/msg/detail/mag_worker_data__builder.hpp\n'}
[0.453833] (px4_msgs) StdoutLine: {'line': b'-- Up-to-date symlink: /home/lee/workspace/ros2_ex/install/px4_msgs/include/px4_msgs/px4_msgs/msg/detail/mag_worker_data__struct.hpp\n'}
[0.453893] (px4_msgs) StdoutLine: {'line': b'-- Up-to-date symlink: /home/lee/workspace/ros2_ex/install/px4_msgs/include/px4_msgs/px4_msgs/msg/detail/mag_worker_data__traits.hpp\n'}
[0.453954] (px4_msgs) StdoutLine: {'line': b'-- Up-to-date symlink: /home/lee/workspace/ros2_ex/install/px4_msgs/include/px4_msgs/px4_msgs/msg/detail/mag_worker_data__type_support.hpp\n'}
[0.454012] (px4_msgs) StdoutLine: {'line': b'-- Up-to-date symlink: /home/lee/workspace/ros2_ex/install/px4_msgs/include/px4_msgs/px4_msgs/msg/detail/magnetometer_bias_estimate__builder.hpp\n'}
[0.454065] (px4_msgs) StdoutLine: {'line': b'-- Up-to-date symlink: /home/lee/workspace/ros2_ex/install/px4_msgs/include/px4_msgs/px4_msgs/msg/detail/magnetometer_bias_estimate__struct.hpp\n'}
[0.454126] (px4_msgs) StdoutLine: {'line': b'-- Up-to-date symlink: /home/lee/workspace/ros2_ex/install/px4_msgs/include/px4_msgs/px4_msgs/msg/detail/magnetometer_bias_estimate__traits.hpp\n'}
[0.454185] (px4_msgs) StdoutLine: {'line': b'-- Up-to-date symlink: /home/lee/workspace/ros2_ex/install/px4_msgs/include/px4_msgs/px4_msgs/msg/detail/magnetometer_bias_estimate__type_support.hpp\n'}
[0.454244] (px4_msgs) StdoutLine: {'line': b'-- Up-to-date symlink: /home/lee/workspace/ros2_ex/install/px4_msgs/include/px4_msgs/px4_msgs/msg/detail/manual_control_setpoint__builder.hpp\n'}
[0.454309] (px4_msgs) StdoutLine: {'line': b'-- Up-to-date symlink: /home/lee/workspace/ros2_ex/install/px4_msgs/include/px4_msgs/px4_msgs/msg/detail/manual_control_setpoint__struct.hpp\n'}
[0.454369] (px4_msgs) StdoutLine: {'line': b'-- Up-to-date symlink: /home/lee/workspace/ros2_ex/install/px4_msgs/include/px4_msgs/px4_msgs/msg/detail/manual_control_setpoint__traits.hpp\n'}
[0.454428] (px4_msgs) StdoutLine: {'line': b'-- Up-to-date symlink: /home/lee/workspace/ros2_ex/install/px4_msgs/include/px4_msgs/px4_msgs/msg/detail/manual_control_setpoint__type_support.hpp\n'}
[0.454488] (px4_msgs) StdoutLine: {'line': b'-- Up-to-date symlink: /home/lee/workspace/ros2_ex/install/px4_msgs/include/px4_msgs/px4_msgs/msg/detail/manual_control_switches__builder.hpp\n'}
[0.454540] (px4_msgs) StdoutLine: {'line': b'-- Up-to-date symlink: /home/lee/workspace/ros2_ex/install/px4_msgs/include/px4_msgs/px4_msgs/msg/detail/manual_control_switches__struct.hpp\n'}
[0.454599] (px4_msgs) StdoutLine: {'line': b'-- Up-to-date symlink: /home/lee/workspace/ros2_ex/install/px4_msgs/include/px4_msgs/px4_msgs/msg/detail/manual_control_switches__traits.hpp\n'}
[0.454656] (px4_msgs) StdoutLine: {'line': b'-- Up-to-date symlink: /home/lee/workspace/ros2_ex/install/px4_msgs/include/px4_msgs/px4_msgs/msg/detail/manual_control_switches__type_support.hpp\n'}
[0.454715] (px4_msgs) StdoutLine: {'line': b'-- Up-to-date symlink: /home/lee/workspace/ros2_ex/install/px4_msgs/include/px4_msgs/px4_msgs/msg/detail/mavlink_log__builder.hpp\n'}
[0.454774] (px4_msgs) StdoutLine: {'line': b'-- Up-to-date symlink: /home/lee/workspace/ros2_ex/install/px4_msgs/include/px4_msgs/px4_msgs/msg/detail/mavlink_log__struct.hpp\n'}
[0.454827] (px4_msgs) StdoutLine: {'line': b'-- Up-to-date symlink: /home/lee/workspace/ros2_ex/install/px4_msgs/include/px4_msgs/px4_msgs/msg/detail/mavlink_log__traits.hpp\n'}
[0.454886] (px4_msgs) StdoutLine: {'line': b'-- Up-to-date symlink: /home/lee/workspace/ros2_ex/install/px4_msgs/include/px4_msgs/px4_msgs/msg/detail/mavlink_log__type_support.hpp\n'}
[0.454944] (px4_msgs) StdoutLine: {'line': b'-- Up-to-date symlink: /home/lee/workspace/ros2_ex/install/px4_msgs/include/px4_msgs/px4_msgs/msg/detail/mavlink_tunnel__builder.hpp\n'}
[0.455003] (px4_msgs) StdoutLine: {'line': b'-- Up-to-date symlink: /home/lee/workspace/ros2_ex/install/px4_msgs/include/px4_msgs/px4_msgs/msg/detail/mavlink_tunnel__struct.hpp\n'}
[0.455061] (px4_msgs) StdoutLine: {'line': b'-- Up-to-date symlink: /home/lee/workspace/ros2_ex/install/px4_msgs/include/px4_msgs/px4_msgs/msg/detail/mavlink_tunnel__traits.hpp\n'}
[0.455113] (px4_msgs) StdoutLine: {'line': b'-- Up-to-date symlink: /home/lee/workspace/ros2_ex/install/px4_msgs/include/px4_msgs/px4_msgs/msg/detail/mavlink_tunnel__type_support.hpp\n'}
[0.455171] (px4_msgs) StdoutLine: {'line': b'-- Up-to-date symlink: /home/lee/workspace/ros2_ex/install/px4_msgs/include/px4_msgs/px4_msgs/msg/detail/message_format_request__builder.hpp\n'}
[0.455231] (px4_msgs) StdoutLine: {'line': b'-- Up-to-date symlink: /home/lee/workspace/ros2_ex/install/px4_msgs/include/px4_msgs/px4_msgs/msg/detail/message_format_request__struct.hpp\n'}
[0.455294] (px4_msgs) StdoutLine: {'line': b'-- Up-to-date symlink: /home/lee/workspace/ros2_ex/install/px4_msgs/include/px4_msgs/px4_msgs/msg/detail/message_format_request__traits.hpp\n'}
[0.455357] (px4_msgs) StdoutLine: {'line': b'-- Up-to-date symlink: /home/lee/workspace/ros2_ex/install/px4_msgs/include/px4_msgs/px4_msgs/msg/detail/message_format_request__type_support.hpp\n'}
[0.455417] (px4_msgs) StdoutLine: {'line': b'-- Up-to-date symlink: /home/lee/workspace/ros2_ex/install/px4_msgs/include/px4_msgs/px4_msgs/msg/detail/message_format_response__builder.hpp\n'}
[0.455471] (px4_msgs) StdoutLine: {'line': b'-- Up-to-date symlink: /home/lee/workspace/ros2_ex/install/px4_msgs/include/px4_msgs/px4_msgs/msg/detail/message_format_response__struct.hpp\n'}
[0.455531] (px4_msgs) StdoutLine: {'line': b'-- Up-to-date symlink: /home/lee/workspace/ros2_ex/install/px4_msgs/include/px4_msgs/px4_msgs/msg/detail/message_format_response__traits.hpp\n'}
[0.455592] (px4_msgs) StdoutLine: {'line': b'-- Up-to-date symlink: /home/lee/workspace/ros2_ex/install/px4_msgs/include/px4_msgs/px4_msgs/msg/detail/message_format_response__type_support.hpp\n'}
[0.455652] (px4_msgs) StdoutLine: {'line': b'-- Up-to-date symlink: /home/lee/workspace/ros2_ex/install/px4_msgs/include/px4_msgs/px4_msgs/msg/detail/mission__builder.hpp\n'}
[0.455714] (px4_msgs) StdoutLine: {'line': b'-- Up-to-date symlink: /home/lee/workspace/ros2_ex/install/px4_msgs/include/px4_msgs/px4_msgs/msg/detail/mission__struct.hpp\n'}
[0.455771] (px4_msgs) StdoutLine: {'line': b'-- Up-to-date symlink: /home/lee/workspace/ros2_ex/install/px4_msgs/include/px4_msgs/px4_msgs/msg/detail/mission__traits.hpp\n'}
[0.455832] (px4_msgs) StdoutLine: {'line': b'-- Up-to-date symlink: /home/lee/workspace/ros2_ex/install/px4_msgs/include/px4_msgs/px4_msgs/msg/detail/mission__type_support.hpp\n'}
[0.455893] (px4_msgs) StdoutLine: {'line': b'-- Up-to-date symlink: /home/lee/workspace/ros2_ex/install/px4_msgs/include/px4_msgs/px4_msgs/msg/detail/mission_result__builder.hpp\n'}
[0.455951] (px4_msgs) StdoutLine: {'line': b'-- Up-to-date symlink: /home/lee/workspace/ros2_ex/install/px4_msgs/include/px4_msgs/px4_msgs/msg/detail/mission_result__struct.hpp\n'}
[0.456012] (px4_msgs) StdoutLine: {'line': b'-- Up-to-date symlink: /home/lee/workspace/ros2_ex/install/px4_msgs/include/px4_msgs/px4_msgs/msg/detail/mission_result__traits.hpp\n'}
[0.456060] (px4_msgs) StdoutLine: {'line': b'-- Up-to-date symlink: /home/lee/workspace/ros2_ex/install/px4_msgs/include/px4_msgs/px4_msgs/msg/detail/mission_result__type_support.hpp\n'}
[0.456108] (px4_msgs) StdoutLine: {'line': b'-- Up-to-date symlink: /home/lee/workspace/ros2_ex/install/px4_msgs/include/px4_msgs/px4_msgs/msg/detail/mode_completed__builder.hpp\n'}
[0.456156] (px4_msgs) StdoutLine: {'line': b'-- Up-to-date symlink: /home/lee/workspace/ros2_ex/install/px4_msgs/include/px4_msgs/px4_msgs/msg/detail/mode_completed__struct.hpp\n'}
[0.456202] (px4_msgs) StdoutLine: {'line': b'-- Up-to-date symlink: /home/lee/workspace/ros2_ex/install/px4_msgs/include/px4_msgs/px4_msgs/msg/detail/mode_completed__traits.hpp\n'}
[0.456250] (px4_msgs) StdoutLine: {'line': b'-- Up-to-date symlink: /home/lee/workspace/ros2_ex/install/px4_msgs/include/px4_msgs/px4_msgs/msg/detail/mode_completed__type_support.hpp\n'}
[0.456345] (px4_msgs) StdoutLine: {'line': b'-- Up-to-date symlink: /home/lee/workspace/ros2_ex/install/px4_msgs/include/px4_msgs/px4_msgs/msg/detail/mount_orientation__builder.hpp\n'}
[0.456395] (px4_msgs) StdoutLine: {'line': b'-- Up-to-date symlink: /home/lee/workspace/ros2_ex/install/px4_msgs/include/px4_msgs/px4_msgs/msg/detail/mount_orientation__struct.hpp\n'}
[0.456443] (px4_msgs) StdoutLine: {'line': b'-- Up-to-date symlink: /home/lee/workspace/ros2_ex/install/px4_msgs/include/px4_msgs/px4_msgs/msg/detail/mount_orientation__traits.hpp\n'}
[0.456491] (px4_msgs) StdoutLine: {'line': b'-- Up-to-date symlink: /home/lee/workspace/ros2_ex/install/px4_msgs/include/px4_msgs/px4_msgs/msg/detail/mount_orientation__type_support.hpp\n'}
[0.456539] (px4_msgs) StdoutLine: {'line': b'-- Up-to-date symlink: /home/lee/workspace/ros2_ex/install/px4_msgs/include/px4_msgs/px4_msgs/msg/detail/navigator_mission_item__builder.hpp\n'}
[0.456587] (px4_msgs) StdoutLine: {'line': b'-- Up-to-date symlink: /home/lee/workspace/ros2_ex/install/px4_msgs/include/px4_msgs/px4_msgs/msg/detail/navigator_mission_item__struct.hpp\n'}
[0.456635] (px4_msgs) StdoutLine: {'line': b'-- Up-to-date symlink: /home/lee/workspace/ros2_ex/install/px4_msgs/include/px4_msgs/px4_msgs/msg/detail/navigator_mission_item__traits.hpp\n'}
[0.456684] (px4_msgs) StdoutLine: {'line': b'-- Up-to-date symlink: /home/lee/workspace/ros2_ex/install/px4_msgs/include/px4_msgs/px4_msgs/msg/detail/navigator_mission_item__type_support.hpp\n'}
[0.456732] (px4_msgs) StdoutLine: {'line': b'-- Up-to-date symlink: /home/lee/workspace/ros2_ex/install/px4_msgs/include/px4_msgs/px4_msgs/msg/detail/navigator_status__builder.hpp\n'}
[0.456779] (px4_msgs) StdoutLine: {'line': b'-- Up-to-date symlink: /home/lee/workspace/ros2_ex/install/px4_msgs/include/px4_msgs/px4_msgs/msg/detail/navigator_status__struct.hpp\n'}
[0.456826] (px4_msgs) StdoutLine: {'line': b'-- Up-to-date symlink: /home/lee/workspace/ros2_ex/install/px4_msgs/include/px4_msgs/px4_msgs/msg/detail/navigator_status__traits.hpp\n'}
[0.456873] (px4_msgs) StdoutLine: {'line': b'-- Up-to-date symlink: /home/lee/workspace/ros2_ex/install/px4_msgs/include/px4_msgs/px4_msgs/msg/detail/navigator_status__type_support.hpp\n'}
[0.456918] (px4_msgs) StdoutLine: {'line': b'-- Up-to-date symlink: /home/lee/workspace/ros2_ex/install/px4_msgs/include/px4_msgs/px4_msgs/msg/detail/normalized_unsigned_setpoint__builder.hpp\n'}
[0.456965] (px4_msgs) StdoutLine: {'line': b'-- Up-to-date symlink: /home/lee/workspace/ros2_ex/install/px4_msgs/include/px4_msgs/px4_msgs/msg/detail/normalized_unsigned_setpoint__struct.hpp\n'}
[0.457011] (px4_msgs) StdoutLine: {'line': b'-- Up-to-date symlink: /home/lee/workspace/ros2_ex/install/px4_msgs/include/px4_msgs/px4_msgs/msg/detail/normalized_unsigned_setpoint__traits.hpp\n'}
[0.457067] (px4_msgs) StdoutLine: {'line': b'-- Up-to-date symlink: /home/lee/workspace/ros2_ex/install/px4_msgs/include/px4_msgs/px4_msgs/msg/detail/normalized_unsigned_setpoint__type_support.hpp\n'}
[0.457114] (px4_msgs) StdoutLine: {'line': b'-- Up-to-date symlink: /home/lee/workspace/ros2_ex/install/px4_msgs/include/px4_msgs/px4_msgs/msg/detail/npfg_status__builder.hpp\n'}
[0.457161] (px4_msgs) StdoutLine: {'line': b'-- Up-to-date symlink: /home/lee/workspace/ros2_ex/install/px4_msgs/include/px4_msgs/px4_msgs/msg/detail/npfg_status__struct.hpp\n'}
[0.457262] (px4_msgs) StdoutLine: {'line': b'-- Up-to-date symlink: /home/lee/workspace/ros2_ex/install/px4_msgs/include/px4_msgs/px4_msgs/msg/detail/npfg_status__traits.hpp\n'}
[0.457328] (px4_msgs) StdoutLine: {'line': b'-- Up-to-date symlink: /home/lee/workspace/ros2_ex/install/px4_msgs/include/px4_msgs/px4_msgs/msg/detail/npfg_status__type_support.hpp\n'}
[0.457381] (px4_msgs) StdoutLine: {'line': b'-- Up-to-date symlink: /home/lee/workspace/ros2_ex/install/px4_msgs/include/px4_msgs/px4_msgs/msg/detail/obstacle_distance__builder.hpp\n'}
[0.457430] (px4_msgs) StdoutLine: {'line': b'-- Up-to-date symlink: /home/lee/workspace/ros2_ex/install/px4_msgs/include/px4_msgs/px4_msgs/msg/detail/obstacle_distance__struct.hpp\n'}
[0.457477] (px4_msgs) StdoutLine: {'line': b'-- Up-to-date symlink: /home/lee/workspace/ros2_ex/install/px4_msgs/include/px4_msgs/px4_msgs/msg/detail/obstacle_distance__traits.hpp\n'}
[0.457524] (px4_msgs) StdoutLine: {'line': b'-- Up-to-date symlink: /home/lee/workspace/ros2_ex/install/px4_msgs/include/px4_msgs/px4_msgs/msg/detail/obstacle_distance__type_support.hpp\n'}
[0.457571] (px4_msgs) StdoutLine: {'line': b'-- Up-to-date symlink: /home/lee/workspace/ros2_ex/install/px4_msgs/include/px4_msgs/px4_msgs/msg/detail/offboard_control_mode__builder.hpp\n'}
[0.457618] (px4_msgs) StdoutLine: {'line': b'-- Up-to-date symlink: /home/lee/workspace/ros2_ex/install/px4_msgs/include/px4_msgs/px4_msgs/msg/detail/offboard_control_mode__struct.hpp\n'}
[0.457665] (px4_msgs) StdoutLine: {'line': b'-- Up-to-date symlink: /home/lee/workspace/ros2_ex/install/px4_msgs/include/px4_msgs/px4_msgs/msg/detail/offboard_control_mode__traits.hpp\n'}
[0.457711] (px4_msgs) StdoutLine: {'line': b'-- Up-to-date symlink: /home/lee/workspace/ros2_ex/install/px4_msgs/include/px4_msgs/px4_msgs/msg/detail/offboard_control_mode__type_support.hpp\n'}
[0.457757] (px4_msgs) StdoutLine: {'line': b'-- Up-to-date symlink: /home/lee/workspace/ros2_ex/install/px4_msgs/include/px4_msgs/px4_msgs/msg/detail/onboard_computer_status__builder.hpp\n'}
[0.457803] (px4_msgs) StdoutLine: {'line': b'-- Up-to-date symlink: /home/lee/workspace/ros2_ex/install/px4_msgs/include/px4_msgs/px4_msgs/msg/detail/onboard_computer_status__struct.hpp\n'}
[0.457850] (px4_msgs) StdoutLine: {'line': b'-- Up-to-date symlink: /home/lee/workspace/ros2_ex/install/px4_msgs/include/px4_msgs/px4_msgs/msg/detail/onboard_computer_status__traits.hpp\n'}
[0.457895] (px4_msgs) StdoutLine: {'line': b'-- Up-to-date symlink: /home/lee/workspace/ros2_ex/install/px4_msgs/include/px4_msgs/px4_msgs/msg/detail/onboard_computer_status__type_support.hpp\n'}
[0.457942] (px4_msgs) StdoutLine: {'line': b'-- Up-to-date symlink: /home/lee/workspace/ros2_ex/install/px4_msgs/include/px4_msgs/px4_msgs/msg/detail/open_drone_id_arm_status__builder.hpp\n'}
[0.457988] (px4_msgs) StdoutLine: {'line': b'-- Up-to-date symlink: /home/lee/workspace/ros2_ex/install/px4_msgs/include/px4_msgs/px4_msgs/msg/detail/open_drone_id_arm_status__struct.hpp\n'}
[0.458034] (px4_msgs) StdoutLine: {'line': b'-- Up-to-date symlink: /home/lee/workspace/ros2_ex/install/px4_msgs/include/px4_msgs/px4_msgs/msg/detail/open_drone_id_arm_status__traits.hpp\n'}
[0.458080] (px4_msgs) StdoutLine: {'line': b'-- Up-to-date symlink: /home/lee/workspace/ros2_ex/install/px4_msgs/include/px4_msgs/px4_msgs/msg/detail/open_drone_id_arm_status__type_support.hpp\n'}
[0.458136] (px4_msgs) StdoutLine: {'line': b'-- Up-to-date symlink: /home/lee/workspace/ros2_ex/install/px4_msgs/include/px4_msgs/px4_msgs/msg/detail/open_drone_id_operator_id__builder.hpp\n'}
[0.458228] (px4_msgs) StdoutLine: {'line': b'-- Up-to-date symlink: /home/lee/workspace/ros2_ex/install/px4_msgs/include/px4_msgs/px4_msgs/msg/detail/open_drone_id_operator_id__struct.hpp\n'}
[0.458275] (px4_msgs) StdoutLine: {'line': b'-- Up-to-date symlink: /home/lee/workspace/ros2_ex/install/px4_msgs/include/px4_msgs/px4_msgs/msg/detail/open_drone_id_operator_id__traits.hpp\n'}
[0.458419] (px4_msgs) StdoutLine: {'line': b'-- Up-to-date symlink: /home/lee/workspace/ros2_ex/install/px4_msgs/include/px4_msgs/px4_msgs/msg/detail/open_drone_id_operator_id__type_support.hpp\n'}
[0.458472] (px4_msgs) StdoutLine: {'line': b'-- Up-to-date symlink: /home/lee/workspace/ros2_ex/install/px4_msgs/include/px4_msgs/px4_msgs/msg/detail/open_drone_id_self_id__builder.hpp\n'}
[0.458497] (px4_msgs) StdoutLine: {'line': b'-- Up-to-date symlink: /home/lee/workspace/ros2_ex/install/px4_msgs/include/px4_msgs/px4_msgs/msg/detail/open_drone_id_self_id__struct.hpp\n'}
[0.458532] (px4_msgs) StdoutLine: {'line': b'-- Up-to-date symlink: /home/lee/workspace/ros2_ex/install/px4_msgs/include/px4_msgs/px4_msgs/msg/detail/open_drone_id_self_id__traits.hpp\n'}
[0.458553] (px4_msgs) StdoutLine: {'line': b'-- Up-to-date symlink: /home/lee/workspace/ros2_ex/install/px4_msgs/include/px4_msgs/px4_msgs/msg/detail/open_drone_id_self_id__type_support.hpp\n'}
[0.458575] (px4_msgs) StdoutLine: {'line': b'-- Up-to-date symlink: /home/lee/workspace/ros2_ex/install/px4_msgs/include/px4_msgs/px4_msgs/msg/detail/open_drone_id_system__builder.hpp\n'}
[0.458596] (px4_msgs) StdoutLine: {'line': b'-- Up-to-date symlink: /home/lee/workspace/ros2_ex/install/px4_msgs/include/px4_msgs/px4_msgs/msg/detail/open_drone_id_system__struct.hpp\n'}
[0.458628] (px4_msgs) StdoutLine: {'line': b'-- Up-to-date symlink: /home/lee/workspace/ros2_ex/install/px4_msgs/include/px4_msgs/px4_msgs/msg/detail/open_drone_id_system__traits.hpp\n'}
[0.458652] (px4_msgs) StdoutLine: {'line': b'-- Up-to-date symlink: /home/lee/workspace/ros2_ex/install/px4_msgs/include/px4_msgs/px4_msgs/msg/detail/open_drone_id_system__type_support.hpp\n'}
[0.458672] (px4_msgs) StdoutLine: {'line': b'-- Up-to-date symlink: /home/lee/workspace/ros2_ex/install/px4_msgs/include/px4_msgs/px4_msgs/msg/detail/orb_test__builder.hpp\n'}
[0.458693] (px4_msgs) StdoutLine: {'line': b'-- Up-to-date symlink: /home/lee/workspace/ros2_ex/install/px4_msgs/include/px4_msgs/px4_msgs/msg/detail/orb_test__struct.hpp\n'}
[0.458724] (px4_msgs) StdoutLine: {'line': b'-- Up-to-date symlink: /home/lee/workspace/ros2_ex/install/px4_msgs/include/px4_msgs/px4_msgs/msg/detail/orb_test__traits.hpp\n'}
[0.458745] (px4_msgs) StdoutLine: {'line': b'-- Up-to-date symlink: /home/lee/workspace/ros2_ex/install/px4_msgs/include/px4_msgs/px4_msgs/msg/detail/orb_test__type_support.hpp\n'}
[0.458764] (px4_msgs) StdoutLine: {'line': b'-- Up-to-date symlink: /home/lee/workspace/ros2_ex/install/px4_msgs/include/px4_msgs/px4_msgs/msg/detail/orb_test_large__builder.hpp\n'}
[0.458800] (px4_msgs) StdoutLine: {'line': b'-- Up-to-date symlink: /home/lee/workspace/ros2_ex/install/px4_msgs/include/px4_msgs/px4_msgs/msg/detail/orb_test_large__struct.hpp\n'}
[0.458821] (px4_msgs) StdoutLine: {'line': b'-- Up-to-date symlink: /home/lee/workspace/ros2_ex/install/px4_msgs/include/px4_msgs/px4_msgs/msg/detail/orb_test_large__traits.hpp\n'}
[0.458842] (px4_msgs) StdoutLine: {'line': b'-- Up-to-date symlink: /home/lee/workspace/ros2_ex/install/px4_msgs/include/px4_msgs/px4_msgs/msg/detail/orb_test_large__type_support.hpp\n'}
[0.458863] (px4_msgs) StdoutLine: {'line': b'-- Up-to-date symlink: /home/lee/workspace/ros2_ex/install/px4_msgs/include/px4_msgs/px4_msgs/msg/detail/orb_test_medium__builder.hpp\n'}
[0.458883] (px4_msgs) StdoutLine: {'line': b'-- Up-to-date symlink: /home/lee/workspace/ros2_ex/install/px4_msgs/include/px4_msgs/px4_msgs/msg/detail/orb_test_medium__struct.hpp\n'}
[0.458903] (px4_msgs) StdoutLine: {'line': b'-- Up-to-date symlink: /home/lee/workspace/ros2_ex/install/px4_msgs/include/px4_msgs/px4_msgs/msg/detail/orb_test_medium__traits.hpp\n'}
[0.458924] (px4_msgs) StdoutLine: {'line': b'-- Up-to-date symlink: /home/lee/workspace/ros2_ex/install/px4_msgs/include/px4_msgs/px4_msgs/msg/detail/orb_test_medium__type_support.hpp\n'}
[0.458957] (px4_msgs) StdoutLine: {'line': b'-- Up-to-date symlink: /home/lee/workspace/ros2_ex/install/px4_msgs/include/px4_msgs/px4_msgs/msg/detail/orbit_status__builder.hpp\n'}
[0.458977] (px4_msgs) StdoutLine: {'line': b'-- Up-to-date symlink: /home/lee/workspace/ros2_ex/install/px4_msgs/include/px4_msgs/px4_msgs/msg/detail/orbit_status__struct.hpp\n'}
[0.458997] (px4_msgs) StdoutLine: {'line': b'-- Up-to-date symlink: /home/lee/workspace/ros2_ex/install/px4_msgs/include/px4_msgs/px4_msgs/msg/detail/orbit_status__traits.hpp\n'}
[0.459016] (px4_msgs) StdoutLine: {'line': b'-- Up-to-date symlink: /home/lee/workspace/ros2_ex/install/px4_msgs/include/px4_msgs/px4_msgs/msg/detail/orbit_status__type_support.hpp\n'}
[0.459035] (px4_msgs) StdoutLine: {'line': b'-- Up-to-date symlink: /home/lee/workspace/ros2_ex/install/px4_msgs/include/px4_msgs/px4_msgs/msg/detail/parameter_reset_request__builder.hpp\n'}
[0.459054] (px4_msgs) StdoutLine: {'line': b'-- Up-to-date symlink: /home/lee/workspace/ros2_ex/install/px4_msgs/include/px4_msgs/px4_msgs/msg/detail/parameter_reset_request__struct.hpp\n'}
[0.459087] (px4_msgs) StdoutLine: {'line': b'-- Up-to-date symlink: /home/lee/workspace/ros2_ex/install/px4_msgs/include/px4_msgs/px4_msgs/msg/detail/parameter_reset_request__traits.hpp\n'}
[0.459125] (px4_msgs) StdoutLine: {'line': b'-- Up-to-date symlink: /home/lee/workspace/ros2_ex/install/px4_msgs/include/px4_msgs/px4_msgs/msg/detail/parameter_reset_request__type_support.hpp\n'}
[0.459144] (px4_msgs) StdoutLine: {'line': b'-- Up-to-date symlink: /home/lee/workspace/ros2_ex/install/px4_msgs/include/px4_msgs/px4_msgs/msg/detail/parameter_set_used_request__builder.hpp\n'}
[0.459165] (px4_msgs) StdoutLine: {'line': b'-- Up-to-date symlink: /home/lee/workspace/ros2_ex/install/px4_msgs/include/px4_msgs/px4_msgs/msg/detail/parameter_set_used_request__struct.hpp\n'}
[0.459183] (px4_msgs) StdoutLine: {'line': b'-- Up-to-date symlink: /home/lee/workspace/ros2_ex/install/px4_msgs/include/px4_msgs/px4_msgs/msg/detail/parameter_set_used_request__traits.hpp\n'}
[0.459202] (px4_msgs) StdoutLine: {'line': b'-- Up-to-date symlink: /home/lee/workspace/ros2_ex/install/px4_msgs/include/px4_msgs/px4_msgs/msg/detail/parameter_set_used_request__type_support.hpp\n'}
[0.459220] (px4_msgs) StdoutLine: {'line': b'-- Up-to-date symlink: /home/lee/workspace/ros2_ex/install/px4_msgs/include/px4_msgs/px4_msgs/msg/detail/parameter_set_value_request__builder.hpp\n'}
[0.459239] (px4_msgs) StdoutLine: {'line': b'-- Up-to-date symlink: /home/lee/workspace/ros2_ex/install/px4_msgs/include/px4_msgs/px4_msgs/msg/detail/parameter_set_value_request__struct.hpp\n'}
[0.459268] (px4_msgs) StdoutLine: {'line': b'-- Up-to-date symlink: /home/lee/workspace/ros2_ex/install/px4_msgs/include/px4_msgs/px4_msgs/msg/detail/parameter_set_value_request__traits.hpp\n'}
[0.459291] (px4_msgs) StdoutLine: {'line': b'-- Up-to-date symlink: /home/lee/workspace/ros2_ex/install/px4_msgs/include/px4_msgs/px4_msgs/msg/detail/parameter_set_value_request__type_support.hpp\n'}
[0.459325] (px4_msgs) StdoutLine: {'line': b'-- Up-to-date symlink: /home/lee/workspace/ros2_ex/install/px4_msgs/include/px4_msgs/px4_msgs/msg/detail/parameter_set_value_response__builder.hpp\n'}
[0.459348] (px4_msgs) StdoutLine: {'line': b'-- Up-to-date symlink: /home/lee/workspace/ros2_ex/install/px4_msgs/include/px4_msgs/px4_msgs/msg/detail/parameter_set_value_response__struct.hpp\n'}
[0.459368] (px4_msgs) StdoutLine: {'line': b'-- Up-to-date symlink: /home/lee/workspace/ros2_ex/install/px4_msgs/include/px4_msgs/px4_msgs/msg/detail/parameter_set_value_response__traits.hpp\n'}
[0.459388] (px4_msgs) StdoutLine: {'line': b'-- Up-to-date symlink: /home/lee/workspace/ros2_ex/install/px4_msgs/include/px4_msgs/px4_msgs/msg/detail/parameter_set_value_response__type_support.hpp\n'}
[0.459410] (px4_msgs) StdoutLine: {'line': b'-- Up-to-date symlink: /home/lee/workspace/ros2_ex/install/px4_msgs/include/px4_msgs/px4_msgs/msg/detail/parameter_update__builder.hpp\n'}
[0.459430] (px4_msgs) StdoutLine: {'line': b'-- Up-to-date symlink: /home/lee/workspace/ros2_ex/install/px4_msgs/include/px4_msgs/px4_msgs/msg/detail/parameter_update__struct.hpp\n'}
[0.459460] (px4_msgs) StdoutLine: {'line': b'-- Up-to-date symlink: /home/lee/workspace/ros2_ex/install/px4_msgs/include/px4_msgs/px4_msgs/msg/detail/parameter_update__traits.hpp\n'}
[0.459480] (px4_msgs) StdoutLine: {'line': b'-- Up-to-date symlink: /home/lee/workspace/ros2_ex/install/px4_msgs/include/px4_msgs/px4_msgs/msg/detail/parameter_update__type_support.hpp\n'}
[0.459500] (px4_msgs) StdoutLine: {'line': b'-- Up-to-date symlink: /home/lee/workspace/ros2_ex/install/px4_msgs/include/px4_msgs/px4_msgs/msg/detail/ping__builder.hpp\n'}
[0.459520] (px4_msgs) StdoutLine: {'line': b'-- Up-to-date symlink: /home/lee/workspace/ros2_ex/install/px4_msgs/include/px4_msgs/px4_msgs/msg/detail/ping__struct.hpp\n'}
[0.459540] (px4_msgs) StdoutLine: {'line': b'-- Up-to-date symlink: /home/lee/workspace/ros2_ex/install/px4_msgs/include/px4_msgs/px4_msgs/msg/detail/ping__traits.hpp\n'}
[0.459560] (px4_msgs) StdoutLine: {'line': b'-- Up-to-date symlink: /home/lee/workspace/ros2_ex/install/px4_msgs/include/px4_msgs/px4_msgs/msg/detail/ping__type_support.hpp\n'}
[0.459593] (px4_msgs) StdoutLine: {'line': b'-- Up-to-date symlink: /home/lee/workspace/ros2_ex/install/px4_msgs/include/px4_msgs/px4_msgs/msg/detail/position_controller_landing_status__builder.hpp\n'}
[0.459613] (px4_msgs) StdoutLine: {'line': b'-- Up-to-date symlink: /home/lee/workspace/ros2_ex/install/px4_msgs/include/px4_msgs/px4_msgs/msg/detail/position_controller_landing_status__struct.hpp\n'}
[0.459647] (px4_msgs) StdoutLine: {'line': b'-- Up-to-date symlink: /home/lee/workspace/ros2_ex/install/px4_msgs/include/px4_msgs/px4_msgs/msg/detail/position_controller_landing_status__traits.hpp\n'}
[0.459681] (px4_msgs) StdoutLine: {'line': b'-- Up-to-date symlink: /home/lee/workspace/ros2_ex/install/px4_msgs/include/px4_msgs/px4_msgs/msg/detail/position_controller_landing_status__type_support.hpp\n'}
[0.459699] (px4_msgs) StdoutLine: {'line': b'-- Up-to-date symlink: /home/lee/workspace/ros2_ex/install/px4_msgs/include/px4_msgs/px4_msgs/msg/detail/position_controller_status__builder.hpp\n'}
[0.459717] (px4_msgs) StdoutLine: {'line': b'-- Up-to-date symlink: /home/lee/workspace/ros2_ex/install/px4_msgs/include/px4_msgs/px4_msgs/msg/detail/position_controller_status__struct.hpp\n'}
[0.459735] (px4_msgs) StdoutLine: {'line': b'-- Up-to-date symlink: /home/lee/workspace/ros2_ex/install/px4_msgs/include/px4_msgs/px4_msgs/msg/detail/position_controller_status__traits.hpp\n'}
[0.459754] (px4_msgs) StdoutLine: {'line': b'-- Up-to-date symlink: /home/lee/workspace/ros2_ex/install/px4_msgs/include/px4_msgs/px4_msgs/msg/detail/position_controller_status__type_support.hpp\n'}
[0.459772] (px4_msgs) StdoutLine: {'line': b'-- Up-to-date symlink: /home/lee/workspace/ros2_ex/install/px4_msgs/include/px4_msgs/px4_msgs/msg/detail/position_setpoint__builder.hpp\n'}
[0.459790] (px4_msgs) StdoutLine: {'line': b'-- Up-to-date symlink: /home/lee/workspace/ros2_ex/install/px4_msgs/include/px4_msgs/px4_msgs/msg/detail/position_setpoint__struct.hpp\n'}
[0.459809] (px4_msgs) StdoutLine: {'line': b'-- Up-to-date symlink: /home/lee/workspace/ros2_ex/install/px4_msgs/include/px4_msgs/px4_msgs/msg/detail/position_setpoint__traits.hpp\n'}
[0.459827] (px4_msgs) StdoutLine: {'line': b'-- Up-to-date symlink: /home/lee/workspace/ros2_ex/install/px4_msgs/include/px4_msgs/px4_msgs/msg/detail/position_setpoint__type_support.hpp\n'}
[0.459845] (px4_msgs) StdoutLine: {'line': b'-- Up-to-date symlink: /home/lee/workspace/ros2_ex/install/px4_msgs/include/px4_msgs/px4_msgs/msg/detail/position_setpoint_triplet__builder.hpp\n'}
[0.459865] (px4_msgs) StdoutLine: {'line': b'-- Up-to-date symlink: /home/lee/workspace/ros2_ex/install/px4_msgs/include/px4_msgs/px4_msgs/msg/detail/position_setpoint_triplet__struct.hpp\n'}
[0.459893] (px4_msgs) StdoutLine: {'line': b'-- Up-to-date symlink: /home/lee/workspace/ros2_ex/install/px4_msgs/include/px4_msgs/px4_msgs/msg/detail/position_setpoint_triplet__traits.hpp\n'}
[0.459912] (px4_msgs) StdoutLine: {'line': b'-- Up-to-date symlink: /home/lee/workspace/ros2_ex/install/px4_msgs/include/px4_msgs/px4_msgs/msg/detail/position_setpoint_triplet__type_support.hpp\n'}
[0.459931] (px4_msgs) StdoutLine: {'line': b'-- Up-to-date symlink: /home/lee/workspace/ros2_ex/install/px4_msgs/include/px4_msgs/px4_msgs/msg/detail/power_button_state__builder.hpp\n'}
[0.459950] (px4_msgs) StdoutLine: {'line': b'-- Up-to-date symlink: /home/lee/workspace/ros2_ex/install/px4_msgs/include/px4_msgs/px4_msgs/msg/detail/power_button_state__struct.hpp\n'}
[0.459970] (px4_msgs) StdoutLine: {'line': b'-- Up-to-date symlink: /home/lee/workspace/ros2_ex/install/px4_msgs/include/px4_msgs/px4_msgs/msg/detail/power_button_state__traits.hpp\n'}
[0.459990] (px4_msgs) StdoutLine: {'line': b'-- Up-to-date symlink: /home/lee/workspace/ros2_ex/install/px4_msgs/include/px4_msgs/px4_msgs/msg/detail/power_button_state__type_support.hpp\n'}
[0.460008] (px4_msgs) StdoutLine: {'line': b'-- Up-to-date symlink: /home/lee/workspace/ros2_ex/install/px4_msgs/include/px4_msgs/px4_msgs/msg/detail/power_monitor__builder.hpp\n'}
[0.460027] (px4_msgs) StdoutLine: {'line': b'-- Up-to-date symlink: /home/lee/workspace/ros2_ex/install/px4_msgs/include/px4_msgs/px4_msgs/msg/detail/power_monitor__struct.hpp\n'}
[0.460046] (px4_msgs) StdoutLine: {'line': b'-- Up-to-date symlink: /home/lee/workspace/ros2_ex/install/px4_msgs/include/px4_msgs/px4_msgs/msg/detail/power_monitor__traits.hpp\n'}
[0.460065] (px4_msgs) StdoutLine: {'line': b'-- Up-to-date symlink: /home/lee/workspace/ros2_ex/install/px4_msgs/include/px4_msgs/px4_msgs/msg/detail/power_monitor__type_support.hpp\n'}
[0.460084] (px4_msgs) StdoutLine: {'line': b'-- Up-to-date symlink: /home/lee/workspace/ros2_ex/install/px4_msgs/include/px4_msgs/px4_msgs/msg/detail/pps_capture__builder.hpp\n'}
[0.460103] (px4_msgs) StdoutLine: {'line': b'-- Up-to-date symlink: /home/lee/workspace/ros2_ex/install/px4_msgs/include/px4_msgs/px4_msgs/msg/detail/pps_capture__struct.hpp\n'}
[0.460121] (px4_msgs) StdoutLine: {'line': b'-- Up-to-date symlink: /home/lee/workspace/ros2_ex/install/px4_msgs/include/px4_msgs/px4_msgs/msg/detail/pps_capture__traits.hpp\n'}
[0.460155] (px4_msgs) StdoutLine: {'line': b'-- Up-to-date symlink: /home/lee/workspace/ros2_ex/install/px4_msgs/include/px4_msgs/px4_msgs/msg/detail/pps_capture__type_support.hpp\n'}
[0.460197] (px4_msgs) StdoutLine: {'line': b'-- Up-to-date symlink: /home/lee/workspace/ros2_ex/install/px4_msgs/include/px4_msgs/px4_msgs/msg/detail/pure_pursuit_status__builder.hpp\n'}
[0.460224] (px4_msgs) StdoutLine: {'line': b'-- Up-to-date symlink: /home/lee/workspace/ros2_ex/install/px4_msgs/include/px4_msgs/px4_msgs/msg/detail/pure_pursuit_status__struct.hpp\n'}
[0.460251] (px4_msgs) StdoutLine: {'line': b'-- Up-to-date symlink: /home/lee/workspace/ros2_ex/install/px4_msgs/include/px4_msgs/px4_msgs/msg/detail/pure_pursuit_status__traits.hpp\n'}
[0.460269] (px4_msgs) StdoutLine: {'line': b'-- Up-to-date symlink: /home/lee/workspace/ros2_ex/install/px4_msgs/include/px4_msgs/px4_msgs/msg/detail/pure_pursuit_status__type_support.hpp\n'}
[0.460296] (px4_msgs) StdoutLine: {'line': b'-- Up-to-date symlink: /home/lee/workspace/ros2_ex/install/px4_msgs/include/px4_msgs/px4_msgs/msg/detail/pwm_input__builder.hpp\n'}
[0.460316] (px4_msgs) StdoutLine: {'line': b'-- Up-to-date symlink: /home/lee/workspace/ros2_ex/install/px4_msgs/include/px4_msgs/px4_msgs/msg/detail/pwm_input__struct.hpp\n'}
[0.460344] (px4_msgs) StdoutLine: {'line': b'-- Up-to-date symlink: /home/lee/workspace/ros2_ex/install/px4_msgs/include/px4_msgs/px4_msgs/msg/detail/pwm_input__traits.hpp\n'}
[0.460363] (px4_msgs) StdoutLine: {'line': b'-- Up-to-date symlink: /home/lee/workspace/ros2_ex/install/px4_msgs/include/px4_msgs/px4_msgs/msg/detail/pwm_input__type_support.hpp\n'}
[0.460383] (px4_msgs) StdoutLine: {'line': b'-- Up-to-date symlink: /home/lee/workspace/ros2_ex/install/px4_msgs/include/px4_msgs/px4_msgs/msg/detail/px4io_status__builder.hpp\n'}
[0.460401] (px4_msgs) StdoutLine: {'line': b'-- Up-to-date symlink: /home/lee/workspace/ros2_ex/install/px4_msgs/include/px4_msgs/px4_msgs/msg/detail/px4io_status__struct.hpp\n'}
[0.460420] (px4_msgs) StdoutLine: {'line': b'-- Up-to-date symlink: /home/lee/workspace/ros2_ex/install/px4_msgs/include/px4_msgs/px4_msgs/msg/detail/px4io_status__traits.hpp\n'}
[0.460438] (px4_msgs) StdoutLine: {'line': b'-- Up-to-date symlink: /home/lee/workspace/ros2_ex/install/px4_msgs/include/px4_msgs/px4_msgs/msg/detail/px4io_status__type_support.hpp\n'}
[0.460467] (px4_msgs) StdoutLine: {'line': b'-- Up-to-date symlink: /home/lee/workspace/ros2_ex/install/px4_msgs/include/px4_msgs/px4_msgs/msg/detail/qshell_req__builder.hpp\n'}
[0.460486] (px4_msgs) StdoutLine: {'line': b'-- Up-to-date symlink: /home/lee/workspace/ros2_ex/install/px4_msgs/include/px4_msgs/px4_msgs/msg/detail/qshell_req__struct.hpp\n'}
[0.460505] (px4_msgs) StdoutLine: {'line': b'-- Up-to-date symlink: /home/lee/workspace/ros2_ex/install/px4_msgs/include/px4_msgs/px4_msgs/msg/detail/qshell_req__traits.hpp\n'}
[0.460538] (px4_msgs) StdoutLine: {'line': b'-- Up-to-date symlink: /home/lee/workspace/ros2_ex/install/px4_msgs/include/px4_msgs/px4_msgs/msg/detail/qshell_req__type_support.hpp\n'}
[0.460559] (px4_msgs) StdoutLine: {'line': b'-- Up-to-date symlink: /home/lee/workspace/ros2_ex/install/px4_msgs/include/px4_msgs/px4_msgs/msg/detail/qshell_retval__builder.hpp\n'}
[0.460589] (px4_msgs) StdoutLine: {'line': b'-- Up-to-date symlink: /home/lee/workspace/ros2_ex/install/px4_msgs/include/px4_msgs/px4_msgs/msg/detail/qshell_retval__struct.hpp\n'}
[0.460624] (px4_msgs) StdoutLine: {'line': b'-- Up-to-date symlink: /home/lee/workspace/ros2_ex/install/px4_msgs/include/px4_msgs/px4_msgs/msg/detail/qshell_retval__traits.hpp\n'}
[0.460642] (px4_msgs) StdoutLine: {'line': b'-- Up-to-date symlink: /home/lee/workspace/ros2_ex/install/px4_msgs/include/px4_msgs/px4_msgs/msg/detail/qshell_retval__type_support.hpp\n'}
[0.460662] (px4_msgs) StdoutLine: {'line': b'-- Up-to-date symlink: /home/lee/workspace/ros2_ex/install/px4_msgs/include/px4_msgs/px4_msgs/msg/detail/radio_status__builder.hpp\n'}
[0.460698] (px4_msgs) StdoutLine: {'line': b'-- Up-to-date symlink: /home/lee/workspace/ros2_ex/install/px4_msgs/include/px4_msgs/px4_msgs/msg/detail/radio_status__struct.hpp\n'}
[0.460717] (px4_msgs) StdoutLine: {'line': b'-- Up-to-date symlink: /home/lee/workspace/ros2_ex/install/px4_msgs/include/px4_msgs/px4_msgs/msg/detail/radio_status__traits.hpp\n'}
[0.460737] (px4_msgs) StdoutLine: {'line': b'-- Up-to-date symlink: /home/lee/workspace/ros2_ex/install/px4_msgs/include/px4_msgs/px4_msgs/msg/detail/radio_status__type_support.hpp\n'}
[0.460756] (px4_msgs) StdoutLine: {'line': b'-- Up-to-date symlink: /home/lee/workspace/ros2_ex/install/px4_msgs/include/px4_msgs/px4_msgs/msg/detail/rate_ctrl_status__builder.hpp\n'}
[0.460774] (px4_msgs) StdoutLine: {'line': b'-- Up-to-date symlink: /home/lee/workspace/ros2_ex/install/px4_msgs/include/px4_msgs/px4_msgs/msg/detail/rate_ctrl_status__struct.hpp\n'}
[0.460793] (px4_msgs) StdoutLine: {'line': b'-- Up-to-date symlink: /home/lee/workspace/ros2_ex/install/px4_msgs/include/px4_msgs/px4_msgs/msg/detail/rate_ctrl_status__traits.hpp\n'}
[0.460813] (px4_msgs) StdoutLine: {'line': b'-- Up-to-date symlink: /home/lee/workspace/ros2_ex/install/px4_msgs/include/px4_msgs/px4_msgs/msg/detail/rate_ctrl_status__type_support.hpp\n'}
[0.460832] (px4_msgs) StdoutLine: {'line': b'-- Up-to-date symlink: /home/lee/workspace/ros2_ex/install/px4_msgs/include/px4_msgs/px4_msgs/msg/detail/rc_channels__builder.hpp\n'}
[0.460851] (px4_msgs) StdoutLine: {'line': b'-- Up-to-date symlink: /home/lee/workspace/ros2_ex/install/px4_msgs/include/px4_msgs/px4_msgs/msg/detail/rc_channels__struct.hpp\n'}
[0.460871] (px4_msgs) StdoutLine: {'line': b'-- Up-to-date symlink: /home/lee/workspace/ros2_ex/install/px4_msgs/include/px4_msgs/px4_msgs/msg/detail/rc_channels__traits.hpp\n'}
[0.460900] (px4_msgs) StdoutLine: {'line': b'-- Up-to-date symlink: /home/lee/workspace/ros2_ex/install/px4_msgs/include/px4_msgs/px4_msgs/msg/detail/rc_channels__type_support.hpp\n'}
[0.460920] (px4_msgs) StdoutLine: {'line': b'-- Up-to-date symlink: /home/lee/workspace/ros2_ex/install/px4_msgs/include/px4_msgs/px4_msgs/msg/detail/rc_parameter_map__builder.hpp\n'}
[0.460940] (px4_msgs) StdoutLine: {'line': b'-- Up-to-date symlink: /home/lee/workspace/ros2_ex/install/px4_msgs/include/px4_msgs/px4_msgs/msg/detail/rc_parameter_map__struct.hpp\n'}
[0.460961] (px4_msgs) StdoutLine: {'line': b'-- Up-to-date symlink: /home/lee/workspace/ros2_ex/install/px4_msgs/include/px4_msgs/px4_msgs/msg/detail/rc_parameter_map__traits.hpp\n'}
[0.460980] (px4_msgs) StdoutLine: {'line': b'-- Up-to-date symlink: /home/lee/workspace/ros2_ex/install/px4_msgs/include/px4_msgs/px4_msgs/msg/detail/rc_parameter_map__type_support.hpp\n'}
[0.460998] (px4_msgs) StdoutLine: {'line': b'-- Up-to-date symlink: /home/lee/workspace/ros2_ex/install/px4_msgs/include/px4_msgs/px4_msgs/msg/detail/register_ext_component_reply__builder.hpp\n'}
[0.461017] (px4_msgs) StdoutLine: {'line': b'-- Up-to-date symlink: /home/lee/workspace/ros2_ex/install/px4_msgs/include/px4_msgs/px4_msgs/msg/detail/register_ext_component_reply__struct.hpp\n'}
[0.461051] (px4_msgs) StdoutLine: {'line': b'-- Up-to-date symlink: /home/lee/workspace/ros2_ex/install/px4_msgs/include/px4_msgs/px4_msgs/msg/detail/register_ext_component_reply__traits.hpp\n'}
[0.461072] (px4_msgs) StdoutLine: {'line': b'-- Up-to-date symlink: /home/lee/workspace/ros2_ex/install/px4_msgs/include/px4_msgs/px4_msgs/msg/detail/register_ext_component_reply__type_support.hpp\n'}
[0.461092] (px4_msgs) StdoutLine: {'line': b'-- Up-to-date symlink: /home/lee/workspace/ros2_ex/install/px4_msgs/include/px4_msgs/px4_msgs/msg/detail/register_ext_component_request__builder.hpp\n'}
[0.461110] (px4_msgs) StdoutLine: {'line': b'-- Up-to-date symlink: /home/lee/workspace/ros2_ex/install/px4_msgs/include/px4_msgs/px4_msgs/msg/detail/register_ext_component_request__struct.hpp\n'}
[0.461147] (px4_msgs) StdoutLine: {'line': b'-- Up-to-date symlink: /home/lee/workspace/ros2_ex/install/px4_msgs/include/px4_msgs/px4_msgs/msg/detail/register_ext_component_request__traits.hpp\n'}
[0.461166] (px4_msgs) StdoutLine: {'line': b'-- Up-to-date symlink: /home/lee/workspace/ros2_ex/install/px4_msgs/include/px4_msgs/px4_msgs/msg/detail/register_ext_component_request__type_support.hpp\n'}
[0.461185] (px4_msgs) StdoutLine: {'line': b'-- Up-to-date symlink: /home/lee/workspace/ros2_ex/install/px4_msgs/include/px4_msgs/px4_msgs/msg/detail/rover_attitude_setpoint__builder.hpp\n'}
[0.461204] (px4_msgs) StdoutLine: {'line': b'-- Up-to-date symlink: /home/lee/workspace/ros2_ex/install/px4_msgs/include/px4_msgs/px4_msgs/msg/detail/rover_attitude_setpoint__struct.hpp\n'}
[0.461223] (px4_msgs) StdoutLine: {'line': b'-- Up-to-date symlink: /home/lee/workspace/ros2_ex/install/px4_msgs/include/px4_msgs/px4_msgs/msg/detail/rover_attitude_setpoint__traits.hpp\n'}
[0.461242] (px4_msgs) StdoutLine: {'line': b'-- Up-to-date symlink: /home/lee/workspace/ros2_ex/install/px4_msgs/include/px4_msgs/px4_msgs/msg/detail/rover_attitude_setpoint__type_support.hpp\n'}
[0.461261] (px4_msgs) StdoutLine: {'line': b'-- Up-to-date symlink: /home/lee/workspace/ros2_ex/install/px4_msgs/include/px4_msgs/px4_msgs/msg/detail/rover_attitude_status__builder.hpp\n'}
[0.461282] (px4_msgs) StdoutLine: {'line': b'-- Up-to-date symlink: /home/lee/workspace/ros2_ex/install/px4_msgs/include/px4_msgs/px4_msgs/msg/detail/rover_attitude_status__struct.hpp\n'}
[0.461321] (px4_msgs) StdoutLine: {'line': b'-- Up-to-date symlink: /home/lee/workspace/ros2_ex/install/px4_msgs/include/px4_msgs/px4_msgs/msg/detail/rover_attitude_status__traits.hpp\n'}
[0.461340] (px4_msgs) StdoutLine: {'line': b'-- Up-to-date symlink: /home/lee/workspace/ros2_ex/install/px4_msgs/include/px4_msgs/px4_msgs/msg/detail/rover_attitude_status__type_support.hpp\n'}
[0.461374] (px4_msgs) StdoutLine: {'line': b'-- Up-to-date symlink: /home/lee/workspace/ros2_ex/install/px4_msgs/include/px4_msgs/px4_msgs/msg/detail/rover_position_setpoint__builder.hpp\n'}
[0.461394] (px4_msgs) StdoutLine: {'line': b'-- Up-to-date symlink: /home/lee/workspace/ros2_ex/install/px4_msgs/include/px4_msgs/px4_msgs/msg/detail/rover_position_setpoint__struct.hpp\n'}
[0.461413] (px4_msgs) StdoutLine: {'line': b'-- Up-to-date symlink: /home/lee/workspace/ros2_ex/install/px4_msgs/include/px4_msgs/px4_msgs/msg/detail/rover_position_setpoint__traits.hpp\n'}
[0.461432] (px4_msgs) StdoutLine: {'line': b'-- Up-to-date symlink: /home/lee/workspace/ros2_ex/install/px4_msgs/include/px4_msgs/px4_msgs/msg/detail/rover_position_setpoint__type_support.hpp\n'}
[0.461451] (px4_msgs) StdoutLine: {'line': b'-- Up-to-date symlink: /home/lee/workspace/ros2_ex/install/px4_msgs/include/px4_msgs/px4_msgs/msg/detail/rover_rate_setpoint__builder.hpp\n'}
[0.461470] (px4_msgs) StdoutLine: {'line': b'-- Up-to-date symlink: /home/lee/workspace/ros2_ex/install/px4_msgs/include/px4_msgs/px4_msgs/msg/detail/rover_rate_setpoint__struct.hpp\n'}
[0.461499] (px4_msgs) StdoutLine: {'line': b'-- Up-to-date symlink: /home/lee/workspace/ros2_ex/install/px4_msgs/include/px4_msgs/px4_msgs/msg/detail/rover_rate_setpoint__traits.hpp\n'}
[0.461519] (px4_msgs) StdoutLine: {'line': b'-- Up-to-date symlink: /home/lee/workspace/ros2_ex/install/px4_msgs/include/px4_msgs/px4_msgs/msg/detail/rover_rate_setpoint__type_support.hpp\n'}
[0.461538] (px4_msgs) StdoutLine: {'line': b'-- Up-to-date symlink: /home/lee/workspace/ros2_ex/install/px4_msgs/include/px4_msgs/px4_msgs/msg/detail/rover_rate_status__builder.hpp\n'}
[0.461556] (px4_msgs) StdoutLine: {'line': b'-- Up-to-date symlink: /home/lee/workspace/ros2_ex/install/px4_msgs/include/px4_msgs/px4_msgs/msg/detail/rover_rate_status__struct.hpp\n'}
[0.461575] (px4_msgs) StdoutLine: {'line': b'-- Up-to-date symlink: /home/lee/workspace/ros2_ex/install/px4_msgs/include/px4_msgs/px4_msgs/msg/detail/rover_rate_status__traits.hpp\n'}
[0.461593] (px4_msgs) StdoutLine: {'line': b'-- Up-to-date symlink: /home/lee/workspace/ros2_ex/install/px4_msgs/include/px4_msgs/px4_msgs/msg/detail/rover_rate_status__type_support.hpp\n'}
[0.461612] (px4_msgs) StdoutLine: {'line': b'-- Up-to-date symlink: /home/lee/workspace/ros2_ex/install/px4_msgs/include/px4_msgs/px4_msgs/msg/detail/rover_steering_setpoint__builder.hpp\n'}
[0.461630] (px4_msgs) StdoutLine: {'line': b'-- Up-to-date symlink: /home/lee/workspace/ros2_ex/install/px4_msgs/include/px4_msgs/px4_msgs/msg/detail/rover_steering_setpoint__struct.hpp\n'}
[0.461650] (px4_msgs) StdoutLine: {'line': b'-- Up-to-date symlink: /home/lee/workspace/ros2_ex/install/px4_msgs/include/px4_msgs/px4_msgs/msg/detail/rover_steering_setpoint__traits.hpp\n'}
[0.461668] (px4_msgs) StdoutLine: {'line': b'-- Up-to-date symlink: /home/lee/workspace/ros2_ex/install/px4_msgs/include/px4_msgs/px4_msgs/msg/detail/rover_steering_setpoint__type_support.hpp\n'}
[0.461687] (px4_msgs) StdoutLine: {'line': b'-- Up-to-date symlink: /home/lee/workspace/ros2_ex/install/px4_msgs/include/px4_msgs/px4_msgs/msg/detail/rover_throttle_setpoint__builder.hpp\n'}
[0.461706] (px4_msgs) StdoutLine: {'line': b'-- Up-to-date symlink: /home/lee/workspace/ros2_ex/install/px4_msgs/include/px4_msgs/px4_msgs/msg/detail/rover_throttle_setpoint__struct.hpp\n'}
[0.461737] (px4_msgs) StdoutLine: {'line': b'-- Up-to-date symlink: /home/lee/workspace/ros2_ex/install/px4_msgs/include/px4_msgs/px4_msgs/msg/detail/rover_throttle_setpoint__traits.hpp\n'}
[0.461785] (px4_msgs) StdoutLine: {'line': b'-- Up-to-date symlink: /home/lee/workspace/ros2_ex/install/px4_msgs/include/px4_msgs/px4_msgs/msg/detail/rover_throttle_setpoint__type_support.hpp\n'}
[0.461804] (px4_msgs) StdoutLine: {'line': b'-- Up-to-date symlink: /home/lee/workspace/ros2_ex/install/px4_msgs/include/px4_msgs/px4_msgs/msg/detail/rover_velocity_setpoint__builder.hpp\n'}
[0.461824] (px4_msgs) StdoutLine: {'line': b'-- Up-to-date symlink: /home/lee/workspace/ros2_ex/install/px4_msgs/include/px4_msgs/px4_msgs/msg/detail/rover_velocity_setpoint__struct.hpp\n'}
[0.461844] (px4_msgs) StdoutLine: {'line': b'-- Up-to-date symlink: /home/lee/workspace/ros2_ex/install/px4_msgs/include/px4_msgs/px4_msgs/msg/detail/rover_velocity_setpoint__traits.hpp\n'}
[0.461871] (px4_msgs) StdoutLine: {'line': b'-- Up-to-date symlink: /home/lee/workspace/ros2_ex/install/px4_msgs/include/px4_msgs/px4_msgs/msg/detail/rover_velocity_setpoint__type_support.hpp\n'}
[0.461909] (px4_msgs) StdoutLine: {'line': b'-- Up-to-date symlink: /home/lee/workspace/ros2_ex/install/px4_msgs/include/px4_msgs/px4_msgs/msg/detail/rover_velocity_status__builder.hpp\n'}
[0.461926] (px4_msgs) StdoutLine: {'line': b'-- Up-to-date symlink: /home/lee/workspace/ros2_ex/install/px4_msgs/include/px4_msgs/px4_msgs/msg/detail/rover_velocity_status__struct.hpp\n'}
[0.461945] (px4_msgs) StdoutLine: {'line': b'-- Up-to-date symlink: /home/lee/workspace/ros2_ex/install/px4_msgs/include/px4_msgs/px4_msgs/msg/detail/rover_velocity_status__traits.hpp\n'}
[0.461981] (px4_msgs) StdoutLine: {'line': b'-- Up-to-date symlink: /home/lee/workspace/ros2_ex/install/px4_msgs/include/px4_msgs/px4_msgs/msg/detail/rover_velocity_status__type_support.hpp\n'}
[0.462000] (px4_msgs) StdoutLine: {'line': b'-- Up-to-date symlink: /home/lee/workspace/ros2_ex/install/px4_msgs/include/px4_msgs/px4_msgs/msg/detail/rpm__builder.hpp\n'}
[0.462020] (px4_msgs) StdoutLine: {'line': b'-- Up-to-date symlink: /home/lee/workspace/ros2_ex/install/px4_msgs/include/px4_msgs/px4_msgs/msg/detail/rpm__struct.hpp\n'}
[0.462040] (px4_msgs) StdoutLine: {'line': b'-- Up-to-date symlink: /home/lee/workspace/ros2_ex/install/px4_msgs/include/px4_msgs/px4_msgs/msg/detail/rpm__traits.hpp\n'}
[0.462058] (px4_msgs) StdoutLine: {'line': b'-- Up-to-date symlink: /home/lee/workspace/ros2_ex/install/px4_msgs/include/px4_msgs/px4_msgs/msg/detail/rpm__type_support.hpp\n'}
[0.462077] (px4_msgs) StdoutLine: {'line': b'-- Up-to-date symlink: /home/lee/workspace/ros2_ex/install/px4_msgs/include/px4_msgs/px4_msgs/msg/detail/rtl_status__builder.hpp\n'}
[0.462095] (px4_msgs) StdoutLine: {'line': b'-- Up-to-date symlink: /home/lee/workspace/ros2_ex/install/px4_msgs/include/px4_msgs/px4_msgs/msg/detail/rtl_status__struct.hpp\n'}
[0.462113] (px4_msgs) StdoutLine: {'line': b'-- Up-to-date symlink: /home/lee/workspace/ros2_ex/install/px4_msgs/include/px4_msgs/px4_msgs/msg/detail/rtl_status__traits.hpp\n'}
[0.462131] (px4_msgs) StdoutLine: {'line': b'-- Up-to-date symlink: /home/lee/workspace/ros2_ex/install/px4_msgs/include/px4_msgs/px4_msgs/msg/detail/rtl_status__type_support.hpp\n'}
[0.462150] (px4_msgs) StdoutLine: {'line': b'-- Up-to-date symlink: /home/lee/workspace/ros2_ex/install/px4_msgs/include/px4_msgs/px4_msgs/msg/detail/rtl_time_estimate__builder.hpp\n'}
[0.462169] (px4_msgs) StdoutLine: {'line': b'-- Up-to-date symlink: /home/lee/workspace/ros2_ex/install/px4_msgs/include/px4_msgs/px4_msgs/msg/detail/rtl_time_estimate__struct.hpp\n'}
[0.462196] (px4_msgs) StdoutLine: {'line': b'-- Up-to-date symlink: /home/lee/workspace/ros2_ex/install/px4_msgs/include/px4_msgs/px4_msgs/msg/detail/rtl_time_estimate__traits.hpp\n'}
[0.462216] (px4_msgs) StdoutLine: {'line': b'-- Up-to-date symlink: /home/lee/workspace/ros2_ex/install/px4_msgs/include/px4_msgs/px4_msgs/msg/detail/rtl_time_estimate__type_support.hpp\n'}
[0.462235] (px4_msgs) StdoutLine: {'line': b'-- Up-to-date symlink: /home/lee/workspace/ros2_ex/install/px4_msgs/include/px4_msgs/px4_msgs/msg/detail/satellite_info__builder.hpp\n'}
[0.462254] (px4_msgs) StdoutLine: {'line': b'-- Up-to-date symlink: /home/lee/workspace/ros2_ex/install/px4_msgs/include/px4_msgs/px4_msgs/msg/detail/satellite_info__struct.hpp\n'}
[0.462273] (px4_msgs) StdoutLine: {'line': b'-- Up-to-date symlink: /home/lee/workspace/ros2_ex/install/px4_msgs/include/px4_msgs/px4_msgs/msg/detail/satellite_info__traits.hpp\n'}
[0.462299] (px4_msgs) StdoutLine: {'line': b'-- Up-to-date symlink: /home/lee/workspace/ros2_ex/install/px4_msgs/include/px4_msgs/px4_msgs/msg/detail/satellite_info__type_support.hpp\n'}
[0.462335] (px4_msgs) StdoutLine: {'line': b'-- Up-to-date symlink: /home/lee/workspace/ros2_ex/install/px4_msgs/include/px4_msgs/px4_msgs/msg/detail/sensor_accel__builder.hpp\n'}
[0.462355] (px4_msgs) StdoutLine: {'line': b'-- Up-to-date symlink: /home/lee/workspace/ros2_ex/install/px4_msgs/include/px4_msgs/px4_msgs/msg/detail/sensor_accel__struct.hpp\n'}
[0.462374] (px4_msgs) StdoutLine: {'line': b'-- Up-to-date symlink: /home/lee/workspace/ros2_ex/install/px4_msgs/include/px4_msgs/px4_msgs/msg/detail/sensor_accel__traits.hpp\n'}
[0.462413] (px4_msgs) StdoutLine: {'line': b'-- Up-to-date symlink: /home/lee/workspace/ros2_ex/install/px4_msgs/include/px4_msgs/px4_msgs/msg/detail/sensor_accel__type_support.hpp\n'}
[0.462433] (px4_msgs) StdoutLine: {'line': b'-- Up-to-date symlink: /home/lee/workspace/ros2_ex/install/px4_msgs/include/px4_msgs/px4_msgs/msg/detail/sensor_accel_fifo__builder.hpp\n'}
[0.462452] (px4_msgs) StdoutLine: {'line': b'-- Up-to-date symlink: /home/lee/workspace/ros2_ex/install/px4_msgs/include/px4_msgs/px4_msgs/msg/detail/sensor_accel_fifo__struct.hpp\n'}
[0.462472] (px4_msgs) StdoutLine: {'line': b'-- Up-to-date symlink: /home/lee/workspace/ros2_ex/install/px4_msgs/include/px4_msgs/px4_msgs/msg/detail/sensor_accel_fifo__traits.hpp\n'}
[0.462491] (px4_msgs) StdoutLine: {'line': b'-- Up-to-date symlink: /home/lee/workspace/ros2_ex/install/px4_msgs/include/px4_msgs/px4_msgs/msg/detail/sensor_accel_fifo__type_support.hpp\n'}
[0.462511] (px4_msgs) StdoutLine: {'line': b'-- Up-to-date symlink: /home/lee/workspace/ros2_ex/install/px4_msgs/include/px4_msgs/px4_msgs/msg/detail/sensor_airflow__builder.hpp\n'}
[0.462530] (px4_msgs) StdoutLine: {'line': b'-- Up-to-date symlink: /home/lee/workspace/ros2_ex/install/px4_msgs/include/px4_msgs/px4_msgs/msg/detail/sensor_airflow__struct.hpp\n'}
[0.462550] (px4_msgs) StdoutLine: {'line': b'-- Up-to-date symlink: /home/lee/workspace/ros2_ex/install/px4_msgs/include/px4_msgs/px4_msgs/msg/detail/sensor_airflow__traits.hpp\n'}
[0.462568] (px4_msgs) StdoutLine: {'line': b'-- Up-to-date symlink: /home/lee/workspace/ros2_ex/install/px4_msgs/include/px4_msgs/px4_msgs/msg/detail/sensor_airflow__type_support.hpp\n'}
[0.462586] (px4_msgs) StdoutLine: {'line': b'-- Up-to-date symlink: /home/lee/workspace/ros2_ex/install/px4_msgs/include/px4_msgs/px4_msgs/msg/detail/sensor_baro__builder.hpp\n'}
[0.462605] (px4_msgs) StdoutLine: {'line': b'-- Up-to-date symlink: /home/lee/workspace/ros2_ex/install/px4_msgs/include/px4_msgs/px4_msgs/msg/detail/sensor_baro__struct.hpp\n'}
[0.462625] (px4_msgs) StdoutLine: {'line': b'-- Up-to-date symlink: /home/lee/workspace/ros2_ex/install/px4_msgs/include/px4_msgs/px4_msgs/msg/detail/sensor_baro__traits.hpp\n'}
[0.462643] (px4_msgs) StdoutLine: {'line': b'-- Up-to-date symlink: /home/lee/workspace/ros2_ex/install/px4_msgs/include/px4_msgs/px4_msgs/msg/detail/sensor_baro__type_support.hpp\n'}
[0.462662] (px4_msgs) StdoutLine: {'line': b'-- Up-to-date symlink: /home/lee/workspace/ros2_ex/install/px4_msgs/include/px4_msgs/px4_msgs/msg/detail/sensor_combined__builder.hpp\n'}
[0.462680] (px4_msgs) StdoutLine: {'line': b'-- Up-to-date symlink: /home/lee/workspace/ros2_ex/install/px4_msgs/include/px4_msgs/px4_msgs/msg/detail/sensor_combined__struct.hpp\n'}
[0.462699] (px4_msgs) StdoutLine: {'line': b'-- Up-to-date symlink: /home/lee/workspace/ros2_ex/install/px4_msgs/include/px4_msgs/px4_msgs/msg/detail/sensor_combined__traits.hpp\n'}
[0.462718] (px4_msgs) StdoutLine: {'line': b'-- Up-to-date symlink: /home/lee/workspace/ros2_ex/install/px4_msgs/include/px4_msgs/px4_msgs/msg/detail/sensor_combined__type_support.hpp\n'}
[0.462737] (px4_msgs) StdoutLine: {'line': b'-- Up-to-date symlink: /home/lee/workspace/ros2_ex/install/px4_msgs/include/px4_msgs/px4_msgs/msg/detail/sensor_correction__builder.hpp\n'}
[0.462765] (px4_msgs) StdoutLine: {'line': b'-- Up-to-date symlink: /home/lee/workspace/ros2_ex/install/px4_msgs/include/px4_msgs/px4_msgs/msg/detail/sensor_correction__struct.hpp\n'}
[0.462812] (px4_msgs) StdoutLine: {'line': b'-- Up-to-date symlink: /home/lee/workspace/ros2_ex/install/px4_msgs/include/px4_msgs/px4_msgs/msg/detail/sensor_correction__traits.hpp\n'}
[0.462842] (px4_msgs) StdoutLine: {'line': b'-- Up-to-date symlink: /home/lee/workspace/ros2_ex/install/px4_msgs/include/px4_msgs/px4_msgs/msg/detail/sensor_correction__type_support.hpp\n'}
[0.462862] (px4_msgs) StdoutLine: {'line': b'-- Up-to-date symlink: /home/lee/workspace/ros2_ex/install/px4_msgs/include/px4_msgs/px4_msgs/msg/detail/sensor_gnss_relative__builder.hpp\n'}
[0.462882] (px4_msgs) StdoutLine: {'line': b'-- Up-to-date symlink: /home/lee/workspace/ros2_ex/install/px4_msgs/include/px4_msgs/px4_msgs/msg/detail/sensor_gnss_relative__struct.hpp\n'}
[0.462901] (px4_msgs) StdoutLine: {'line': b'-- Up-to-date symlink: /home/lee/workspace/ros2_ex/install/px4_msgs/include/px4_msgs/px4_msgs/msg/detail/sensor_gnss_relative__traits.hpp\n'}
[0.462921] (px4_msgs) StdoutLine: {'line': b'-- Up-to-date symlink: /home/lee/workspace/ros2_ex/install/px4_msgs/include/px4_msgs/px4_msgs/msg/detail/sensor_gnss_relative__type_support.hpp\n'}
[0.462940] (px4_msgs) StdoutLine: {'line': b'-- Up-to-date symlink: /home/lee/workspace/ros2_ex/install/px4_msgs/include/px4_msgs/px4_msgs/msg/detail/sensor_gps__builder.hpp\n'}
[0.462959] (px4_msgs) StdoutLine: {'line': b'-- Up-to-date symlink: /home/lee/workspace/ros2_ex/install/px4_msgs/include/px4_msgs/px4_msgs/msg/detail/sensor_gps__struct.hpp\n'}
[0.462980] (px4_msgs) StdoutLine: {'line': b'-- Up-to-date symlink: /home/lee/workspace/ros2_ex/install/px4_msgs/include/px4_msgs/px4_msgs/msg/detail/sensor_gps__traits.hpp\n'}
[0.462999] (px4_msgs) StdoutLine: {'line': b'-- Up-to-date symlink: /home/lee/workspace/ros2_ex/install/px4_msgs/include/px4_msgs/px4_msgs/msg/detail/sensor_gps__type_support.hpp\n'}
[0.463027] (px4_msgs) StdoutLine: {'line': b'-- Up-to-date symlink: /home/lee/workspace/ros2_ex/install/px4_msgs/include/px4_msgs/px4_msgs/msg/detail/sensor_gyro__builder.hpp\n'}
[0.463046] (px4_msgs) StdoutLine: {'line': b'-- Up-to-date symlink: /home/lee/workspace/ros2_ex/install/px4_msgs/include/px4_msgs/px4_msgs/msg/detail/sensor_gyro__struct.hpp\n'}
[0.463066] (px4_msgs) StdoutLine: {'line': b'-- Up-to-date symlink: /home/lee/workspace/ros2_ex/install/px4_msgs/include/px4_msgs/px4_msgs/msg/detail/sensor_gyro__traits.hpp\n'}
[0.463084] (px4_msgs) StdoutLine: {'line': b'-- Up-to-date symlink: /home/lee/workspace/ros2_ex/install/px4_msgs/include/px4_msgs/px4_msgs/msg/detail/sensor_gyro__type_support.hpp\n'}
[0.463102] (px4_msgs) StdoutLine: {'line': b'-- Up-to-date symlink: /home/lee/workspace/ros2_ex/install/px4_msgs/include/px4_msgs/px4_msgs/msg/detail/sensor_gyro_fft__builder.hpp\n'}
[0.463121] (px4_msgs) StdoutLine: {'line': b'-- Up-to-date symlink: /home/lee/workspace/ros2_ex/install/px4_msgs/include/px4_msgs/px4_msgs/msg/detail/sensor_gyro_fft__struct.hpp\n'}
[0.463139] (px4_msgs) StdoutLine: {'line': b'-- Up-to-date symlink: /home/lee/workspace/ros2_ex/install/px4_msgs/include/px4_msgs/px4_msgs/msg/detail/sensor_gyro_fft__traits.hpp\n'}
[0.463158] (px4_msgs) StdoutLine: {'line': b'-- Up-to-date symlink: /home/lee/workspace/ros2_ex/install/px4_msgs/include/px4_msgs/px4_msgs/msg/detail/sensor_gyro_fft__type_support.hpp\n'}
[0.463176] (px4_msgs) StdoutLine: {'line': b'-- Up-to-date symlink: /home/lee/workspace/ros2_ex/install/px4_msgs/include/px4_msgs/px4_msgs/msg/detail/sensor_gyro_fifo__builder.hpp\n'}
[0.463211] (px4_msgs) StdoutLine: {'line': b'-- Up-to-date symlink: /home/lee/workspace/ros2_ex/install/px4_msgs/include/px4_msgs/px4_msgs/msg/detail/sensor_gyro_fifo__struct.hpp\n'}
[0.463231] (px4_msgs) StdoutLine: {'line': b'-- Up-to-date symlink: /home/lee/workspace/ros2_ex/install/px4_msgs/include/px4_msgs/px4_msgs/msg/detail/sensor_gyro_fifo__traits.hpp\n'}
[0.463250] (px4_msgs) StdoutLine: {'line': b'-- Up-to-date symlink: /home/lee/workspace/ros2_ex/install/px4_msgs/include/px4_msgs/px4_msgs/msg/detail/sensor_gyro_fifo__type_support.hpp\n'}
[0.463268] (px4_msgs) StdoutLine: {'line': b'-- Up-to-date symlink: /home/lee/workspace/ros2_ex/install/px4_msgs/include/px4_msgs/px4_msgs/msg/detail/sensor_hygrometer__builder.hpp\n'}
[0.463310] (px4_msgs) StdoutLine: {'line': b'-- Up-to-date symlink: /home/lee/workspace/ros2_ex/install/px4_msgs/include/px4_msgs/px4_msgs/msg/detail/sensor_hygrometer__struct.hpp\n'}
[0.463342] (px4_msgs) StdoutLine: {'line': b'-- Up-to-date symlink: /home/lee/workspace/ros2_ex/install/px4_msgs/include/px4_msgs/px4_msgs/msg/detail/sensor_hygrometer__traits.hpp\n'}
[0.463361] (px4_msgs) StdoutLine: {'line': b'-- Up-to-date symlink: /home/lee/workspace/ros2_ex/install/px4_msgs/include/px4_msgs/px4_msgs/msg/detail/sensor_hygrometer__type_support.hpp\n'}
[0.463381] (px4_msgs) StdoutLine: {'line': b'-- Up-to-date symlink: /home/lee/workspace/ros2_ex/install/px4_msgs/include/px4_msgs/px4_msgs/msg/detail/sensor_mag__builder.hpp\n'}
[0.463400] (px4_msgs) StdoutLine: {'line': b'-- Up-to-date symlink: /home/lee/workspace/ros2_ex/install/px4_msgs/include/px4_msgs/px4_msgs/msg/detail/sensor_mag__struct.hpp\n'}
[0.463419] (px4_msgs) StdoutLine: {'line': b'-- Up-to-date symlink: /home/lee/workspace/ros2_ex/install/px4_msgs/include/px4_msgs/px4_msgs/msg/detail/sensor_mag__traits.hpp\n'}
[0.463437] (px4_msgs) StdoutLine: {'line': b'-- Up-to-date symlink: /home/lee/workspace/ros2_ex/install/px4_msgs/include/px4_msgs/px4_msgs/msg/detail/sensor_mag__type_support.hpp\n'}
[0.463456] (px4_msgs) StdoutLine: {'line': b'-- Up-to-date symlink: /home/lee/workspace/ros2_ex/install/px4_msgs/include/px4_msgs/px4_msgs/msg/detail/sensor_optical_flow__builder.hpp\n'}
[0.463474] (px4_msgs) StdoutLine: {'line': b'-- Up-to-date symlink: /home/lee/workspace/ros2_ex/install/px4_msgs/include/px4_msgs/px4_msgs/msg/detail/sensor_optical_flow__struct.hpp\n'}
[0.463492] (px4_msgs) StdoutLine: {'line': b'-- Up-to-date symlink: /home/lee/workspace/ros2_ex/install/px4_msgs/include/px4_msgs/px4_msgs/msg/detail/sensor_optical_flow__traits.hpp\n'}
[0.463510] (px4_msgs) StdoutLine: {'line': b'-- Up-to-date symlink: /home/lee/workspace/ros2_ex/install/px4_msgs/include/px4_msgs/px4_msgs/msg/detail/sensor_optical_flow__type_support.hpp\n'}
[0.463529] (px4_msgs) StdoutLine: {'line': b'-- Up-to-date symlink: /home/lee/workspace/ros2_ex/install/px4_msgs/include/px4_msgs/px4_msgs/msg/detail/sensor_preflight_mag__builder.hpp\n'}
[0.463547] (px4_msgs) StdoutLine: {'line': b'-- Up-to-date symlink: /home/lee/workspace/ros2_ex/install/px4_msgs/include/px4_msgs/px4_msgs/msg/detail/sensor_preflight_mag__struct.hpp\n'}
[0.463577] (px4_msgs) StdoutLine: {'line': b'-- Up-to-date symlink: /home/lee/workspace/ros2_ex/install/px4_msgs/include/px4_msgs/px4_msgs/msg/detail/sensor_preflight_mag__traits.hpp\n'}
[0.463623] (px4_msgs) StdoutLine: {'line': b'-- Up-to-date symlink: /home/lee/workspace/ros2_ex/install/px4_msgs/include/px4_msgs/px4_msgs/msg/detail/sensor_preflight_mag__type_support.hpp\n'}
[0.463640] (px4_msgs) StdoutLine: {'line': b'-- Up-to-date symlink: /home/lee/workspace/ros2_ex/install/px4_msgs/include/px4_msgs/px4_msgs/msg/detail/sensor_selection__builder.hpp\n'}
[0.463667] (px4_msgs) StdoutLine: {'line': b'-- Up-to-date symlink: /home/lee/workspace/ros2_ex/install/px4_msgs/include/px4_msgs/px4_msgs/msg/detail/sensor_selection__struct.hpp\n'}
[0.463693] (px4_msgs) StdoutLine: {'line': b'-- Up-to-date symlink: /home/lee/workspace/ros2_ex/install/px4_msgs/include/px4_msgs/px4_msgs/msg/detail/sensor_selection__traits.hpp\n'}
[0.463720] (px4_msgs) StdoutLine: {'line': b'-- Up-to-date symlink: /home/lee/workspace/ros2_ex/install/px4_msgs/include/px4_msgs/px4_msgs/msg/detail/sensor_selection__type_support.hpp\n'}
[0.463739] (px4_msgs) StdoutLine: {'line': b'-- Up-to-date symlink: /home/lee/workspace/ros2_ex/install/px4_msgs/include/px4_msgs/px4_msgs/msg/detail/sensor_uwb__builder.hpp\n'}
[0.463759] (px4_msgs) StdoutLine: {'line': b'-- Up-to-date symlink: /home/lee/workspace/ros2_ex/install/px4_msgs/include/px4_msgs/px4_msgs/msg/detail/sensor_uwb__struct.hpp\n'}
[0.463779] (px4_msgs) StdoutLine: {'line': b'-- Up-to-date symlink: /home/lee/workspace/ros2_ex/install/px4_msgs/include/px4_msgs/px4_msgs/msg/detail/sensor_uwb__traits.hpp\n'}
[0.463799] (px4_msgs) StdoutLine: {'line': b'-- Up-to-date symlink: /home/lee/workspace/ros2_ex/install/px4_msgs/include/px4_msgs/px4_msgs/msg/detail/sensor_uwb__type_support.hpp\n'}
[0.463817] (px4_msgs) StdoutLine: {'line': b'-- Up-to-date symlink: /home/lee/workspace/ros2_ex/install/px4_msgs/include/px4_msgs/px4_msgs/msg/detail/sensors_status__builder.hpp\n'}
[0.463837] (px4_msgs) StdoutLine: {'line': b'-- Up-to-date symlink: /home/lee/workspace/ros2_ex/install/px4_msgs/include/px4_msgs/px4_msgs/msg/detail/sensors_status__struct.hpp\n'}
[0.463856] (px4_msgs) StdoutLine: {'line': b'-- Up-to-date symlink: /home/lee/workspace/ros2_ex/install/px4_msgs/include/px4_msgs/px4_msgs/msg/detail/sensors_status__traits.hpp\n'}
[0.463874] (px4_msgs) StdoutLine: {'line': b'-- Up-to-date symlink: /home/lee/workspace/ros2_ex/install/px4_msgs/include/px4_msgs/px4_msgs/msg/detail/sensors_status__type_support.hpp\n'}
[0.463901] (px4_msgs) StdoutLine: {'line': b'-- Up-to-date symlink: /home/lee/workspace/ros2_ex/install/px4_msgs/include/px4_msgs/px4_msgs/msg/detail/sensors_status_imu__builder.hpp\n'}
[0.463940] (px4_msgs) StdoutLine: {'line': b'-- Up-to-date symlink: /home/lee/workspace/ros2_ex/install/px4_msgs/include/px4_msgs/px4_msgs/msg/detail/sensors_status_imu__struct.hpp\n'}
[0.463970] (px4_msgs) StdoutLine: {'line': b'-- Up-to-date symlink: /home/lee/workspace/ros2_ex/install/px4_msgs/include/px4_msgs/px4_msgs/msg/detail/sensors_status_imu__traits.hpp\n'}
[0.463991] (px4_msgs) StdoutLine: {'line': b'-- Up-to-date symlink: /home/lee/workspace/ros2_ex/install/px4_msgs/include/px4_msgs/px4_msgs/msg/detail/sensors_status_imu__type_support.hpp\n'}
[0.464024] (px4_msgs) StdoutLine: {'line': b'-- Up-to-date symlink: /home/lee/workspace/ros2_ex/install/px4_msgs/include/px4_msgs/px4_msgs/msg/detail/system_power__builder.hpp\n'}
[0.464042] (px4_msgs) StdoutLine: {'line': b'-- Up-to-date symlink: /home/lee/workspace/ros2_ex/install/px4_msgs/include/px4_msgs/px4_msgs/msg/detail/system_power__struct.hpp\n'}
[0.464069] (px4_msgs) StdoutLine: {'line': b'-- Up-to-date symlink: /home/lee/workspace/ros2_ex/install/px4_msgs/include/px4_msgs/px4_msgs/msg/detail/system_power__traits.hpp\n'}
[0.464096] (px4_msgs) StdoutLine: {'line': b'-- Up-to-date symlink: /home/lee/workspace/ros2_ex/install/px4_msgs/include/px4_msgs/px4_msgs/msg/detail/system_power__type_support.hpp\n'}
[0.464116] (px4_msgs) StdoutLine: {'line': b'-- Up-to-date symlink: /home/lee/workspace/ros2_ex/install/px4_msgs/include/px4_msgs/px4_msgs/msg/detail/takeoff_status__builder.hpp\n'}
[0.464148] (px4_msgs) StdoutLine: {'line': b'-- Up-to-date symlink: /home/lee/workspace/ros2_ex/install/px4_msgs/include/px4_msgs/px4_msgs/msg/detail/takeoff_status__struct.hpp\n'}
[0.464174] (px4_msgs) StdoutLine: {'line': b'-- Up-to-date symlink: /home/lee/workspace/ros2_ex/install/px4_msgs/include/px4_msgs/px4_msgs/msg/detail/takeoff_status__traits.hpp\n'}
[0.464191] (px4_msgs) StdoutLine: {'line': b'-- Up-to-date symlink: /home/lee/workspace/ros2_ex/install/px4_msgs/include/px4_msgs/px4_msgs/msg/detail/takeoff_status__type_support.hpp\n'}
[0.464218] (px4_msgs) StdoutLine: {'line': b'-- Up-to-date symlink: /home/lee/workspace/ros2_ex/install/px4_msgs/include/px4_msgs/px4_msgs/msg/detail/task_stack_info__builder.hpp\n'}
[0.464244] (px4_msgs) StdoutLine: {'line': b'-- Up-to-date symlink: /home/lee/workspace/ros2_ex/install/px4_msgs/include/px4_msgs/px4_msgs/msg/detail/task_stack_info__struct.hpp\n'}
[0.464271] (px4_msgs) StdoutLine: {'line': b'-- Up-to-date symlink: /home/lee/workspace/ros2_ex/install/px4_msgs/include/px4_msgs/px4_msgs/msg/detail/task_stack_info__traits.hpp\n'}
[0.464297] (px4_msgs) StdoutLine: {'line': b'-- Up-to-date symlink: /home/lee/workspace/ros2_ex/install/px4_msgs/include/px4_msgs/px4_msgs/msg/detail/task_stack_info__type_support.hpp\n'}
[0.464317] (px4_msgs) StdoutLine: {'line': b'-- Up-to-date symlink: /home/lee/workspace/ros2_ex/install/px4_msgs/include/px4_msgs/px4_msgs/msg/detail/tecs_status__builder.hpp\n'}
[0.464335] (px4_msgs) StdoutLine: {'line': b'-- Up-to-date symlink: /home/lee/workspace/ros2_ex/install/px4_msgs/include/px4_msgs/px4_msgs/msg/detail/tecs_status__struct.hpp\n'}
[0.464355] (px4_msgs) StdoutLine: {'line': b'-- Up-to-date symlink: /home/lee/workspace/ros2_ex/install/px4_msgs/include/px4_msgs/px4_msgs/msg/detail/tecs_status__traits.hpp\n'}
[0.464373] (px4_msgs) StdoutLine: {'line': b'-- Up-to-date symlink: /home/lee/workspace/ros2_ex/install/px4_msgs/include/px4_msgs/px4_msgs/msg/detail/tecs_status__type_support.hpp\n'}
[0.464391] (px4_msgs) StdoutLine: {'line': b'-- Up-to-date symlink: /home/lee/workspace/ros2_ex/install/px4_msgs/include/px4_msgs/px4_msgs/msg/detail/telemetry_status__builder.hpp\n'}
[0.464418] (px4_msgs) StdoutLine: {'line': b'-- Up-to-date symlink: /home/lee/workspace/ros2_ex/install/px4_msgs/include/px4_msgs/px4_msgs/msg/detail/telemetry_status__struct.hpp\n'}
[0.464455] (px4_msgs) StdoutLine: {'line': b'-- Up-to-date symlink: /home/lee/workspace/ros2_ex/install/px4_msgs/include/px4_msgs/px4_msgs/msg/detail/telemetry_status__traits.hpp\n'}
[0.464480] (px4_msgs) StdoutLine: {'line': b'-- Up-to-date symlink: /home/lee/workspace/ros2_ex/install/px4_msgs/include/px4_msgs/px4_msgs/msg/detail/telemetry_status__type_support.hpp\n'}
[0.464499] (px4_msgs) StdoutLine: {'line': b'-- Up-to-date symlink: /home/lee/workspace/ros2_ex/install/px4_msgs/include/px4_msgs/px4_msgs/msg/detail/tiltrotor_extra_controls__builder.hpp\n'}
[0.464517] (px4_msgs) StdoutLine: {'line': b'-- Up-to-date symlink: /home/lee/workspace/ros2_ex/install/px4_msgs/include/px4_msgs/px4_msgs/msg/detail/tiltrotor_extra_controls__struct.hpp\n'}
[0.464534] (px4_msgs) StdoutLine: {'line': b'-- Up-to-date symlink: /home/lee/workspace/ros2_ex/install/px4_msgs/include/px4_msgs/px4_msgs/msg/detail/tiltrotor_extra_controls__traits.hpp\n'}
[0.464553] (px4_msgs) StdoutLine: {'line': b'-- Up-to-date symlink: /home/lee/workspace/ros2_ex/install/px4_msgs/include/px4_msgs/px4_msgs/msg/detail/tiltrotor_extra_controls__type_support.hpp\n'}
[0.464573] (px4_msgs) StdoutLine: {'line': b'-- Up-to-date symlink: /home/lee/workspace/ros2_ex/install/px4_msgs/include/px4_msgs/px4_msgs/msg/detail/timesync_status__builder.hpp\n'}
[0.464592] (px4_msgs) StdoutLine: {'line': b'-- Up-to-date symlink: /home/lee/workspace/ros2_ex/install/px4_msgs/include/px4_msgs/px4_msgs/msg/detail/timesync_status__struct.hpp\n'}
[0.464611] (px4_msgs) StdoutLine: {'line': b'-- Up-to-date symlink: /home/lee/workspace/ros2_ex/install/px4_msgs/include/px4_msgs/px4_msgs/msg/detail/timesync_status__traits.hpp\n'}
[0.464630] (px4_msgs) StdoutLine: {'line': b'-- Up-to-date symlink: /home/lee/workspace/ros2_ex/install/px4_msgs/include/px4_msgs/px4_msgs/msg/detail/timesync_status__type_support.hpp\n'}
[0.464649] (px4_msgs) StdoutLine: {'line': b'-- Up-to-date symlink: /home/lee/workspace/ros2_ex/install/px4_msgs/include/px4_msgs/px4_msgs/msg/detail/trajectory_bezier__builder.hpp\n'}
[0.464670] (px4_msgs) StdoutLine: {'line': b'-- Up-to-date symlink: /home/lee/workspace/ros2_ex/install/px4_msgs/include/px4_msgs/px4_msgs/msg/detail/trajectory_bezier__struct.hpp\n'}
[0.464689] (px4_msgs) StdoutLine: {'line': b'-- Up-to-date symlink: /home/lee/workspace/ros2_ex/install/px4_msgs/include/px4_msgs/px4_msgs/msg/detail/trajectory_bezier__traits.hpp\n'}
[0.464707] (px4_msgs) StdoutLine: {'line': b'-- Up-to-date symlink: /home/lee/workspace/ros2_ex/install/px4_msgs/include/px4_msgs/px4_msgs/msg/detail/trajectory_bezier__type_support.hpp\n'}
[0.464726] (px4_msgs) StdoutLine: {'line': b'-- Up-to-date symlink: /home/lee/workspace/ros2_ex/install/px4_msgs/include/px4_msgs/px4_msgs/msg/detail/trajectory_setpoint6dof__builder.hpp\n'}
[0.464744] (px4_msgs) StdoutLine: {'line': b'-- Up-to-date symlink: /home/lee/workspace/ros2_ex/install/px4_msgs/include/px4_msgs/px4_msgs/msg/detail/trajectory_setpoint6dof__struct.hpp\n'}
[0.464763] (px4_msgs) StdoutLine: {'line': b'-- Up-to-date symlink: /home/lee/workspace/ros2_ex/install/px4_msgs/include/px4_msgs/px4_msgs/msg/detail/trajectory_setpoint6dof__traits.hpp\n'}
[0.464782] (px4_msgs) StdoutLine: {'line': b'-- Up-to-date symlink: /home/lee/workspace/ros2_ex/install/px4_msgs/include/px4_msgs/px4_msgs/msg/detail/trajectory_setpoint6dof__type_support.hpp\n'}
[0.464801] (px4_msgs) StdoutLine: {'line': b'-- Up-to-date symlink: /home/lee/workspace/ros2_ex/install/px4_msgs/include/px4_msgs/px4_msgs/msg/detail/trajectory_setpoint__builder.hpp\n'}
[0.464819] (px4_msgs) StdoutLine: {'line': b'-- Up-to-date symlink: /home/lee/workspace/ros2_ex/install/px4_msgs/include/px4_msgs/px4_msgs/msg/detail/trajectory_setpoint__struct.hpp\n'}
[0.464837] (px4_msgs) StdoutLine: {'line': b'-- Up-to-date symlink: /home/lee/workspace/ros2_ex/install/px4_msgs/include/px4_msgs/px4_msgs/msg/detail/trajectory_setpoint__traits.hpp\n'}
[0.464872] (px4_msgs) StdoutLine: {'line': b'-- Up-to-date symlink: /home/lee/workspace/ros2_ex/install/px4_msgs/include/px4_msgs/px4_msgs/msg/detail/trajectory_setpoint__type_support.hpp\n'}
[0.464891] (px4_msgs) StdoutLine: {'line': b'-- Up-to-date symlink: /home/lee/workspace/ros2_ex/install/px4_msgs/include/px4_msgs/px4_msgs/msg/detail/trajectory_waypoint__builder.hpp\n'}
[0.464910] (px4_msgs) StdoutLine: {'line': b'-- Up-to-date symlink: /home/lee/workspace/ros2_ex/install/px4_msgs/include/px4_msgs/px4_msgs/msg/detail/trajectory_waypoint__struct.hpp\n'}
[0.464929] (px4_msgs) StdoutLine: {'line': b'-- Up-to-date symlink: /home/lee/workspace/ros2_ex/install/px4_msgs/include/px4_msgs/px4_msgs/msg/detail/trajectory_waypoint__traits.hpp\n'}
[0.464948] (px4_msgs) StdoutLine: {'line': b'-- Up-to-date symlink: /home/lee/workspace/ros2_ex/install/px4_msgs/include/px4_msgs/px4_msgs/msg/detail/trajectory_waypoint__type_support.hpp\n'}
[0.464966] (px4_msgs) StdoutLine: {'line': b'-- Up-to-date symlink: /home/lee/workspace/ros2_ex/install/px4_msgs/include/px4_msgs/px4_msgs/msg/detail/transponder_report__builder.hpp\n'}
[0.464985] (px4_msgs) StdoutLine: {'line': b'-- Up-to-date symlink: /home/lee/workspace/ros2_ex/install/px4_msgs/include/px4_msgs/px4_msgs/msg/detail/transponder_report__struct.hpp\n'}
[0.465031] (px4_msgs) StdoutLine: {'line': b'-- Up-to-date symlink: /home/lee/workspace/ros2_ex/install/px4_msgs/include/px4_msgs/px4_msgs/msg/detail/transponder_report__traits.hpp\n'}
[0.465050] (px4_msgs) StdoutLine: {'line': b'-- Up-to-date symlink: /home/lee/workspace/ros2_ex/install/px4_msgs/include/px4_msgs/px4_msgs/msg/detail/transponder_report__type_support.hpp\n'}
[0.465069] (px4_msgs) StdoutLine: {'line': b'-- Up-to-date symlink: /home/lee/workspace/ros2_ex/install/px4_msgs/include/px4_msgs/px4_msgs/msg/detail/tune_control__builder.hpp\n'}
[0.465089] (px4_msgs) StdoutLine: {'line': b'-- Up-to-date symlink: /home/lee/workspace/ros2_ex/install/px4_msgs/include/px4_msgs/px4_msgs/msg/detail/tune_control__struct.hpp\n'}
[0.465107] (px4_msgs) StdoutLine: {'line': b'-- Up-to-date symlink: /home/lee/workspace/ros2_ex/install/px4_msgs/include/px4_msgs/px4_msgs/msg/detail/tune_control__traits.hpp\n'}
[0.465126] (px4_msgs) StdoutLine: {'line': b'-- Up-to-date symlink: /home/lee/workspace/ros2_ex/install/px4_msgs/include/px4_msgs/px4_msgs/msg/detail/tune_control__type_support.hpp\n'}
[0.465144] (px4_msgs) StdoutLine: {'line': b'-- Up-to-date symlink: /home/lee/workspace/ros2_ex/install/px4_msgs/include/px4_msgs/px4_msgs/msg/detail/uavcan_parameter_request__builder.hpp\n'}
[0.465163] (px4_msgs) StdoutLine: {'line': b'-- Up-to-date symlink: /home/lee/workspace/ros2_ex/install/px4_msgs/include/px4_msgs/px4_msgs/msg/detail/uavcan_parameter_request__struct.hpp\n'}
[0.465181] (px4_msgs) StdoutLine: {'line': b'-- Up-to-date symlink: /home/lee/workspace/ros2_ex/install/px4_msgs/include/px4_msgs/px4_msgs/msg/detail/uavcan_parameter_request__traits.hpp\n'}
[0.465199] (px4_msgs) StdoutLine: {'line': b'-- Up-to-date symlink: /home/lee/workspace/ros2_ex/install/px4_msgs/include/px4_msgs/px4_msgs/msg/detail/uavcan_parameter_request__type_support.hpp\n'}
[0.465217] (px4_msgs) StdoutLine: {'line': b'-- Up-to-date symlink: /home/lee/workspace/ros2_ex/install/px4_msgs/include/px4_msgs/px4_msgs/msg/detail/uavcan_parameter_value__builder.hpp\n'}
[0.465236] (px4_msgs) StdoutLine: {'line': b'-- Up-to-date symlink: /home/lee/workspace/ros2_ex/install/px4_msgs/include/px4_msgs/px4_msgs/msg/detail/uavcan_parameter_value__struct.hpp\n'}
[0.465255] (px4_msgs) StdoutLine: {'line': b'-- Up-to-date symlink: /home/lee/workspace/ros2_ex/install/px4_msgs/include/px4_msgs/px4_msgs/msg/detail/uavcan_parameter_value__traits.hpp\n'}
[0.465274] (px4_msgs) StdoutLine: {'line': b'-- Up-to-date symlink: /home/lee/workspace/ros2_ex/install/px4_msgs/include/px4_msgs/px4_msgs/msg/detail/uavcan_parameter_value__type_support.hpp\n'}
[0.465298] (px4_msgs) StdoutLine: {'line': b'-- Up-to-date symlink: /home/lee/workspace/ros2_ex/install/px4_msgs/include/px4_msgs/px4_msgs/msg/detail/ulog_stream__builder.hpp\n'}
[0.465317] (px4_msgs) StdoutLine: {'line': b'-- Up-to-date symlink: /home/lee/workspace/ros2_ex/install/px4_msgs/include/px4_msgs/px4_msgs/msg/detail/ulog_stream__struct.hpp\n'}
[0.465335] (px4_msgs) StdoutLine: {'line': b'-- Up-to-date symlink: /home/lee/workspace/ros2_ex/install/px4_msgs/include/px4_msgs/px4_msgs/msg/detail/ulog_stream__traits.hpp\n'}
[0.465354] (px4_msgs) StdoutLine: {'line': b'-- Up-to-date symlink: /home/lee/workspace/ros2_ex/install/px4_msgs/include/px4_msgs/px4_msgs/msg/detail/ulog_stream__type_support.hpp\n'}
[0.465373] (px4_msgs) StdoutLine: {'line': b'-- Up-to-date symlink: /home/lee/workspace/ros2_ex/install/px4_msgs/include/px4_msgs/px4_msgs/msg/detail/ulog_stream_ack__builder.hpp\n'}
[0.465392] (px4_msgs) StdoutLine: {'line': b'-- Up-to-date symlink: /home/lee/workspace/ros2_ex/install/px4_msgs/include/px4_msgs/px4_msgs/msg/detail/ulog_stream_ack__struct.hpp\n'}
[0.465410] (px4_msgs) StdoutLine: {'line': b'-- Up-to-date symlink: /home/lee/workspace/ros2_ex/install/px4_msgs/include/px4_msgs/px4_msgs/msg/detail/ulog_stream_ack__traits.hpp\n'}
[0.465429] (px4_msgs) StdoutLine: {'line': b'-- Up-to-date symlink: /home/lee/workspace/ros2_ex/install/px4_msgs/include/px4_msgs/px4_msgs/msg/detail/ulog_stream_ack__type_support.hpp\n'}
[0.465447] (px4_msgs) StdoutLine: {'line': b'-- Up-to-date symlink: /home/lee/workspace/ros2_ex/install/px4_msgs/include/px4_msgs/px4_msgs/msg/detail/unregister_ext_component__builder.hpp\n'}
[0.465465] (px4_msgs) StdoutLine: {'line': b'-- Up-to-date symlink: /home/lee/workspace/ros2_ex/install/px4_msgs/include/px4_msgs/px4_msgs/msg/detail/unregister_ext_component__struct.hpp\n'}
[0.465484] (px4_msgs) StdoutLine: {'line': b'-- Up-to-date symlink: /home/lee/workspace/ros2_ex/install/px4_msgs/include/px4_msgs/px4_msgs/msg/detail/unregister_ext_component__traits.hpp\n'}
[0.465502] (px4_msgs) StdoutLine: {'line': b'-- Up-to-date symlink: /home/lee/workspace/ros2_ex/install/px4_msgs/include/px4_msgs/px4_msgs/msg/detail/unregister_ext_component__type_support.hpp\n'}
[0.465520] (px4_msgs) StdoutLine: {'line': b'-- Up-to-date symlink: /home/lee/workspace/ros2_ex/install/px4_msgs/include/px4_msgs/px4_msgs/msg/detail/vehicle_acceleration__builder.hpp\n'}
[0.465539] (px4_msgs) StdoutLine: {'line': b'-- Up-to-date symlink: /home/lee/workspace/ros2_ex/install/px4_msgs/include/px4_msgs/px4_msgs/msg/detail/vehicle_acceleration__struct.hpp\n'}
[0.465557] (px4_msgs) StdoutLine: {'line': b'-- Up-to-date symlink: /home/lee/workspace/ros2_ex/install/px4_msgs/include/px4_msgs/px4_msgs/msg/detail/vehicle_acceleration__traits.hpp\n'}
[0.465576] (px4_msgs) StdoutLine: {'line': b'-- Up-to-date symlink: /home/lee/workspace/ros2_ex/install/px4_msgs/include/px4_msgs/px4_msgs/msg/detail/vehicle_acceleration__type_support.hpp\n'}
[0.465594] (px4_msgs) StdoutLine: {'line': b'-- Up-to-date symlink: /home/lee/workspace/ros2_ex/install/px4_msgs/include/px4_msgs/px4_msgs/msg/detail/vehicle_air_data__builder.hpp\n'}
[0.465612] (px4_msgs) StdoutLine: {'line': b'-- Up-to-date symlink: /home/lee/workspace/ros2_ex/install/px4_msgs/include/px4_msgs/px4_msgs/msg/detail/vehicle_air_data__struct.hpp\n'}
[0.465631] (px4_msgs) StdoutLine: {'line': b'-- Up-to-date symlink: /home/lee/workspace/ros2_ex/install/px4_msgs/include/px4_msgs/px4_msgs/msg/detail/vehicle_air_data__traits.hpp\n'}
[0.465650] (px4_msgs) StdoutLine: {'line': b'-- Up-to-date symlink: /home/lee/workspace/ros2_ex/install/px4_msgs/include/px4_msgs/px4_msgs/msg/detail/vehicle_air_data__type_support.hpp\n'}
[0.465686] (px4_msgs) StdoutLine: {'line': b'-- Up-to-date symlink: /home/lee/workspace/ros2_ex/install/px4_msgs/include/px4_msgs/px4_msgs/msg/detail/vehicle_angular_acceleration_setpoint__builder.hpp\n'}
[0.465705] (px4_msgs) StdoutLine: {'line': b'-- Up-to-date symlink: /home/lee/workspace/ros2_ex/install/px4_msgs/include/px4_msgs/px4_msgs/msg/detail/vehicle_angular_acceleration_setpoint__struct.hpp\n'}
[0.465723] (px4_msgs) StdoutLine: {'line': b'-- Up-to-date symlink: /home/lee/workspace/ros2_ex/install/px4_msgs/include/px4_msgs/px4_msgs/msg/detail/vehicle_angular_acceleration_setpoint__traits.hpp\n'}
[0.465742] (px4_msgs) StdoutLine: {'line': b'-- Up-to-date symlink: /home/lee/workspace/ros2_ex/install/px4_msgs/include/px4_msgs/px4_msgs/msg/detail/vehicle_angular_acceleration_setpoint__type_support.hpp\n'}
[0.465760] (px4_msgs) StdoutLine: {'line': b'-- Up-to-date symlink: /home/lee/workspace/ros2_ex/install/px4_msgs/include/px4_msgs/px4_msgs/msg/detail/vehicle_angular_velocity__builder.hpp\n'}
[0.465778] (px4_msgs) StdoutLine: {'line': b'-- Up-to-date symlink: /home/lee/workspace/ros2_ex/install/px4_msgs/include/px4_msgs/px4_msgs/msg/detail/vehicle_angular_velocity__struct.hpp\n'}
[0.465832] (px4_msgs) StdoutLine: {'line': b'-- Up-to-date symlink: /home/lee/workspace/ros2_ex/install/px4_msgs/include/px4_msgs/px4_msgs/msg/detail/vehicle_angular_velocity__traits.hpp\n'}
[0.465852] (px4_msgs) StdoutLine: {'line': b'-- Up-to-date symlink: /home/lee/workspace/ros2_ex/install/px4_msgs/include/px4_msgs/px4_msgs/msg/detail/vehicle_angular_velocity__type_support.hpp\n'}
[0.465873] (px4_msgs) StdoutLine: {'line': b'-- Up-to-date symlink: /home/lee/workspace/ros2_ex/install/px4_msgs/include/px4_msgs/px4_msgs/msg/detail/vehicle_attitude__builder.hpp\n'}
[0.465892] (px4_msgs) StdoutLine: {'line': b'-- Up-to-date symlink: /home/lee/workspace/ros2_ex/install/px4_msgs/include/px4_msgs/px4_msgs/msg/detail/vehicle_attitude__struct.hpp\n'}
[0.465910] (px4_msgs) StdoutLine: {'line': b'-- Up-to-date symlink: /home/lee/workspace/ros2_ex/install/px4_msgs/include/px4_msgs/px4_msgs/msg/detail/vehicle_attitude__traits.hpp\n'}
[0.465929] (px4_msgs) StdoutLine: {'line': b'-- Up-to-date symlink: /home/lee/workspace/ros2_ex/install/px4_msgs/include/px4_msgs/px4_msgs/msg/detail/vehicle_attitude__type_support.hpp\n'}
[0.465948] (px4_msgs) StdoutLine: {'line': b'-- Up-to-date symlink: /home/lee/workspace/ros2_ex/install/px4_msgs/include/px4_msgs/px4_msgs/msg/detail/vehicle_attitude_setpoint__builder.hpp\n'}
[0.465967] (px4_msgs) StdoutLine: {'line': b'-- Up-to-date symlink: /home/lee/workspace/ros2_ex/install/px4_msgs/include/px4_msgs/px4_msgs/msg/detail/vehicle_attitude_setpoint__struct.hpp\n'}
[0.465986] (px4_msgs) StdoutLine: {'line': b'-- Up-to-date symlink: /home/lee/workspace/ros2_ex/install/px4_msgs/include/px4_msgs/px4_msgs/msg/detail/vehicle_attitude_setpoint__traits.hpp\n'}
[0.466005] (px4_msgs) StdoutLine: {'line': b'-- Up-to-date symlink: /home/lee/workspace/ros2_ex/install/px4_msgs/include/px4_msgs/px4_msgs/msg/detail/vehicle_attitude_setpoint__type_support.hpp\n'}
[0.466025] (px4_msgs) StdoutLine: {'line': b'-- Up-to-date symlink: /home/lee/workspace/ros2_ex/install/px4_msgs/include/px4_msgs/px4_msgs/msg/detail/vehicle_command__builder.hpp\n'}
[0.466045] (px4_msgs) StdoutLine: {'line': b'-- Up-to-date symlink: /home/lee/workspace/ros2_ex/install/px4_msgs/include/px4_msgs/px4_msgs/msg/detail/vehicle_command__struct.hpp\n'}
[0.466063] (px4_msgs) StdoutLine: {'line': b'-- Up-to-date symlink: /home/lee/workspace/ros2_ex/install/px4_msgs/include/px4_msgs/px4_msgs/msg/detail/vehicle_command__traits.hpp\n'}
[0.466082] (px4_msgs) StdoutLine: {'line': b'-- Up-to-date symlink: /home/lee/workspace/ros2_ex/install/px4_msgs/include/px4_msgs/px4_msgs/msg/detail/vehicle_command__type_support.hpp\n'}
[0.466101] (px4_msgs) StdoutLine: {'line': b'-- Up-to-date symlink: /home/lee/workspace/ros2_ex/install/px4_msgs/include/px4_msgs/px4_msgs/msg/detail/vehicle_command_ack__builder.hpp\n'}
[0.466120] (px4_msgs) StdoutLine: {'line': b'-- Up-to-date symlink: /home/lee/workspace/ros2_ex/install/px4_msgs/include/px4_msgs/px4_msgs/msg/detail/vehicle_command_ack__struct.hpp\n'}
[0.466139] (px4_msgs) StdoutLine: {'line': b'-- Up-to-date symlink: /home/lee/workspace/ros2_ex/install/px4_msgs/include/px4_msgs/px4_msgs/msg/detail/vehicle_command_ack__traits.hpp\n'}
[0.466157] (px4_msgs) StdoutLine: {'line': b'-- Up-to-date symlink: /home/lee/workspace/ros2_ex/install/px4_msgs/include/px4_msgs/px4_msgs/msg/detail/vehicle_command_ack__type_support.hpp\n'}
[0.466176] (px4_msgs) StdoutLine: {'line': b'-- Up-to-date symlink: /home/lee/workspace/ros2_ex/install/px4_msgs/include/px4_msgs/px4_msgs/msg/detail/vehicle_constraints__builder.hpp\n'}
[0.466194] (px4_msgs) StdoutLine: {'line': b'-- Up-to-date symlink: /home/lee/workspace/ros2_ex/install/px4_msgs/include/px4_msgs/px4_msgs/msg/detail/vehicle_constraints__struct.hpp\n'}
[0.466213] (px4_msgs) StdoutLine: {'line': b'-- Up-to-date symlink: /home/lee/workspace/ros2_ex/install/px4_msgs/include/px4_msgs/px4_msgs/msg/detail/vehicle_constraints__traits.hpp\n'}
[0.466246] (px4_msgs) StdoutLine: {'line': b'-- Up-to-date symlink: /home/lee/workspace/ros2_ex/install/px4_msgs/include/px4_msgs/px4_msgs/msg/detail/vehicle_constraints__type_support.hpp\n'}
[0.466264] (px4_msgs) StdoutLine: {'line': b'-- Up-to-date symlink: /home/lee/workspace/ros2_ex/install/px4_msgs/include/px4_msgs/px4_msgs/msg/detail/vehicle_control_mode__builder.hpp\n'}
[0.466312] (px4_msgs) StdoutLine: {'line': b'-- Up-to-date symlink: /home/lee/workspace/ros2_ex/install/px4_msgs/include/px4_msgs/px4_msgs/msg/detail/vehicle_control_mode__struct.hpp\n'}
[0.466332] (px4_msgs) StdoutLine: {'line': b'-- Up-to-date symlink: /home/lee/workspace/ros2_ex/install/px4_msgs/include/px4_msgs/px4_msgs/msg/detail/vehicle_control_mode__traits.hpp\n'}
[0.466352] (px4_msgs) StdoutLine: {'line': b'-- Up-to-date symlink: /home/lee/workspace/ros2_ex/install/px4_msgs/include/px4_msgs/px4_msgs/msg/detail/vehicle_control_mode__type_support.hpp\n'}
[0.466371] (px4_msgs) StdoutLine: {'line': b'-- Up-to-date symlink: /home/lee/workspace/ros2_ex/install/px4_msgs/include/px4_msgs/px4_msgs/msg/detail/vehicle_global_position__builder.hpp\n'}
[0.466390] (px4_msgs) StdoutLine: {'line': b'-- Up-to-date symlink: /home/lee/workspace/ros2_ex/install/px4_msgs/include/px4_msgs/px4_msgs/msg/detail/vehicle_global_position__struct.hpp\n'}
[0.466408] (px4_msgs) StdoutLine: {'line': b'-- Up-to-date symlink: /home/lee/workspace/ros2_ex/install/px4_msgs/include/px4_msgs/px4_msgs/msg/detail/vehicle_global_position__traits.hpp\n'}
[0.466426] (px4_msgs) StdoutLine: {'line': b'-- Up-to-date symlink: /home/lee/workspace/ros2_ex/install/px4_msgs/include/px4_msgs/px4_msgs/msg/detail/vehicle_global_position__type_support.hpp\n'}
[0.466445] (px4_msgs) StdoutLine: {'line': b'-- Up-to-date symlink: /home/lee/workspace/ros2_ex/install/px4_msgs/include/px4_msgs/px4_msgs/msg/detail/vehicle_imu__builder.hpp\n'}
[0.466465] (px4_msgs) StdoutLine: {'line': b'-- Up-to-date symlink: /home/lee/workspace/ros2_ex/install/px4_msgs/include/px4_msgs/px4_msgs/msg/detail/vehicle_imu__struct.hpp\n'}
[0.466484] (px4_msgs) StdoutLine: {'line': b'-- Up-to-date symlink: /home/lee/workspace/ros2_ex/install/px4_msgs/include/px4_msgs/px4_msgs/msg/detail/vehicle_imu__traits.hpp\n'}
[0.466502] (px4_msgs) StdoutLine: {'line': b'-- Up-to-date symlink: /home/lee/workspace/ros2_ex/install/px4_msgs/include/px4_msgs/px4_msgs/msg/detail/vehicle_imu__type_support.hpp\n'}
[0.466521] (px4_msgs) StdoutLine: {'line': b'-- Up-to-date symlink: /home/lee/workspace/ros2_ex/install/px4_msgs/include/px4_msgs/px4_msgs/msg/detail/vehicle_imu_status__builder.hpp\n'}
[0.466540] (px4_msgs) StdoutLine: {'line': b'-- Up-to-date symlink: /home/lee/workspace/ros2_ex/install/px4_msgs/include/px4_msgs/px4_msgs/msg/detail/vehicle_imu_status__struct.hpp\n'}
[0.466559] (px4_msgs) StdoutLine: {'line': b'-- Up-to-date symlink: /home/lee/workspace/ros2_ex/install/px4_msgs/include/px4_msgs/px4_msgs/msg/detail/vehicle_imu_status__traits.hpp\n'}
[0.466578] (px4_msgs) StdoutLine: {'line': b'-- Up-to-date symlink: /home/lee/workspace/ros2_ex/install/px4_msgs/include/px4_msgs/px4_msgs/msg/detail/vehicle_imu_status__type_support.hpp\n'}
[0.466596] (px4_msgs) StdoutLine: {'line': b'-- Up-to-date symlink: /home/lee/workspace/ros2_ex/install/px4_msgs/include/px4_msgs/px4_msgs/msg/detail/vehicle_land_detected__builder.hpp\n'}
[0.466615] (px4_msgs) StdoutLine: {'line': b'-- Up-to-date symlink: /home/lee/workspace/ros2_ex/install/px4_msgs/include/px4_msgs/px4_msgs/msg/detail/vehicle_land_detected__struct.hpp\n'}
[0.466633] (px4_msgs) StdoutLine: {'line': b'-- Up-to-date symlink: /home/lee/workspace/ros2_ex/install/px4_msgs/include/px4_msgs/px4_msgs/msg/detail/vehicle_land_detected__traits.hpp\n'}
[0.466651] (px4_msgs) StdoutLine: {'line': b'-- Up-to-date symlink: /home/lee/workspace/ros2_ex/install/px4_msgs/include/px4_msgs/px4_msgs/msg/detail/vehicle_land_detected__type_support.hpp\n'}
[0.466670] (px4_msgs) StdoutLine: {'line': b'-- Up-to-date symlink: /home/lee/workspace/ros2_ex/install/px4_msgs/include/px4_msgs/px4_msgs/msg/detail/vehicle_local_position__builder.hpp\n'}
[0.466689] (px4_msgs) StdoutLine: {'line': b'-- Up-to-date symlink: /home/lee/workspace/ros2_ex/install/px4_msgs/include/px4_msgs/px4_msgs/msg/detail/vehicle_local_position__struct.hpp\n'}
[0.466707] (px4_msgs) StdoutLine: {'line': b'-- Up-to-date symlink: /home/lee/workspace/ros2_ex/install/px4_msgs/include/px4_msgs/px4_msgs/msg/detail/vehicle_local_position__traits.hpp\n'}
[0.466725] (px4_msgs) StdoutLine: {'line': b'-- Up-to-date symlink: /home/lee/workspace/ros2_ex/install/px4_msgs/include/px4_msgs/px4_msgs/msg/detail/vehicle_local_position__type_support.hpp\n'}
[0.466743] (px4_msgs) StdoutLine: {'line': b'-- Up-to-date symlink: /home/lee/workspace/ros2_ex/install/px4_msgs/include/px4_msgs/px4_msgs/msg/detail/vehicle_local_position_setpoint__builder.hpp\n'}
[0.466762] (px4_msgs) StdoutLine: {'line': b'-- Up-to-date symlink: /home/lee/workspace/ros2_ex/install/px4_msgs/include/px4_msgs/px4_msgs/msg/detail/vehicle_local_position_setpoint__struct.hpp\n'}
[0.466780] (px4_msgs) StdoutLine: {'line': b'-- Up-to-date symlink: /home/lee/workspace/ros2_ex/install/px4_msgs/include/px4_msgs/px4_msgs/msg/detail/vehicle_local_position_setpoint__traits.hpp\n'}
[0.466798] (px4_msgs) StdoutLine: {'line': b'-- Up-to-date symlink: /home/lee/workspace/ros2_ex/install/px4_msgs/include/px4_msgs/px4_msgs/msg/detail/vehicle_local_position_setpoint__type_support.hpp\n'}
[0.466816] (px4_msgs) StdoutLine: {'line': b'-- Up-to-date symlink: /home/lee/workspace/ros2_ex/install/px4_msgs/include/px4_msgs/px4_msgs/msg/detail/vehicle_magnetometer__builder.hpp\n'}
[0.466835] (px4_msgs) StdoutLine: {'line': b'-- Up-to-date symlink: /home/lee/workspace/ros2_ex/install/px4_msgs/include/px4_msgs/px4_msgs/msg/detail/vehicle_magnetometer__struct.hpp\n'}
[0.466853] (px4_msgs) StdoutLine: {'line': b'-- Up-to-date symlink: /home/lee/workspace/ros2_ex/install/px4_msgs/include/px4_msgs/px4_msgs/msg/detail/vehicle_magnetometer__traits.hpp\n'}
[0.466871] (px4_msgs) StdoutLine: {'line': b'-- Up-to-date symlink: /home/lee/workspace/ros2_ex/install/px4_msgs/include/px4_msgs/px4_msgs/msg/detail/vehicle_magnetometer__type_support.hpp\n'}
[0.466889] (px4_msgs) StdoutLine: {'line': b'-- Up-to-date symlink: /home/lee/workspace/ros2_ex/install/px4_msgs/include/px4_msgs/px4_msgs/msg/detail/vehicle_odometry__builder.hpp\n'}
[0.466908] (px4_msgs) StdoutLine: {'line': b'-- Up-to-date symlink: /home/lee/workspace/ros2_ex/install/px4_msgs/include/px4_msgs/px4_msgs/msg/detail/vehicle_odometry__struct.hpp\n'}
[0.466927] (px4_msgs) StdoutLine: {'line': b'-- Up-to-date symlink: /home/lee/workspace/ros2_ex/install/px4_msgs/include/px4_msgs/px4_msgs/msg/detail/vehicle_odometry__traits.hpp\n'}
[0.466946] (px4_msgs) StdoutLine: {'line': b'-- Up-to-date symlink: /home/lee/workspace/ros2_ex/install/px4_msgs/include/px4_msgs/px4_msgs/msg/detail/vehicle_odometry__type_support.hpp\n'}
[0.466966] (px4_msgs) StdoutLine: {'line': b'-- Up-to-date symlink: /home/lee/workspace/ros2_ex/install/px4_msgs/include/px4_msgs/px4_msgs/msg/detail/vehicle_optical_flow__builder.hpp\n'}
[0.466985] (px4_msgs) StdoutLine: {'line': b'-- Up-to-date symlink: /home/lee/workspace/ros2_ex/install/px4_msgs/include/px4_msgs/px4_msgs/msg/detail/vehicle_optical_flow__struct.hpp\n'}
[0.467003] (px4_msgs) StdoutLine: {'line': b'-- Up-to-date symlink: /home/lee/workspace/ros2_ex/install/px4_msgs/include/px4_msgs/px4_msgs/msg/detail/vehicle_optical_flow__traits.hpp\n'}
[0.467036] (px4_msgs) StdoutLine: {'line': b'-- Up-to-date symlink: /home/lee/workspace/ros2_ex/install/px4_msgs/include/px4_msgs/px4_msgs/msg/detail/vehicle_optical_flow__type_support.hpp\n'}
[0.467055] (px4_msgs) StdoutLine: {'line': b'-- Up-to-date symlink: /home/lee/workspace/ros2_ex/install/px4_msgs/include/px4_msgs/px4_msgs/msg/detail/vehicle_optical_flow_vel__builder.hpp\n'}
[0.467075] (px4_msgs) StdoutLine: {'line': b'-- Up-to-date symlink: /home/lee/workspace/ros2_ex/install/px4_msgs/include/px4_msgs/px4_msgs/msg/detail/vehicle_optical_flow_vel__struct.hpp\n'}
[0.467093] (px4_msgs) StdoutLine: {'line': b'-- Up-to-date symlink: /home/lee/workspace/ros2_ex/install/px4_msgs/include/px4_msgs/px4_msgs/msg/detail/vehicle_optical_flow_vel__traits.hpp\n'}
[0.467112] (px4_msgs) StdoutLine: {'line': b'-- Up-to-date symlink: /home/lee/workspace/ros2_ex/install/px4_msgs/include/px4_msgs/px4_msgs/msg/detail/vehicle_optical_flow_vel__type_support.hpp\n'}
[0.467130] (px4_msgs) StdoutLine: {'line': b'-- Up-to-date symlink: /home/lee/workspace/ros2_ex/install/px4_msgs/include/px4_msgs/px4_msgs/msg/detail/vehicle_rates_setpoint__builder.hpp\n'}
[0.467148] (px4_msgs) StdoutLine: {'line': b'-- Up-to-date symlink: /home/lee/workspace/ros2_ex/install/px4_msgs/include/px4_msgs/px4_msgs/msg/detail/vehicle_rates_setpoint__struct.hpp\n'}
[0.467166] (px4_msgs) StdoutLine: {'line': b'-- Up-to-date symlink: /home/lee/workspace/ros2_ex/install/px4_msgs/include/px4_msgs/px4_msgs/msg/detail/vehicle_rates_setpoint__traits.hpp\n'}
[0.467184] (px4_msgs) StdoutLine: {'line': b'-- Up-to-date symlink: /home/lee/workspace/ros2_ex/install/px4_msgs/include/px4_msgs/px4_msgs/msg/detail/vehicle_rates_setpoint__type_support.hpp\n'}
[0.467203] (px4_msgs) StdoutLine: {'line': b'-- Up-to-date symlink: /home/lee/workspace/ros2_ex/install/px4_msgs/include/px4_msgs/px4_msgs/msg/detail/vehicle_roi__builder.hpp\n'}
[0.467221] (px4_msgs) StdoutLine: {'line': b'-- Up-to-date symlink: /home/lee/workspace/ros2_ex/install/px4_msgs/include/px4_msgs/px4_msgs/msg/detail/vehicle_roi__struct.hpp\n'}
[0.467239] (px4_msgs) StdoutLine: {'line': b'-- Up-to-date symlink: /home/lee/workspace/ros2_ex/install/px4_msgs/include/px4_msgs/px4_msgs/msg/detail/vehicle_roi__traits.hpp\n'}
[0.467256] (px4_msgs) StdoutLine: {'line': b'-- Up-to-date symlink: /home/lee/workspace/ros2_ex/install/px4_msgs/include/px4_msgs/px4_msgs/msg/detail/vehicle_roi__type_support.hpp\n'}
[0.467275] (px4_msgs) StdoutLine: {'line': b'-- Up-to-date symlink: /home/lee/workspace/ros2_ex/install/px4_msgs/include/px4_msgs/px4_msgs/msg/detail/vehicle_status__builder.hpp\n'}
[0.467299] (px4_msgs) StdoutLine: {'line': b'-- Up-to-date symlink: /home/lee/workspace/ros2_ex/install/px4_msgs/include/px4_msgs/px4_msgs/msg/detail/vehicle_status__struct.hpp\n'}
[0.467341] (px4_msgs) StdoutLine: {'line': b'-- Up-to-date symlink: /home/lee/workspace/ros2_ex/install/px4_msgs/include/px4_msgs/px4_msgs/msg/detail/vehicle_status__traits.hpp\n'}
[0.467359] (px4_msgs) StdoutLine: {'line': b'-- Up-to-date symlink: /home/lee/workspace/ros2_ex/install/px4_msgs/include/px4_msgs/px4_msgs/msg/detail/vehicle_status__type_support.hpp\n'}
[0.467375] (px4_msgs) StdoutLine: {'line': b'-- Up-to-date symlink: /home/lee/workspace/ros2_ex/install/px4_msgs/include/px4_msgs/px4_msgs/msg/detail/vehicle_thrust_setpoint__builder.hpp\n'}
[0.467392] (px4_msgs) StdoutLine: {'line': b'-- Up-to-date symlink: /home/lee/workspace/ros2_ex/install/px4_msgs/include/px4_msgs/px4_msgs/msg/detail/vehicle_thrust_setpoint__struct.hpp\n'}
[0.467409] (px4_msgs) StdoutLine: {'line': b'-- Up-to-date symlink: /home/lee/workspace/ros2_ex/install/px4_msgs/include/px4_msgs/px4_msgs/msg/detail/vehicle_thrust_setpoint__traits.hpp\n'}
[0.467425] (px4_msgs) StdoutLine: {'line': b'-- Up-to-date symlink: /home/lee/workspace/ros2_ex/install/px4_msgs/include/px4_msgs/px4_msgs/msg/detail/vehicle_thrust_setpoint__type_support.hpp\n'}
[0.467442] (px4_msgs) StdoutLine: {'line': b'-- Up-to-date symlink: /home/lee/workspace/ros2_ex/install/px4_msgs/include/px4_msgs/px4_msgs/msg/detail/vehicle_torque_setpoint__builder.hpp\n'}
[0.467459] (px4_msgs) StdoutLine: {'line': b'-- Up-to-date symlink: /home/lee/workspace/ros2_ex/install/px4_msgs/include/px4_msgs/px4_msgs/msg/detail/vehicle_torque_setpoint__struct.hpp\n'}
[0.467476] (px4_msgs) StdoutLine: {'line': b'-- Up-to-date symlink: /home/lee/workspace/ros2_ex/install/px4_msgs/include/px4_msgs/px4_msgs/msg/detail/vehicle_torque_setpoint__traits.hpp\n'}
[0.467493] (px4_msgs) StdoutLine: {'line': b'-- Up-to-date symlink: /home/lee/workspace/ros2_ex/install/px4_msgs/include/px4_msgs/px4_msgs/msg/detail/vehicle_torque_setpoint__type_support.hpp\n'}
[0.467510] (px4_msgs) StdoutLine: {'line': b'-- Up-to-date symlink: /home/lee/workspace/ros2_ex/install/px4_msgs/include/px4_msgs/px4_msgs/msg/detail/vehicle_trajectory_bezier__builder.hpp\n'}
[0.467526] (px4_msgs) StdoutLine: {'line': b'-- Up-to-date symlink: /home/lee/workspace/ros2_ex/install/px4_msgs/include/px4_msgs/px4_msgs/msg/detail/vehicle_trajectory_bezier__struct.hpp\n'}
[0.467542] (px4_msgs) StdoutLine: {'line': b'-- Up-to-date symlink: /home/lee/workspace/ros2_ex/install/px4_msgs/include/px4_msgs/px4_msgs/msg/detail/vehicle_trajectory_bezier__traits.hpp\n'}
[0.467559] (px4_msgs) StdoutLine: {'line': b'-- Up-to-date symlink: /home/lee/workspace/ros2_ex/install/px4_msgs/include/px4_msgs/px4_msgs/msg/detail/vehicle_trajectory_bezier__type_support.hpp\n'}
[0.467578] (px4_msgs) StdoutLine: {'line': b'-- Up-to-date symlink: /home/lee/workspace/ros2_ex/install/px4_msgs/include/px4_msgs/px4_msgs/msg/detail/vehicle_trajectory_waypoint__builder.hpp\n'}
[0.467595] (px4_msgs) StdoutLine: {'line': b'-- Up-to-date symlink: /home/lee/workspace/ros2_ex/install/px4_msgs/include/px4_msgs/px4_msgs/msg/detail/vehicle_trajectory_waypoint__struct.hpp\n'}
[0.467611] (px4_msgs) StdoutLine: {'line': b'-- Up-to-date symlink: /home/lee/workspace/ros2_ex/install/px4_msgs/include/px4_msgs/px4_msgs/msg/detail/vehicle_trajectory_waypoint__traits.hpp\n'}
[0.467628] (px4_msgs) StdoutLine: {'line': b'-- Up-to-date symlink: /home/lee/workspace/ros2_ex/install/px4_msgs/include/px4_msgs/px4_msgs/msg/detail/vehicle_trajectory_waypoint__type_support.hpp\n'}
[0.467645] (px4_msgs) StdoutLine: {'line': b'-- Up-to-date symlink: /home/lee/workspace/ros2_ex/install/px4_msgs/include/px4_msgs/px4_msgs/msg/detail/velocity_limits__builder.hpp\n'}
[0.467662] (px4_msgs) StdoutLine: {'line': b'-- Up-to-date symlink: /home/lee/workspace/ros2_ex/install/px4_msgs/include/px4_msgs/px4_msgs/msg/detail/velocity_limits__struct.hpp\n'}
[0.467679] (px4_msgs) StdoutLine: {'line': b'-- Up-to-date symlink: /home/lee/workspace/ros2_ex/install/px4_msgs/include/px4_msgs/px4_msgs/msg/detail/velocity_limits__traits.hpp\n'}
[0.467696] (px4_msgs) StdoutLine: {'line': b'-- Up-to-date symlink: /home/lee/workspace/ros2_ex/install/px4_msgs/include/px4_msgs/px4_msgs/msg/detail/velocity_limits__type_support.hpp\n'}
[0.467713] (px4_msgs) StdoutLine: {'line': b'-- Up-to-date symlink: /home/lee/workspace/ros2_ex/install/px4_msgs/include/px4_msgs/px4_msgs/msg/detail/vtol_vehicle_status__builder.hpp\n'}
[0.467729] (px4_msgs) StdoutLine: {'line': b'-- Up-to-date symlink: /home/lee/workspace/ros2_ex/install/px4_msgs/include/px4_msgs/px4_msgs/msg/detail/vtol_vehicle_status__struct.hpp\n'}
[0.467745] (px4_msgs) StdoutLine: {'line': b'-- Up-to-date symlink: /home/lee/workspace/ros2_ex/install/px4_msgs/include/px4_msgs/px4_msgs/msg/detail/vtol_vehicle_status__traits.hpp\n'}
[0.467762] (px4_msgs) StdoutLine: {'line': b'-- Up-to-date symlink: /home/lee/workspace/ros2_ex/install/px4_msgs/include/px4_msgs/px4_msgs/msg/detail/vtol_vehicle_status__type_support.hpp\n'}
[0.467779] (px4_msgs) StdoutLine: {'line': b'-- Up-to-date symlink: /home/lee/workspace/ros2_ex/install/px4_msgs/include/px4_msgs/px4_msgs/msg/detail/wheel_encoders__builder.hpp\n'}
[0.467795] (px4_msgs) StdoutLine: {'line': b'-- Up-to-date symlink: /home/lee/workspace/ros2_ex/install/px4_msgs/include/px4_msgs/px4_msgs/msg/detail/wheel_encoders__struct.hpp\n'}
[0.467812] (px4_msgs) StdoutLine: {'line': b'-- Up-to-date symlink: /home/lee/workspace/ros2_ex/install/px4_msgs/include/px4_msgs/px4_msgs/msg/detail/wheel_encoders__traits.hpp\n'}
[0.467829] (px4_msgs) StdoutLine: {'line': b'-- Up-to-date symlink: /home/lee/workspace/ros2_ex/install/px4_msgs/include/px4_msgs/px4_msgs/msg/detail/wheel_encoders__type_support.hpp\n'}
[0.467847] (px4_msgs) StdoutLine: {'line': b'-- Up-to-date symlink: /home/lee/workspace/ros2_ex/install/px4_msgs/include/px4_msgs/px4_msgs/msg/detail/wind__builder.hpp\n'}
[0.467864] (px4_msgs) StdoutLine: {'line': b'-- Up-to-date symlink: /home/lee/workspace/ros2_ex/install/px4_msgs/include/px4_msgs/px4_msgs/msg/detail/wind__struct.hpp\n'}
[0.467880] (px4_msgs) StdoutLine: {'line': b'-- Up-to-date symlink: /home/lee/workspace/ros2_ex/install/px4_msgs/include/px4_msgs/px4_msgs/msg/detail/wind__traits.hpp\n'}
[0.467897] (px4_msgs) StdoutLine: {'line': b'-- Up-to-date symlink: /home/lee/workspace/ros2_ex/install/px4_msgs/include/px4_msgs/px4_msgs/msg/detail/wind__type_support.hpp\n'}
[0.467914] (px4_msgs) StdoutLine: {'line': b'-- Up-to-date symlink: /home/lee/workspace/ros2_ex/install/px4_msgs/include/px4_msgs/px4_msgs/msg/detail/yaw_estimator_status__builder.hpp\n'}
[0.467930] (px4_msgs) StdoutLine: {'line': b'-- Up-to-date symlink: /home/lee/workspace/ros2_ex/install/px4_msgs/include/px4_msgs/px4_msgs/msg/detail/yaw_estimator_status__struct.hpp\n'}
[0.467947] (px4_msgs) StdoutLine: {'line': b'-- Up-to-date symlink: /home/lee/workspace/ros2_ex/install/px4_msgs/include/px4_msgs/px4_msgs/msg/detail/yaw_estimator_status__traits.hpp\n'}
[0.467963] (px4_msgs) StdoutLine: {'line': b'-- Up-to-date symlink: /home/lee/workspace/ros2_ex/install/px4_msgs/include/px4_msgs/px4_msgs/msg/detail/yaw_estimator_status__type_support.hpp\n'}
[0.467980] (px4_msgs) StdoutLine: {'line': b'-- Up-to-date symlink: /home/lee/workspace/ros2_ex/install/px4_msgs/include/px4_msgs/px4_msgs/msg/differential_pressure.hpp\n'}
[0.467996] (px4_msgs) StdoutLine: {'line': b'-- Up-to-date symlink: /home/lee/workspace/ros2_ex/install/px4_msgs/include/px4_msgs/px4_msgs/msg/distance_sensor.hpp\n'}
[0.468013] (px4_msgs) StdoutLine: {'line': b'-- Up-to-date symlink: /home/lee/workspace/ros2_ex/install/px4_msgs/include/px4_msgs/px4_msgs/msg/distance_sensor_mode_change_request.hpp\n'}
[0.468029] (px4_msgs) StdoutLine: {'line': b'-- Up-to-date symlink: /home/lee/workspace/ros2_ex/install/px4_msgs/include/px4_msgs/px4_msgs/msg/dronecan_node_status.hpp\n'}
[0.468046] (px4_msgs) StdoutLine: {'line': b'-- Up-to-date symlink: /home/lee/workspace/ros2_ex/install/px4_msgs/include/px4_msgs/px4_msgs/msg/ekf2_timestamps.hpp\n'}
[0.468064] (px4_msgs) StdoutLine: {'line': b'-- Up-to-date symlink: /home/lee/workspace/ros2_ex/install/px4_msgs/include/px4_msgs/px4_msgs/msg/esc_report.hpp\n'}
[0.468080] (px4_msgs) StdoutLine: {'line': b'-- Up-to-date symlink: /home/lee/workspace/ros2_ex/install/px4_msgs/include/px4_msgs/px4_msgs/msg/esc_status.hpp\n'}
[0.468099] (px4_msgs) StdoutLine: {'line': b'-- Up-to-date symlink: /home/lee/workspace/ros2_ex/install/px4_msgs/include/px4_msgs/px4_msgs/msg/estimator_aid_source1d.hpp\n'}
[0.468116] (px4_msgs) StdoutLine: {'line': b'-- Up-to-date symlink: /home/lee/workspace/ros2_ex/install/px4_msgs/include/px4_msgs/px4_msgs/msg/estimator_aid_source2d.hpp\n'}
[0.468133] (px4_msgs) StdoutLine: {'line': b'-- Up-to-date symlink: /home/lee/workspace/ros2_ex/install/px4_msgs/include/px4_msgs/px4_msgs/msg/estimator_aid_source3d.hpp\n'}
[0.468150] (px4_msgs) StdoutLine: {'line': b'-- Up-to-date symlink: /home/lee/workspace/ros2_ex/install/px4_msgs/include/px4_msgs/px4_msgs/msg/estimator_bias.hpp\n'}
[0.468168] (px4_msgs) StdoutLine: {'line': b'-- Up-to-date symlink: /home/lee/workspace/ros2_ex/install/px4_msgs/include/px4_msgs/px4_msgs/msg/estimator_bias3d.hpp\n'}
[0.468184] (px4_msgs) StdoutLine: {'line': b'-- Up-to-date symlink: /home/lee/workspace/ros2_ex/install/px4_msgs/include/px4_msgs/px4_msgs/msg/estimator_event_flags.hpp\n'}
[0.468201] (px4_msgs) StdoutLine: {'line': b'-- Up-to-date symlink: /home/lee/workspace/ros2_ex/install/px4_msgs/include/px4_msgs/px4_msgs/msg/estimator_gps_status.hpp\n'}
[0.468219] (px4_msgs) StdoutLine: {'line': b'-- Up-to-date symlink: /home/lee/workspace/ros2_ex/install/px4_msgs/include/px4_msgs/px4_msgs/msg/estimator_innovations.hpp\n'}
[0.468237] (px4_msgs) StdoutLine: {'line': b'-- Up-to-date symlink: /home/lee/workspace/ros2_ex/install/px4_msgs/include/px4_msgs/px4_msgs/msg/estimator_selector_status.hpp\n'}
[0.468254] (px4_msgs) StdoutLine: {'line': b'-- Up-to-date symlink: /home/lee/workspace/ros2_ex/install/px4_msgs/include/px4_msgs/px4_msgs/msg/estimator_sensor_bias.hpp\n'}
[0.468271] (px4_msgs) StdoutLine: {'line': b'-- Up-to-date symlink: /home/lee/workspace/ros2_ex/install/px4_msgs/include/px4_msgs/px4_msgs/msg/estimator_states.hpp\n'}
[0.468294] (px4_msgs) StdoutLine: {'line': b'-- Up-to-date symlink: /home/lee/workspace/ros2_ex/install/px4_msgs/include/px4_msgs/px4_msgs/msg/estimator_status.hpp\n'}
[0.468313] (px4_msgs) StdoutLine: {'line': b'-- Up-to-date symlink: /home/lee/workspace/ros2_ex/install/px4_msgs/include/px4_msgs/px4_msgs/msg/estimator_status_flags.hpp\n'}
[0.468330] (px4_msgs) StdoutLine: {'line': b'-- Up-to-date symlink: /home/lee/workspace/ros2_ex/install/px4_msgs/include/px4_msgs/px4_msgs/msg/event.hpp\n'}
[0.468347] (px4_msgs) StdoutLine: {'line': b'-- Up-to-date symlink: /home/lee/workspace/ros2_ex/install/px4_msgs/include/px4_msgs/px4_msgs/msg/failsafe_flags.hpp\n'}
[0.468364] (px4_msgs) StdoutLine: {'line': b'-- Up-to-date symlink: /home/lee/workspace/ros2_ex/install/px4_msgs/include/px4_msgs/px4_msgs/msg/failure_detector_status.hpp\n'}
[0.468380] (px4_msgs) StdoutLine: {'line': b'-- Up-to-date symlink: /home/lee/workspace/ros2_ex/install/px4_msgs/include/px4_msgs/px4_msgs/msg/figure_eight_status.hpp\n'}
[0.468397] (px4_msgs) StdoutLine: {'line': b'-- Up-to-date symlink: /home/lee/workspace/ros2_ex/install/px4_msgs/include/px4_msgs/px4_msgs/msg/fixed_wing_lateral_guidance_status.hpp\n'}
[0.468414] (px4_msgs) StdoutLine: {'line': b'-- Up-to-date symlink: /home/lee/workspace/ros2_ex/install/px4_msgs/include/px4_msgs/px4_msgs/msg/fixed_wing_lateral_setpoint.hpp\n'}
[0.468431] (px4_msgs) StdoutLine: {'line': b'-- Up-to-date symlink: /home/lee/workspace/ros2_ex/install/px4_msgs/include/px4_msgs/px4_msgs/msg/fixed_wing_lateral_status.hpp\n'}
[0.468447] (px4_msgs) StdoutLine: {'line': b'-- Up-to-date symlink: /home/lee/workspace/ros2_ex/install/px4_msgs/include/px4_msgs/px4_msgs/msg/fixed_wing_longitudinal_setpoint.hpp\n'}
[0.468464] (px4_msgs) StdoutLine: {'line': b'-- Up-to-date symlink: /home/lee/workspace/ros2_ex/install/px4_msgs/include/px4_msgs/px4_msgs/msg/fixed_wing_runway_control.hpp\n'}
[0.468481] (px4_msgs) StdoutLine: {'line': b'-- Up-to-date symlink: /home/lee/workspace/ros2_ex/install/px4_msgs/include/px4_msgs/px4_msgs/msg/flight_phase_estimation.hpp\n'}
[0.468498] (px4_msgs) StdoutLine: {'line': b'-- Up-to-date symlink: /home/lee/workspace/ros2_ex/install/px4_msgs/include/px4_msgs/px4_msgs/msg/follow_target.hpp\n'}
[0.468514] (px4_msgs) StdoutLine: {'line': b'-- Up-to-date symlink: /home/lee/workspace/ros2_ex/install/px4_msgs/include/px4_msgs/px4_msgs/msg/follow_target_estimator.hpp\n'}
[0.468531] (px4_msgs) StdoutLine: {'line': b'-- Up-to-date symlink: /home/lee/workspace/ros2_ex/install/px4_msgs/include/px4_msgs/px4_msgs/msg/follow_target_status.hpp\n'}
[0.468547] (px4_msgs) StdoutLine: {'line': b'-- Up-to-date symlink: /home/lee/workspace/ros2_ex/install/px4_msgs/include/px4_msgs/px4_msgs/msg/fuel_tank_status.hpp\n'}
[0.468564] (px4_msgs) StdoutLine: {'line': b'-- Up-to-date symlink: /home/lee/workspace/ros2_ex/install/px4_msgs/include/px4_msgs/px4_msgs/msg/generator_status.hpp\n'}
[0.468581] (px4_msgs) StdoutLine: {'line': b'-- Up-to-date symlink: /home/lee/workspace/ros2_ex/install/px4_msgs/include/px4_msgs/px4_msgs/msg/geofence_result.hpp\n'}
[0.468598] (px4_msgs) StdoutLine: {'line': b'-- Up-to-date symlink: /home/lee/workspace/ros2_ex/install/px4_msgs/include/px4_msgs/px4_msgs/msg/geofence_status.hpp\n'}
[0.468614] (px4_msgs) StdoutLine: {'line': b'-- Up-to-date symlink: /home/lee/workspace/ros2_ex/install/px4_msgs/include/px4_msgs/px4_msgs/msg/gimbal_controls.hpp\n'}
[0.468631] (px4_msgs) StdoutLine: {'line': b'-- Up-to-date symlink: /home/lee/workspace/ros2_ex/install/px4_msgs/include/px4_msgs/px4_msgs/msg/gimbal_device_attitude_status.hpp\n'}
[0.468648] (px4_msgs) StdoutLine: {'line': b'-- Up-to-date symlink: /home/lee/workspace/ros2_ex/install/px4_msgs/include/px4_msgs/px4_msgs/msg/gimbal_device_information.hpp\n'}
[0.468667] (px4_msgs) StdoutLine: {'line': b'-- Up-to-date symlink: /home/lee/workspace/ros2_ex/install/px4_msgs/include/px4_msgs/px4_msgs/msg/gimbal_device_set_attitude.hpp\n'}
[0.468684] (px4_msgs) StdoutLine: {'line': b'-- Up-to-date symlink: /home/lee/workspace/ros2_ex/install/px4_msgs/include/px4_msgs/px4_msgs/msg/gimbal_manager_information.hpp\n'}
[0.468700] (px4_msgs) StdoutLine: {'line': b'-- Up-to-date symlink: /home/lee/workspace/ros2_ex/install/px4_msgs/include/px4_msgs/px4_msgs/msg/gimbal_manager_set_attitude.hpp\n'}
[0.468718] (px4_msgs) StdoutLine: {'line': b'-- Up-to-date symlink: /home/lee/workspace/ros2_ex/install/px4_msgs/include/px4_msgs/px4_msgs/msg/gimbal_manager_set_manual_control.hpp\n'}
[0.468734] (px4_msgs) StdoutLine: {'line': b'-- Up-to-date symlink: /home/lee/workspace/ros2_ex/install/px4_msgs/include/px4_msgs/px4_msgs/msg/gimbal_manager_status.hpp\n'}
[0.468750] (px4_msgs) StdoutLine: {'line': b'-- Up-to-date symlink: /home/lee/workspace/ros2_ex/install/px4_msgs/include/px4_msgs/px4_msgs/msg/goto_setpoint.hpp\n'}
[0.468767] (px4_msgs) StdoutLine: {'line': b'-- Up-to-date symlink: /home/lee/workspace/ros2_ex/install/px4_msgs/include/px4_msgs/px4_msgs/msg/gpio_config.hpp\n'}
[0.468784] (px4_msgs) StdoutLine: {'line': b'-- Up-to-date symlink: /home/lee/workspace/ros2_ex/install/px4_msgs/include/px4_msgs/px4_msgs/msg/gpio_in.hpp\n'}
[0.468802] (px4_msgs) StdoutLine: {'line': b'-- Up-to-date symlink: /home/lee/workspace/ros2_ex/install/px4_msgs/include/px4_msgs/px4_msgs/msg/gpio_out.hpp\n'}
[0.468819] (px4_msgs) StdoutLine: {'line': b'-- Up-to-date symlink: /home/lee/workspace/ros2_ex/install/px4_msgs/include/px4_msgs/px4_msgs/msg/gpio_request.hpp\n'}
[0.468835] (px4_msgs) StdoutLine: {'line': b'-- Up-to-date symlink: /home/lee/workspace/ros2_ex/install/px4_msgs/include/px4_msgs/px4_msgs/msg/gps_dump.hpp\n'}
[0.468852] (px4_msgs) StdoutLine: {'line': b'-- Up-to-date symlink: /home/lee/workspace/ros2_ex/install/px4_msgs/include/px4_msgs/px4_msgs/msg/gps_inject_data.hpp\n'}
[0.468868] (px4_msgs) StdoutLine: {'line': b'-- Up-to-date symlink: /home/lee/workspace/ros2_ex/install/px4_msgs/include/px4_msgs/px4_msgs/msg/gripper.hpp\n'}
[0.468885] (px4_msgs) StdoutLine: {'line': b'-- Up-to-date symlink: /home/lee/workspace/ros2_ex/install/px4_msgs/include/px4_msgs/px4_msgs/msg/health_report.hpp\n'}
[0.468901] (px4_msgs) StdoutLine: {'line': b'-- Up-to-date symlink: /home/lee/workspace/ros2_ex/install/px4_msgs/include/px4_msgs/px4_msgs/msg/heater_status.hpp\n'}
[0.468918] (px4_msgs) StdoutLine: {'line': b'-- Up-to-date symlink: /home/lee/workspace/ros2_ex/install/px4_msgs/include/px4_msgs/px4_msgs/msg/home_position.hpp\n'}
[0.468935] (px4_msgs) StdoutLine: {'line': b'-- Up-to-date symlink: /home/lee/workspace/ros2_ex/install/px4_msgs/include/px4_msgs/px4_msgs/msg/hover_thrust_estimate.hpp\n'}
[0.468951] (px4_msgs) StdoutLine: {'line': b'-- Up-to-date symlink: /home/lee/workspace/ros2_ex/install/px4_msgs/include/px4_msgs/px4_msgs/msg/input_rc.hpp\n'}
[0.468968] (px4_msgs) StdoutLine: {'line': b'-- Up-to-date symlink: /home/lee/workspace/ros2_ex/install/px4_msgs/include/px4_msgs/px4_msgs/msg/internal_combustion_engine_control.hpp\n'}
[0.468985] (px4_msgs) StdoutLine: {'line': b'-- Up-to-date symlink: /home/lee/workspace/ros2_ex/install/px4_msgs/include/px4_msgs/px4_msgs/msg/internal_combustion_engine_status.hpp\n'}
[0.469001] (px4_msgs) StdoutLine: {'line': b'-- Up-to-date symlink: /home/lee/workspace/ros2_ex/install/px4_msgs/include/px4_msgs/px4_msgs/msg/iridiumsbd_status.hpp\n'}
[0.469018] (px4_msgs) StdoutLine: {'line': b'-- Up-to-date symlink: /home/lee/workspace/ros2_ex/install/px4_msgs/include/px4_msgs/px4_msgs/msg/irlock_report.hpp\n'}
[0.469034] (px4_msgs) StdoutLine: {'line': b'-- Up-to-date symlink: /home/lee/workspace/ros2_ex/install/px4_msgs/include/px4_msgs/px4_msgs/msg/landing_gear.hpp\n'}
[0.469051] (px4_msgs) StdoutLine: {'line': b'-- Up-to-date symlink: /home/lee/workspace/ros2_ex/install/px4_msgs/include/px4_msgs/px4_msgs/msg/landing_gear_wheel.hpp\n'}
[0.469067] (px4_msgs) StdoutLine: {'line': b'-- Up-to-date symlink: /home/lee/workspace/ros2_ex/install/px4_msgs/include/px4_msgs/px4_msgs/msg/landing_target_innovations.hpp\n'}
[0.469084] (px4_msgs) StdoutLine: {'line': b'-- Up-to-date symlink: /home/lee/workspace/ros2_ex/install/px4_msgs/include/px4_msgs/px4_msgs/msg/landing_target_pose.hpp\n'}
[0.469101] (px4_msgs) StdoutLine: {'line': b'-- Up-to-date symlink: /home/lee/workspace/ros2_ex/install/px4_msgs/include/px4_msgs/px4_msgs/msg/lateral_control_configuration.hpp\n'}
[0.469117] (px4_msgs) StdoutLine: {'line': b'-- Up-to-date symlink: /home/lee/workspace/ros2_ex/install/px4_msgs/include/px4_msgs/px4_msgs/msg/launch_detection_status.hpp\n'}
[0.469135] (px4_msgs) StdoutLine: {'line': b'-- Up-to-date symlink: /home/lee/workspace/ros2_ex/install/px4_msgs/include/px4_msgs/px4_msgs/msg/led_control.hpp\n'}
[0.469151] (px4_msgs) StdoutLine: {'line': b'-- Up-to-date symlink: /home/lee/workspace/ros2_ex/install/px4_msgs/include/px4_msgs/px4_msgs/msg/log_message.hpp\n'}
[0.469168] (px4_msgs) StdoutLine: {'line': b'-- Up-to-date symlink: /home/lee/workspace/ros2_ex/install/px4_msgs/include/px4_msgs/px4_msgs/msg/logger_status.hpp\n'}
[0.469184] (px4_msgs) StdoutLine: {'line': b'-- Up-to-date symlink: /home/lee/workspace/ros2_ex/install/px4_msgs/include/px4_msgs/px4_msgs/msg/longitudinal_control_configuration.hpp\n'}
[0.469201] (px4_msgs) StdoutLine: {'line': b'-- Up-to-date symlink: /home/lee/workspace/ros2_ex/install/px4_msgs/include/px4_msgs/px4_msgs/msg/mag_worker_data.hpp\n'}
[0.469217] (px4_msgs) StdoutLine: {'line': b'-- Up-to-date symlink: /home/lee/workspace/ros2_ex/install/px4_msgs/include/px4_msgs/px4_msgs/msg/magnetometer_bias_estimate.hpp\n'}
[0.469236] (px4_msgs) StdoutLine: {'line': b'-- Up-to-date symlink: /home/lee/workspace/ros2_ex/install/px4_msgs/include/px4_msgs/px4_msgs/msg/manual_control_setpoint.hpp\n'}
[0.469253] (px4_msgs) StdoutLine: {'line': b'-- Up-to-date symlink: /home/lee/workspace/ros2_ex/install/px4_msgs/include/px4_msgs/px4_msgs/msg/manual_control_switches.hpp\n'}
[0.469269] (px4_msgs) StdoutLine: {'line': b'-- Up-to-date symlink: /home/lee/workspace/ros2_ex/install/px4_msgs/include/px4_msgs/px4_msgs/msg/mavlink_log.hpp\n'}
[0.469291] (px4_msgs) StdoutLine: {'line': b'-- Up-to-date symlink: /home/lee/workspace/ros2_ex/install/px4_msgs/include/px4_msgs/px4_msgs/msg/mavlink_tunnel.hpp\n'}
[0.469309] (px4_msgs) StdoutLine: {'line': b'-- Up-to-date symlink: /home/lee/workspace/ros2_ex/install/px4_msgs/include/px4_msgs/px4_msgs/msg/message_format_request.hpp\n'}
[0.469326] (px4_msgs) StdoutLine: {'line': b'-- Up-to-date symlink: /home/lee/workspace/ros2_ex/install/px4_msgs/include/px4_msgs/px4_msgs/msg/message_format_response.hpp\n'}
[0.469358] (px4_msgs) StdoutLine: {'line': b'-- Up-to-date symlink: /home/lee/workspace/ros2_ex/install/px4_msgs/include/px4_msgs/px4_msgs/msg/mission.hpp\n'}
[0.469387] (px4_msgs) StdoutLine: {'line': b'-- Up-to-date symlink: /home/lee/workspace/ros2_ex/install/px4_msgs/include/px4_msgs/px4_msgs/msg/mission_result.hpp\n'}
[0.469405] (px4_msgs) StdoutLine: {'line': b'-- Up-to-date symlink: /home/lee/workspace/ros2_ex/install/px4_msgs/include/px4_msgs/px4_msgs/msg/mode_completed.hpp\n'}
[0.469424] (px4_msgs) StdoutLine: {'line': b'-- Up-to-date symlink: /home/lee/workspace/ros2_ex/install/px4_msgs/include/px4_msgs/px4_msgs/msg/mount_orientation.hpp\n'}
[0.469443] (px4_msgs) StdoutLine: {'line': b'-- Up-to-date symlink: /home/lee/workspace/ros2_ex/install/px4_msgs/include/px4_msgs/px4_msgs/msg/navigator_mission_item.hpp\n'}
[0.469461] (px4_msgs) StdoutLine: {'line': b'-- Up-to-date symlink: /home/lee/workspace/ros2_ex/install/px4_msgs/include/px4_msgs/px4_msgs/msg/navigator_status.hpp\n'}
[0.469480] (px4_msgs) StdoutLine: {'line': b'-- Up-to-date symlink: /home/lee/workspace/ros2_ex/install/px4_msgs/include/px4_msgs/px4_msgs/msg/normalized_unsigned_setpoint.hpp\n'}
[0.469498] (px4_msgs) StdoutLine: {'line': b'-- Up-to-date symlink: /home/lee/workspace/ros2_ex/install/px4_msgs/include/px4_msgs/px4_msgs/msg/npfg_status.hpp\n'}
[0.469517] (px4_msgs) StdoutLine: {'line': b'-- Up-to-date symlink: /home/lee/workspace/ros2_ex/install/px4_msgs/include/px4_msgs/px4_msgs/msg/obstacle_distance.hpp\n'}
[0.469535] (px4_msgs) StdoutLine: {'line': b'-- Up-to-date symlink: /home/lee/workspace/ros2_ex/install/px4_msgs/include/px4_msgs/px4_msgs/msg/offboard_control_mode.hpp\n'}
[0.469553] (px4_msgs) StdoutLine: {'line': b'-- Up-to-date symlink: /home/lee/workspace/ros2_ex/install/px4_msgs/include/px4_msgs/px4_msgs/msg/onboard_computer_status.hpp\n'}
[0.469571] (px4_msgs) StdoutLine: {'line': b'-- Up-to-date symlink: /home/lee/workspace/ros2_ex/install/px4_msgs/include/px4_msgs/px4_msgs/msg/open_drone_id_arm_status.hpp\n'}
[0.469590] (px4_msgs) StdoutLine: {'line': b'-- Up-to-date symlink: /home/lee/workspace/ros2_ex/install/px4_msgs/include/px4_msgs/px4_msgs/msg/open_drone_id_operator_id.hpp\n'}
[0.469608] (px4_msgs) StdoutLine: {'line': b'-- Up-to-date symlink: /home/lee/workspace/ros2_ex/install/px4_msgs/include/px4_msgs/px4_msgs/msg/open_drone_id_self_id.hpp\n'}
[0.469627] (px4_msgs) StdoutLine: {'line': b'-- Up-to-date symlink: /home/lee/workspace/ros2_ex/install/px4_msgs/include/px4_msgs/px4_msgs/msg/open_drone_id_system.hpp\n'}
[0.469645] (px4_msgs) StdoutLine: {'line': b'-- Up-to-date symlink: /home/lee/workspace/ros2_ex/install/px4_msgs/include/px4_msgs/px4_msgs/msg/orb_test.hpp\n'}
[0.469663] (px4_msgs) StdoutLine: {'line': b'-- Up-to-date symlink: /home/lee/workspace/ros2_ex/install/px4_msgs/include/px4_msgs/px4_msgs/msg/orb_test_large.hpp\n'}
[0.469681] (px4_msgs) StdoutLine: {'line': b'-- Up-to-date symlink: /home/lee/workspace/ros2_ex/install/px4_msgs/include/px4_msgs/px4_msgs/msg/orb_test_medium.hpp\n'}
[0.469700] (px4_msgs) StdoutLine: {'line': b'-- Up-to-date symlink: /home/lee/workspace/ros2_ex/install/px4_msgs/include/px4_msgs/px4_msgs/msg/orbit_status.hpp\n'}
[0.469718] (px4_msgs) StdoutLine: {'line': b'-- Up-to-date symlink: /home/lee/workspace/ros2_ex/install/px4_msgs/include/px4_msgs/px4_msgs/msg/parameter_reset_request.hpp\n'}
[0.469737] (px4_msgs) StdoutLine: {'line': b'-- Up-to-date symlink: /home/lee/workspace/ros2_ex/install/px4_msgs/include/px4_msgs/px4_msgs/msg/parameter_set_used_request.hpp\n'}
[0.469755] (px4_msgs) StdoutLine: {'line': b'-- Up-to-date symlink: /home/lee/workspace/ros2_ex/install/px4_msgs/include/px4_msgs/px4_msgs/msg/parameter_set_value_request.hpp\n'}
[0.469773] (px4_msgs) StdoutLine: {'line': b'-- Up-to-date symlink: /home/lee/workspace/ros2_ex/install/px4_msgs/include/px4_msgs/px4_msgs/msg/parameter_set_value_response.hpp\n'}
[0.469791] (px4_msgs) StdoutLine: {'line': b'-- Up-to-date symlink: /home/lee/workspace/ros2_ex/install/px4_msgs/include/px4_msgs/px4_msgs/msg/parameter_update.hpp\n'}
[0.469810] (px4_msgs) StdoutLine: {'line': b'-- Up-to-date symlink: /home/lee/workspace/ros2_ex/install/px4_msgs/include/px4_msgs/px4_msgs/msg/ping.hpp\n'}
[0.469828] (px4_msgs) StdoutLine: {'line': b'-- Up-to-date symlink: /home/lee/workspace/ros2_ex/install/px4_msgs/include/px4_msgs/px4_msgs/msg/position_controller_landing_status.hpp\n'}
[0.469847] (px4_msgs) StdoutLine: {'line': b'-- Up-to-date symlink: /home/lee/workspace/ros2_ex/install/px4_msgs/include/px4_msgs/px4_msgs/msg/position_controller_status.hpp\n'}
[0.469866] (px4_msgs) StdoutLine: {'line': b'-- Up-to-date symlink: /home/lee/workspace/ros2_ex/install/px4_msgs/include/px4_msgs/px4_msgs/msg/position_setpoint.hpp\n'}
[0.469884] (px4_msgs) StdoutLine: {'line': b'-- Up-to-date symlink: /home/lee/workspace/ros2_ex/install/px4_msgs/include/px4_msgs/px4_msgs/msg/position_setpoint_triplet.hpp\n'}
[0.469903] (px4_msgs) StdoutLine: {'line': b'-- Up-to-date symlink: /home/lee/workspace/ros2_ex/install/px4_msgs/include/px4_msgs/px4_msgs/msg/power_button_state.hpp\n'}
[0.469922] (px4_msgs) StdoutLine: {'line': b'-- Up-to-date symlink: /home/lee/workspace/ros2_ex/install/px4_msgs/include/px4_msgs/px4_msgs/msg/power_monitor.hpp\n'}
[0.469940] (px4_msgs) StdoutLine: {'line': b'-- Up-to-date symlink: /home/lee/workspace/ros2_ex/install/px4_msgs/include/px4_msgs/px4_msgs/msg/pps_capture.hpp\n'}
[0.469957] (px4_msgs) StdoutLine: {'line': b'-- Up-to-date symlink: /home/lee/workspace/ros2_ex/install/px4_msgs/include/px4_msgs/px4_msgs/msg/pure_pursuit_status.hpp\n'}
[0.469976] (px4_msgs) StdoutLine: {'line': b'-- Up-to-date symlink: /home/lee/workspace/ros2_ex/install/px4_msgs/include/px4_msgs/px4_msgs/msg/pwm_input.hpp\n'}
[0.469995] (px4_msgs) StdoutLine: {'line': b'-- Up-to-date symlink: /home/lee/workspace/ros2_ex/install/px4_msgs/include/px4_msgs/px4_msgs/msg/px4io_status.hpp\n'}
[0.470013] (px4_msgs) StdoutLine: {'line': b'-- Up-to-date symlink: /home/lee/workspace/ros2_ex/install/px4_msgs/include/px4_msgs/px4_msgs/msg/qshell_req.hpp\n'}
[0.470032] (px4_msgs) StdoutLine: {'line': b'-- Up-to-date symlink: /home/lee/workspace/ros2_ex/install/px4_msgs/include/px4_msgs/px4_msgs/msg/qshell_retval.hpp\n'}
[0.470050] (px4_msgs) StdoutLine: {'line': b'-- Up-to-date symlink: /home/lee/workspace/ros2_ex/install/px4_msgs/include/px4_msgs/px4_msgs/msg/radio_status.hpp\n'}
[0.470068] (px4_msgs) StdoutLine: {'line': b'-- Up-to-date symlink: /home/lee/workspace/ros2_ex/install/px4_msgs/include/px4_msgs/px4_msgs/msg/rate_ctrl_status.hpp\n'}
[0.470086] (px4_msgs) StdoutLine: {'line': b'-- Up-to-date symlink: /home/lee/workspace/ros2_ex/install/px4_msgs/include/px4_msgs/px4_msgs/msg/rc_channels.hpp\n'}
[0.470105] (px4_msgs) StdoutLine: {'line': b'-- Up-to-date symlink: /home/lee/workspace/ros2_ex/install/px4_msgs/include/px4_msgs/px4_msgs/msg/rc_parameter_map.hpp\n'}
[0.470123] (px4_msgs) StdoutLine: {'line': b'-- Up-to-date symlink: /home/lee/workspace/ros2_ex/install/px4_msgs/include/px4_msgs/px4_msgs/msg/register_ext_component_reply.hpp\n'}
[0.470142] (px4_msgs) StdoutLine: {'line': b'-- Up-to-date symlink: /home/lee/workspace/ros2_ex/install/px4_msgs/include/px4_msgs/px4_msgs/msg/register_ext_component_request.hpp\n'}
[0.470159] (px4_msgs) StdoutLine: {'line': b'-- Up-to-date symlink: /home/lee/workspace/ros2_ex/install/px4_msgs/include/px4_msgs/px4_msgs/msg/rosidl_generator_cpp__visibility_control.hpp\n'}
[0.470178] (px4_msgs) StdoutLine: {'line': b'-- Up-to-date symlink: /home/lee/workspace/ros2_ex/install/px4_msgs/include/px4_msgs/px4_msgs/msg/rover_attitude_setpoint.hpp\n'}
[0.470196] (px4_msgs) StdoutLine: {'line': b'-- Up-to-date symlink: /home/lee/workspace/ros2_ex/install/px4_msgs/include/px4_msgs/px4_msgs/msg/rover_attitude_status.hpp\n'}
[0.470215] (px4_msgs) StdoutLine: {'line': b'-- Up-to-date symlink: /home/lee/workspace/ros2_ex/install/px4_msgs/include/px4_msgs/px4_msgs/msg/rover_position_setpoint.hpp\n'}
[0.470233] (px4_msgs) StdoutLine: {'line': b'-- Up-to-date symlink: /home/lee/workspace/ros2_ex/install/px4_msgs/include/px4_msgs/px4_msgs/msg/rover_rate_setpoint.hpp\n'}
[0.470251] (px4_msgs) StdoutLine: {'line': b'-- Up-to-date symlink: /home/lee/workspace/ros2_ex/install/px4_msgs/include/px4_msgs/px4_msgs/msg/rover_rate_status.hpp\n'}
[0.470270] (px4_msgs) StdoutLine: {'line': b'-- Up-to-date symlink: /home/lee/workspace/ros2_ex/install/px4_msgs/include/px4_msgs/px4_msgs/msg/rover_steering_setpoint.hpp\n'}
[0.470296] (px4_msgs) StdoutLine: {'line': b'-- Up-to-date symlink: /home/lee/workspace/ros2_ex/install/px4_msgs/include/px4_msgs/px4_msgs/msg/rover_throttle_setpoint.hpp\n'}
[0.470315] (px4_msgs) StdoutLine: {'line': b'-- Up-to-date symlink: /home/lee/workspace/ros2_ex/install/px4_msgs/include/px4_msgs/px4_msgs/msg/rover_velocity_setpoint.hpp\n'}
[0.470334] (px4_msgs) StdoutLine: {'line': b'-- Up-to-date symlink: /home/lee/workspace/ros2_ex/install/px4_msgs/include/px4_msgs/px4_msgs/msg/rover_velocity_status.hpp\n'}
[0.470368] (px4_msgs) StdoutLine: {'line': b'-- Up-to-date symlink: /home/lee/workspace/ros2_ex/install/px4_msgs/include/px4_msgs/px4_msgs/msg/rpm.hpp\n'}
[0.470387] (px4_msgs) StdoutLine: {'line': b'-- Up-to-date symlink: /home/lee/workspace/ros2_ex/install/px4_msgs/include/px4_msgs/px4_msgs/msg/rtl_status.hpp\n'}
[0.470405] (px4_msgs) StdoutLine: {'line': b'-- Up-to-date symlink: /home/lee/workspace/ros2_ex/install/px4_msgs/include/px4_msgs/px4_msgs/msg/rtl_time_estimate.hpp\n'}
[0.470423] (px4_msgs) StdoutLine: {'line': b'-- Up-to-date symlink: /home/lee/workspace/ros2_ex/install/px4_msgs/include/px4_msgs/px4_msgs/msg/satellite_info.hpp\n'}
[0.470441] (px4_msgs) StdoutLine: {'line': b'-- Up-to-date symlink: /home/lee/workspace/ros2_ex/install/px4_msgs/include/px4_msgs/px4_msgs/msg/sensor_accel.hpp\n'}
[0.470460] (px4_msgs) StdoutLine: {'line': b'-- Up-to-date symlink: /home/lee/workspace/ros2_ex/install/px4_msgs/include/px4_msgs/px4_msgs/msg/sensor_accel_fifo.hpp\n'}
[0.470478] (px4_msgs) StdoutLine: {'line': b'-- Up-to-date symlink: /home/lee/workspace/ros2_ex/install/px4_msgs/include/px4_msgs/px4_msgs/msg/sensor_airflow.hpp\n'}
[0.470496] (px4_msgs) StdoutLine: {'line': b'-- Up-to-date symlink: /home/lee/workspace/ros2_ex/install/px4_msgs/include/px4_msgs/px4_msgs/msg/sensor_baro.hpp\n'}
[0.470516] (px4_msgs) StdoutLine: {'line': b'-- Up-to-date symlink: /home/lee/workspace/ros2_ex/install/px4_msgs/include/px4_msgs/px4_msgs/msg/sensor_combined.hpp\n'}
[0.470536] (px4_msgs) StdoutLine: {'line': b'-- Up-to-date symlink: /home/lee/workspace/ros2_ex/install/px4_msgs/include/px4_msgs/px4_msgs/msg/sensor_correction.hpp\n'}
[0.470554] (px4_msgs) StdoutLine: {'line': b'-- Up-to-date symlink: /home/lee/workspace/ros2_ex/install/px4_msgs/include/px4_msgs/px4_msgs/msg/sensor_gnss_relative.hpp\n'}
[0.470573] (px4_msgs) StdoutLine: {'line': b'-- Up-to-date symlink: /home/lee/workspace/ros2_ex/install/px4_msgs/include/px4_msgs/px4_msgs/msg/sensor_gps.hpp\n'}
[0.470591] (px4_msgs) StdoutLine: {'line': b'-- Up-to-date symlink: /home/lee/workspace/ros2_ex/install/px4_msgs/include/px4_msgs/px4_msgs/msg/sensor_gyro.hpp\n'}
[0.470609] (px4_msgs) StdoutLine: {'line': b'-- Up-to-date symlink: /home/lee/workspace/ros2_ex/install/px4_msgs/include/px4_msgs/px4_msgs/msg/sensor_gyro_fft.hpp\n'}
[0.470628] (px4_msgs) StdoutLine: {'line': b'-- Up-to-date symlink: /home/lee/workspace/ros2_ex/install/px4_msgs/include/px4_msgs/px4_msgs/msg/sensor_gyro_fifo.hpp\n'}
[0.470646] (px4_msgs) StdoutLine: {'line': b'-- Up-to-date symlink: /home/lee/workspace/ros2_ex/install/px4_msgs/include/px4_msgs/px4_msgs/msg/sensor_hygrometer.hpp\n'}
[0.470664] (px4_msgs) StdoutLine: {'line': b'-- Up-to-date symlink: /home/lee/workspace/ros2_ex/install/px4_msgs/include/px4_msgs/px4_msgs/msg/sensor_mag.hpp\n'}
[0.470731] (px4_msgs) StdoutLine: {'line': b'-- Up-to-date symlink: /home/lee/workspace/ros2_ex/install/px4_msgs/include/px4_msgs/px4_msgs/msg/sensor_optical_flow.hpp\n'}
[0.470750] (px4_msgs) StdoutLine: {'line': b'-- Up-to-date symlink: /home/lee/workspace/ros2_ex/install/px4_msgs/include/px4_msgs/px4_msgs/msg/sensor_preflight_mag.hpp\n'}
[0.470769] (px4_msgs) StdoutLine: {'line': b'-- Up-to-date symlink: /home/lee/workspace/ros2_ex/install/px4_msgs/include/px4_msgs/px4_msgs/msg/sensor_selection.hpp\n'}
[0.470818] (px4_msgs) StdoutLine: {'line': b'-- Up-to-date symlink: /home/lee/workspace/ros2_ex/install/px4_msgs/include/px4_msgs/px4_msgs/msg/sensor_uwb.hpp\n'}
[0.470838] (px4_msgs) StdoutLine: {'line': b'-- Up-to-date symlink: /home/lee/workspace/ros2_ex/install/px4_msgs/include/px4_msgs/px4_msgs/msg/sensors_status.hpp\n'}
[0.470858] (px4_msgs) StdoutLine: {'line': b'-- Up-to-date symlink: /home/lee/workspace/ros2_ex/install/px4_msgs/include/px4_msgs/px4_msgs/msg/sensors_status_imu.hpp\n'}
[0.470877] (px4_msgs) StdoutLine: {'line': b'-- Up-to-date symlink: /home/lee/workspace/ros2_ex/install/px4_msgs/include/px4_msgs/px4_msgs/msg/system_power.hpp\n'}
[0.470896] (px4_msgs) StdoutLine: {'line': b'-- Up-to-date symlink: /home/lee/workspace/ros2_ex/install/px4_msgs/include/px4_msgs/px4_msgs/msg/takeoff_status.hpp\n'}
[0.470916] (px4_msgs) StdoutLine: {'line': b'-- Up-to-date symlink: /home/lee/workspace/ros2_ex/install/px4_msgs/include/px4_msgs/px4_msgs/msg/task_stack_info.hpp\n'}
[0.470934] (px4_msgs) StdoutLine: {'line': b'-- Up-to-date symlink: /home/lee/workspace/ros2_ex/install/px4_msgs/include/px4_msgs/px4_msgs/msg/tecs_status.hpp\n'}
[0.470953] (px4_msgs) StdoutLine: {'line': b'-- Up-to-date symlink: /home/lee/workspace/ros2_ex/install/px4_msgs/include/px4_msgs/px4_msgs/msg/telemetry_status.hpp\n'}
[0.470971] (px4_msgs) StdoutLine: {'line': b'-- Up-to-date symlink: /home/lee/workspace/ros2_ex/install/px4_msgs/include/px4_msgs/px4_msgs/msg/tiltrotor_extra_controls.hpp\n'}
[0.470990] (px4_msgs) StdoutLine: {'line': b'-- Up-to-date symlink: /home/lee/workspace/ros2_ex/install/px4_msgs/include/px4_msgs/px4_msgs/msg/timesync_status.hpp\n'}
[0.471010] (px4_msgs) StdoutLine: {'line': b'-- Up-to-date symlink: /home/lee/workspace/ros2_ex/install/px4_msgs/include/px4_msgs/px4_msgs/msg/trajectory_bezier.hpp\n'}
[0.471029] (px4_msgs) StdoutLine: {'line': b'-- Up-to-date symlink: /home/lee/workspace/ros2_ex/install/px4_msgs/include/px4_msgs/px4_msgs/msg/trajectory_setpoint.hpp\n'}
[0.471048] (px4_msgs) StdoutLine: {'line': b'-- Up-to-date symlink: /home/lee/workspace/ros2_ex/install/px4_msgs/include/px4_msgs/px4_msgs/msg/trajectory_setpoint6dof.hpp\n'}
[0.471066] (px4_msgs) StdoutLine: {'line': b'-- Up-to-date symlink: /home/lee/workspace/ros2_ex/install/px4_msgs/include/px4_msgs/px4_msgs/msg/trajectory_waypoint.hpp\n'}
[0.471085] (px4_msgs) StdoutLine: {'line': b'-- Up-to-date symlink: /home/lee/workspace/ros2_ex/install/px4_msgs/include/px4_msgs/px4_msgs/msg/transponder_report.hpp\n'}
[0.471104] (px4_msgs) StdoutLine: {'line': b'-- Up-to-date symlink: /home/lee/workspace/ros2_ex/install/px4_msgs/include/px4_msgs/px4_msgs/msg/tune_control.hpp\n'}
[0.471122] (px4_msgs) StdoutLine: {'line': b'-- Up-to-date symlink: /home/lee/workspace/ros2_ex/install/px4_msgs/include/px4_msgs/px4_msgs/msg/uavcan_parameter_request.hpp\n'}
[0.471141] (px4_msgs) StdoutLine: {'line': b'-- Up-to-date symlink: /home/lee/workspace/ros2_ex/install/px4_msgs/include/px4_msgs/px4_msgs/msg/uavcan_parameter_value.hpp\n'}
[0.471159] (px4_msgs) StdoutLine: {'line': b'-- Up-to-date symlink: /home/lee/workspace/ros2_ex/install/px4_msgs/include/px4_msgs/px4_msgs/msg/ulog_stream.hpp\n'}
[0.471178] (px4_msgs) StdoutLine: {'line': b'-- Up-to-date symlink: /home/lee/workspace/ros2_ex/install/px4_msgs/include/px4_msgs/px4_msgs/msg/ulog_stream_ack.hpp\n'}
[0.471196] (px4_msgs) StdoutLine: {'line': b'-- Up-to-date symlink: /home/lee/workspace/ros2_ex/install/px4_msgs/include/px4_msgs/px4_msgs/msg/unregister_ext_component.hpp\n'}
[0.471215] (px4_msgs) StdoutLine: {'line': b'-- Up-to-date symlink: /home/lee/workspace/ros2_ex/install/px4_msgs/include/px4_msgs/px4_msgs/msg/vehicle_acceleration.hpp\n'}
[0.471235] (px4_msgs) StdoutLine: {'line': b'-- Up-to-date symlink: /home/lee/workspace/ros2_ex/install/px4_msgs/include/px4_msgs/px4_msgs/msg/vehicle_air_data.hpp\n'}
[0.471254] (px4_msgs) StdoutLine: {'line': b'-- Up-to-date symlink: /home/lee/workspace/ros2_ex/install/px4_msgs/include/px4_msgs/px4_msgs/msg/vehicle_angular_acceleration_setpoint.hpp\n'}
[0.471272] (px4_msgs) StdoutLine: {'line': b'-- Up-to-date symlink: /home/lee/workspace/ros2_ex/install/px4_msgs/include/px4_msgs/px4_msgs/msg/vehicle_angular_velocity.hpp\n'}
[0.471298] (px4_msgs) StdoutLine: {'line': b'-- Up-to-date symlink: /home/lee/workspace/ros2_ex/install/px4_msgs/include/px4_msgs/px4_msgs/msg/vehicle_attitude.hpp\n'}
[0.471319] (px4_msgs) StdoutLine: {'line': b'-- Up-to-date symlink: /home/lee/workspace/ros2_ex/install/px4_msgs/include/px4_msgs/px4_msgs/msg/vehicle_attitude_setpoint.hpp\n'}
[0.471337] (px4_msgs) StdoutLine: {'line': b'-- Up-to-date symlink: /home/lee/workspace/ros2_ex/install/px4_msgs/include/px4_msgs/px4_msgs/msg/vehicle_command.hpp\n'}
[0.471355] (px4_msgs) StdoutLine: {'line': b'-- Up-to-date symlink: /home/lee/workspace/ros2_ex/install/px4_msgs/include/px4_msgs/px4_msgs/msg/vehicle_command_ack.hpp\n'}
[0.471374] (px4_msgs) StdoutLine: {'line': b'-- Up-to-date symlink: /home/lee/workspace/ros2_ex/install/px4_msgs/include/px4_msgs/px4_msgs/msg/vehicle_constraints.hpp\n'}
[0.471393] (px4_msgs) StdoutLine: {'line': b'-- Up-to-date symlink: /home/lee/workspace/ros2_ex/install/px4_msgs/include/px4_msgs/px4_msgs/msg/vehicle_control_mode.hpp\n'}
[0.471411] (px4_msgs) StdoutLine: {'line': b'-- Up-to-date symlink: /home/lee/workspace/ros2_ex/install/px4_msgs/include/px4_msgs/px4_msgs/msg/vehicle_global_position.hpp\n'}
[0.471430] (px4_msgs) StdoutLine: {'line': b'-- Up-to-date symlink: /home/lee/workspace/ros2_ex/install/px4_msgs/include/px4_msgs/px4_msgs/msg/vehicle_imu.hpp\n'}
[0.471448] (px4_msgs) StdoutLine: {'line': b'-- Up-to-date symlink: /home/lee/workspace/ros2_ex/install/px4_msgs/include/px4_msgs/px4_msgs/msg/vehicle_imu_status.hpp\n'}
[0.471466] (px4_msgs) StdoutLine: {'line': b'-- Up-to-date symlink: /home/lee/workspace/ros2_ex/install/px4_msgs/include/px4_msgs/px4_msgs/msg/vehicle_land_detected.hpp\n'}
[0.471536] (px4_msgs) StdoutLine: {'line': b'-- Up-to-date symlink: /home/lee/workspace/ros2_ex/install/px4_msgs/include/px4_msgs/px4_msgs/msg/vehicle_local_position.hpp\n'}
[0.471555] (px4_msgs) StdoutLine: {'line': b'-- Up-to-date symlink: /home/lee/workspace/ros2_ex/install/px4_msgs/include/px4_msgs/px4_msgs/msg/vehicle_local_position_setpoint.hpp\n'}
[0.471575] (px4_msgs) StdoutLine: {'line': b'-- Up-to-date symlink: /home/lee/workspace/ros2_ex/install/px4_msgs/include/px4_msgs/px4_msgs/msg/vehicle_magnetometer.hpp\n'}
[0.471594] (px4_msgs) StdoutLine: {'line': b'-- Up-to-date symlink: /home/lee/workspace/ros2_ex/install/px4_msgs/include/px4_msgs/px4_msgs/msg/vehicle_odometry.hpp\n'}
[0.471613] (px4_msgs) StdoutLine: {'line': b'-- Up-to-date symlink: /home/lee/workspace/ros2_ex/install/px4_msgs/include/px4_msgs/px4_msgs/msg/vehicle_optical_flow.hpp\n'}
[0.471631] (px4_msgs) StdoutLine: {'line': b'-- Up-to-date symlink: /home/lee/workspace/ros2_ex/install/px4_msgs/include/px4_msgs/px4_msgs/msg/vehicle_optical_flow_vel.hpp\n'}
[0.471650] (px4_msgs) StdoutLine: {'line': b'-- Up-to-date symlink: /home/lee/workspace/ros2_ex/install/px4_msgs/include/px4_msgs/px4_msgs/msg/vehicle_rates_setpoint.hpp\n'}
[0.471669] (px4_msgs) StdoutLine: {'line': b'-- Up-to-date symlink: /home/lee/workspace/ros2_ex/install/px4_msgs/include/px4_msgs/px4_msgs/msg/vehicle_roi.hpp\n'}
[0.471687] (px4_msgs) StdoutLine: {'line': b'-- Up-to-date symlink: /home/lee/workspace/ros2_ex/install/px4_msgs/include/px4_msgs/px4_msgs/msg/vehicle_status.hpp\n'}
[0.471706] (px4_msgs) StdoutLine: {'line': b'-- Up-to-date symlink: /home/lee/workspace/ros2_ex/install/px4_msgs/include/px4_msgs/px4_msgs/msg/vehicle_thrust_setpoint.hpp\n'}
[0.471725] (px4_msgs) StdoutLine: {'line': b'-- Up-to-date symlink: /home/lee/workspace/ros2_ex/install/px4_msgs/include/px4_msgs/px4_msgs/msg/vehicle_torque_setpoint.hpp\n'}
[0.471744] (px4_msgs) StdoutLine: {'line': b'-- Up-to-date symlink: /home/lee/workspace/ros2_ex/install/px4_msgs/include/px4_msgs/px4_msgs/msg/vehicle_trajectory_bezier.hpp\n'}
[0.471762] (px4_msgs) StdoutLine: {'line': b'-- Up-to-date symlink: /home/lee/workspace/ros2_ex/install/px4_msgs/include/px4_msgs/px4_msgs/msg/vehicle_trajectory_waypoint.hpp\n'}
[0.471781] (px4_msgs) StdoutLine: {'line': b'-- Up-to-date symlink: /home/lee/workspace/ros2_ex/install/px4_msgs/include/px4_msgs/px4_msgs/msg/velocity_limits.hpp\n'}
[0.471799] (px4_msgs) StdoutLine: {'line': b'-- Up-to-date symlink: /home/lee/workspace/ros2_ex/install/px4_msgs/include/px4_msgs/px4_msgs/msg/vtol_vehicle_status.hpp\n'}
[0.471819] (px4_msgs) StdoutLine: {'line': b'-- Up-to-date symlink: /home/lee/workspace/ros2_ex/install/px4_msgs/include/px4_msgs/px4_msgs/msg/wheel_encoders.hpp\n'}
[0.471846] (px4_msgs) StdoutLine: {'line': b'-- Up-to-date symlink: /home/lee/workspace/ros2_ex/install/px4_msgs/include/px4_msgs/px4_msgs/msg/wind.hpp\n'}
[0.471883] (px4_msgs) StdoutLine: {'line': b'-- Up-to-date symlink: /home/lee/workspace/ros2_ex/install/px4_msgs/include/px4_msgs/px4_msgs/msg/yaw_estimator_status.hpp\n'}
[0.471903] (px4_msgs) StdoutLine: {'line': b'-- Up-to-date symlink: /home/lee/workspace/ros2_ex/install/px4_msgs/include/px4_msgs/px4_msgs/srv/detail/vehicle_command__builder.hpp\n'}
[0.471923] (px4_msgs) StdoutLine: {'line': b'-- Up-to-date symlink: /home/lee/workspace/ros2_ex/install/px4_msgs/include/px4_msgs/px4_msgs/srv/detail/vehicle_command__struct.hpp\n'}
[0.471942] (px4_msgs) StdoutLine: {'line': b'-- Up-to-date symlink: /home/lee/workspace/ros2_ex/install/px4_msgs/include/px4_msgs/px4_msgs/srv/detail/vehicle_command__traits.hpp\n'}
[0.471964] (px4_msgs) StdoutLine: {'line': b'-- Up-to-date symlink: /home/lee/workspace/ros2_ex/install/px4_msgs/include/px4_msgs/px4_msgs/srv/detail/vehicle_command__type_support.hpp\n'}
[0.471983] (px4_msgs) StdoutLine: {'line': b'-- Up-to-date symlink: /home/lee/workspace/ros2_ex/install/px4_msgs/include/px4_msgs/px4_msgs/srv/vehicle_command.hpp\n'}
[0.472001] (px4_msgs) StdoutLine: {'line': b'-- Up-to-date symlink: /home/lee/workspace/ros2_ex/install/px4_msgs/include/px4_msgs/px4_msgs/msg/detail/action_request__rosidl_typesupport_fastrtps_cpp.hpp\n'}
[0.472020] (px4_msgs) StdoutLine: {'line': b'-- Up-to-date symlink: /home/lee/workspace/ros2_ex/install/px4_msgs/include/px4_msgs/px4_msgs/msg/detail/actuator_armed__rosidl_typesupport_fastrtps_cpp.hpp\n'}
[0.472040] (px4_msgs) StdoutLine: {'line': b'-- Up-to-date symlink: /home/lee/workspace/ros2_ex/install/px4_msgs/include/px4_msgs/px4_msgs/msg/detail/actuator_controls_status__rosidl_typesupport_fastrtps_cpp.hpp\n'}
[0.472059] (px4_msgs) StdoutLine: {'line': b'-- Up-to-date symlink: /home/lee/workspace/ros2_ex/install/px4_msgs/include/px4_msgs/px4_msgs/msg/detail/actuator_motors__rosidl_typesupport_fastrtps_cpp.hpp\n'}
[0.472078] (px4_msgs) StdoutLine: {'line': b'-- Up-to-date symlink: /home/lee/workspace/ros2_ex/install/px4_msgs/include/px4_msgs/px4_msgs/msg/detail/actuator_outputs__rosidl_typesupport_fastrtps_cpp.hpp\n'}
[0.472097] (px4_msgs) StdoutLine: {'line': b'-- Up-to-date symlink: /home/lee/workspace/ros2_ex/install/px4_msgs/include/px4_msgs/px4_msgs/msg/detail/actuator_servos__rosidl_typesupport_fastrtps_cpp.hpp\n'}
[0.472116] (px4_msgs) StdoutLine: {'line': b'-- Up-to-date symlink: /home/lee/workspace/ros2_ex/install/px4_msgs/include/px4_msgs/px4_msgs/msg/detail/actuator_servos_trim__rosidl_typesupport_fastrtps_cpp.hpp\n'}
[0.472146] (px4_msgs) StdoutLine: {'line': b'-- Up-to-date symlink: /home/lee/workspace/ros2_ex/install/px4_msgs/include/px4_msgs/px4_msgs/msg/detail/actuator_test__rosidl_typesupport_fastrtps_cpp.hpp\n'}
[0.472183] (px4_msgs) StdoutLine: {'line': b'-- Up-to-date symlink: /home/lee/workspace/ros2_ex/install/px4_msgs/include/px4_msgs/px4_msgs/msg/detail/adc_report__rosidl_typesupport_fastrtps_cpp.hpp\n'}
[0.472203] (px4_msgs) StdoutLine: {'line': b'-- Up-to-date symlink: /home/lee/workspace/ros2_ex/install/px4_msgs/include/px4_msgs/px4_msgs/msg/detail/airspeed__rosidl_typesupport_fastrtps_cpp.hpp\n'}
[0.472231] (px4_msgs) StdoutLine: {'line': b'-- Up-to-date symlink: /home/lee/workspace/ros2_ex/install/px4_msgs/include/px4_msgs/px4_msgs/msg/detail/airspeed_validated__rosidl_typesupport_fastrtps_cpp.hpp\n'}
[0.472270] (px4_msgs) StdoutLine: {'line': b'-- Up-to-date symlink: /home/lee/workspace/ros2_ex/install/px4_msgs/include/px4_msgs/px4_msgs/msg/detail/airspeed_wind__rosidl_typesupport_fastrtps_cpp.hpp\n'}
[0.472294] (px4_msgs) StdoutLine: {'line': b'-- Up-to-date symlink: /home/lee/workspace/ros2_ex/install/px4_msgs/include/px4_msgs/px4_msgs/msg/detail/arming_check_reply__rosidl_typesupport_fastrtps_cpp.hpp\n'}
[0.472324] (px4_msgs) StdoutLine: {'line': b'-- Up-to-date symlink: /home/lee/workspace/ros2_ex/install/px4_msgs/include/px4_msgs/px4_msgs/msg/detail/arming_check_request__rosidl_typesupport_fastrtps_cpp.hpp\n'}
[0.472351] (px4_msgs) StdoutLine: {'line': b'-- Up-to-date symlink: /home/lee/workspace/ros2_ex/install/px4_msgs/include/px4_msgs/px4_msgs/msg/detail/autotune_attitude_control_status__rosidl_typesupport_fastrtps_cpp.hpp\n'}
[0.472377] (px4_msgs) StdoutLine: {'line': b'-- Up-to-date symlink: /home/lee/workspace/ros2_ex/install/px4_msgs/include/px4_msgs/px4_msgs/msg/detail/battery_info__rosidl_typesupport_fastrtps_cpp.hpp\n'}
[0.472395] (px4_msgs) StdoutLine: {'line': b'-- Up-to-date symlink: /home/lee/workspace/ros2_ex/install/px4_msgs/include/px4_msgs/px4_msgs/msg/detail/battery_status__rosidl_typesupport_fastrtps_cpp.hpp\n'}
[0.472422] (px4_msgs) StdoutLine: {'line': b'-- Up-to-date symlink: /home/lee/workspace/ros2_ex/install/px4_msgs/include/px4_msgs/px4_msgs/msg/detail/button_event__rosidl_typesupport_fastrtps_cpp.hpp\n'}
[0.472449] (px4_msgs) StdoutLine: {'line': b'-- Up-to-date symlink: /home/lee/workspace/ros2_ex/install/px4_msgs/include/px4_msgs/px4_msgs/msg/detail/camera_capture__rosidl_typesupport_fastrtps_cpp.hpp\n'}
[0.472476] (px4_msgs) StdoutLine: {'line': b'-- Up-to-date symlink: /home/lee/workspace/ros2_ex/install/px4_msgs/include/px4_msgs/px4_msgs/msg/detail/camera_status__rosidl_typesupport_fastrtps_cpp.hpp\n'}
[0.472494] (px4_msgs) StdoutLine: {'line': b'-- Up-to-date symlink: /home/lee/workspace/ros2_ex/install/px4_msgs/include/px4_msgs/px4_msgs/msg/detail/camera_trigger__rosidl_typesupport_fastrtps_cpp.hpp\n'}
[0.472514] (px4_msgs) StdoutLine: {'line': b'-- Up-to-date symlink: /home/lee/workspace/ros2_ex/install/px4_msgs/include/px4_msgs/px4_msgs/msg/detail/can_interface_status__rosidl_typesupport_fastrtps_cpp.hpp\n'}
[0.472533] (px4_msgs) StdoutLine: {'line': b'-- Up-to-date symlink: /home/lee/workspace/ros2_ex/install/px4_msgs/include/px4_msgs/px4_msgs/msg/detail/cellular_status__rosidl_typesupport_fastrtps_cpp.hpp\n'}
[0.472553] (px4_msgs) StdoutLine: {'line': b'-- Up-to-date symlink: /home/lee/workspace/ros2_ex/install/px4_msgs/include/px4_msgs/px4_msgs/msg/detail/collision_constraints__rosidl_typesupport_fastrtps_cpp.hpp\n'}
[0.472574] (px4_msgs) StdoutLine: {'line': b'-- Up-to-date symlink: /home/lee/workspace/ros2_ex/install/px4_msgs/include/px4_msgs/px4_msgs/msg/detail/collision_report__rosidl_typesupport_fastrtps_cpp.hpp\n'}
[0.472593] (px4_msgs) StdoutLine: {'line': b'-- Up-to-date symlink: /home/lee/workspace/ros2_ex/install/px4_msgs/include/px4_msgs/px4_msgs/msg/detail/config_overrides__rosidl_typesupport_fastrtps_cpp.hpp\n'}
[0.472611] (px4_msgs) StdoutLine: {'line': b'-- Up-to-date symlink: /home/lee/workspace/ros2_ex/install/px4_msgs/include/px4_msgs/px4_msgs/msg/detail/control_allocator_status__rosidl_typesupport_fastrtps_cpp.hpp\n'}
[0.472634] (px4_msgs) StdoutLine: {'line': b'-- Up-to-date symlink: /home/lee/workspace/ros2_ex/install/px4_msgs/include/px4_msgs/px4_msgs/msg/detail/cpuload__rosidl_typesupport_fastrtps_cpp.hpp\n'}
[0.472667] (px4_msgs) StdoutLine: {'line': b'-- Up-to-date symlink: /home/lee/workspace/ros2_ex/install/px4_msgs/include/px4_msgs/px4_msgs/msg/detail/dataman_request__rosidl_typesupport_fastrtps_cpp.hpp\n'}
[0.472686] (px4_msgs) StdoutLine: {'line': b'-- Up-to-date symlink: /home/lee/workspace/ros2_ex/install/px4_msgs/include/px4_msgs/px4_msgs/msg/detail/dataman_response__rosidl_typesupport_fastrtps_cpp.hpp\n'}
[0.472705] (px4_msgs) StdoutLine: {'line': b'-- Up-to-date symlink: /home/lee/workspace/ros2_ex/install/px4_msgs/include/px4_msgs/px4_msgs/msg/detail/debug_array__rosidl_typesupport_fastrtps_cpp.hpp\n'}
[0.472742] (px4_msgs) StdoutLine: {'line': b'-- Up-to-date symlink: /home/lee/workspace/ros2_ex/install/px4_msgs/include/px4_msgs/px4_msgs/msg/detail/debug_key_value__rosidl_typesupport_fastrtps_cpp.hpp\n'}
[0.472761] (px4_msgs) StdoutLine: {'line': b'-- Up-to-date symlink: /home/lee/workspace/ros2_ex/install/px4_msgs/include/px4_msgs/px4_msgs/msg/detail/debug_value__rosidl_typesupport_fastrtps_cpp.hpp\n'}
[0.472792] (px4_msgs) StdoutLine: {'line': b'-- Up-to-date symlink: /home/lee/workspace/ros2_ex/install/px4_msgs/include/px4_msgs/px4_msgs/msg/detail/debug_vect__rosidl_typesupport_fastrtps_cpp.hpp\n'}
[0.472811] (px4_msgs) StdoutLine: {'line': b'-- Up-to-date symlink: /home/lee/workspace/ros2_ex/install/px4_msgs/include/px4_msgs/px4_msgs/msg/detail/differential_pressure__rosidl_typesupport_fastrtps_cpp.hpp\n'}
[0.472851] (px4_msgs) StdoutLine: {'line': b'-- Up-to-date symlink: /home/lee/workspace/ros2_ex/install/px4_msgs/include/px4_msgs/px4_msgs/msg/detail/distance_sensor__rosidl_typesupport_fastrtps_cpp.hpp\n'}
[0.472869] (px4_msgs) StdoutLine: {'line': b'-- Up-to-date symlink: /home/lee/workspace/ros2_ex/install/px4_msgs/include/px4_msgs/px4_msgs/msg/detail/distance_sensor_mode_change_request__rosidl_typesupport_fastrtps_cpp.hpp\n'}
[0.472896] (px4_msgs) StdoutLine: {'line': b'-- Up-to-date symlink: /home/lee/workspace/ros2_ex/install/px4_msgs/include/px4_msgs/px4_msgs/msg/detail/dronecan_node_status__rosidl_typesupport_fastrtps_cpp.hpp\n'}
[0.472916] (px4_msgs) StdoutLine: {'line': b'-- Up-to-date symlink: /home/lee/workspace/ros2_ex/install/px4_msgs/include/px4_msgs/px4_msgs/msg/detail/ekf2_timestamps__rosidl_typesupport_fastrtps_cpp.hpp\n'}
[0.472935] (px4_msgs) StdoutLine: {'line': b'-- Up-to-date symlink: /home/lee/workspace/ros2_ex/install/px4_msgs/include/px4_msgs/px4_msgs/msg/detail/esc_report__rosidl_typesupport_fastrtps_cpp.hpp\n'}
[0.472954] (px4_msgs) StdoutLine: {'line': b'-- Up-to-date symlink: /home/lee/workspace/ros2_ex/install/px4_msgs/include/px4_msgs/px4_msgs/msg/detail/esc_status__rosidl_typesupport_fastrtps_cpp.hpp\n'}
[0.472973] (px4_msgs) StdoutLine: {'line': b'-- Up-to-date symlink: /home/lee/workspace/ros2_ex/install/px4_msgs/include/px4_msgs/px4_msgs/msg/detail/estimator_aid_source1d__rosidl_typesupport_fastrtps_cpp.hpp\n'}
[0.472991] (px4_msgs) StdoutLine: {'line': b'-- Up-to-date symlink: /home/lee/workspace/ros2_ex/install/px4_msgs/include/px4_msgs/px4_msgs/msg/detail/estimator_aid_source2d__rosidl_typesupport_fastrtps_cpp.hpp\n'}
[0.473010] (px4_msgs) StdoutLine: {'line': b'-- Up-to-date symlink: /home/lee/workspace/ros2_ex/install/px4_msgs/include/px4_msgs/px4_msgs/msg/detail/estimator_aid_source3d__rosidl_typesupport_fastrtps_cpp.hpp\n'}
[0.473029] (px4_msgs) StdoutLine: {'line': b'-- Up-to-date symlink: /home/lee/workspace/ros2_ex/install/px4_msgs/include/px4_msgs/px4_msgs/msg/detail/estimator_bias3d__rosidl_typesupport_fastrtps_cpp.hpp\n'}
[0.473048] (px4_msgs) StdoutLine: {'line': b'-- Up-to-date symlink: /home/lee/workspace/ros2_ex/install/px4_msgs/include/px4_msgs/px4_msgs/msg/detail/estimator_bias__rosidl_typesupport_fastrtps_cpp.hpp\n'}
[0.473066] (px4_msgs) StdoutLine: {'line': b'-- Up-to-date symlink: /home/lee/workspace/ros2_ex/install/px4_msgs/include/px4_msgs/px4_msgs/msg/detail/estimator_event_flags__rosidl_typesupport_fastrtps_cpp.hpp\n'}
[0.473084] (px4_msgs) StdoutLine: {'line': b'-- Up-to-date symlink: /home/lee/workspace/ros2_ex/install/px4_msgs/include/px4_msgs/px4_msgs/msg/detail/estimator_gps_status__rosidl_typesupport_fastrtps_cpp.hpp\n'}
[0.473102] (px4_msgs) StdoutLine: {'line': b'-- Up-to-date symlink: /home/lee/workspace/ros2_ex/install/px4_msgs/include/px4_msgs/px4_msgs/msg/detail/estimator_innovations__rosidl_typesupport_fastrtps_cpp.hpp\n'}
[0.473123] (px4_msgs) StdoutLine: {'line': b'-- Up-to-date symlink: /home/lee/workspace/ros2_ex/install/px4_msgs/include/px4_msgs/px4_msgs/msg/detail/estimator_selector_status__rosidl_typesupport_fastrtps_cpp.hpp\n'}
[0.473143] (px4_msgs) StdoutLine: {'line': b'-- Up-to-date symlink: /home/lee/workspace/ros2_ex/install/px4_msgs/include/px4_msgs/px4_msgs/msg/detail/estimator_sensor_bias__rosidl_typesupport_fastrtps_cpp.hpp\n'}
[0.473162] (px4_msgs) StdoutLine: {'line': b'-- Up-to-date symlink: /home/lee/workspace/ros2_ex/install/px4_msgs/include/px4_msgs/px4_msgs/msg/detail/estimator_states__rosidl_typesupport_fastrtps_cpp.hpp\n'}
[0.473182] (px4_msgs) StdoutLine: {'line': b'-- Up-to-date symlink: /home/lee/workspace/ros2_ex/install/px4_msgs/include/px4_msgs/px4_msgs/msg/detail/estimator_status__rosidl_typesupport_fastrtps_cpp.hpp\n'}
[0.473201] (px4_msgs) StdoutLine: {'line': b'-- Up-to-date symlink: /home/lee/workspace/ros2_ex/install/px4_msgs/include/px4_msgs/px4_msgs/msg/detail/estimator_status_flags__rosidl_typesupport_fastrtps_cpp.hpp\n'}
[0.473230] (px4_msgs) StdoutLine: {'line': b'-- Up-to-date symlink: /home/lee/workspace/ros2_ex/install/px4_msgs/include/px4_msgs/px4_msgs/msg/detail/event__rosidl_typesupport_fastrtps_cpp.hpp\n'}
[0.473248] (px4_msgs) StdoutLine: {'line': b'-- Up-to-date symlink: /home/lee/workspace/ros2_ex/install/px4_msgs/include/px4_msgs/px4_msgs/msg/detail/failsafe_flags__rosidl_typesupport_fastrtps_cpp.hpp\n'}
[0.473267] (px4_msgs) StdoutLine: {'line': b'-- Up-to-date symlink: /home/lee/workspace/ros2_ex/install/px4_msgs/include/px4_msgs/px4_msgs/msg/detail/failure_detector_status__rosidl_typesupport_fastrtps_cpp.hpp\n'}
[0.473291] (px4_msgs) StdoutLine: {'line': b'-- Up-to-date symlink: /home/lee/workspace/ros2_ex/install/px4_msgs/include/px4_msgs/px4_msgs/msg/detail/figure_eight_status__rosidl_typesupport_fastrtps_cpp.hpp\n'}
[0.473311] (px4_msgs) StdoutLine: {'line': b'-- Up-to-date symlink: /home/lee/workspace/ros2_ex/install/px4_msgs/include/px4_msgs/px4_msgs/msg/detail/fixed_wing_lateral_guidance_status__rosidl_typesupport_fastrtps_cpp.hpp\n'}
[0.473353] (px4_msgs) StdoutLine: {'line': b'-- Up-to-date symlink: /home/lee/workspace/ros2_ex/install/px4_msgs/include/px4_msgs/px4_msgs/msg/detail/fixed_wing_lateral_setpoint__rosidl_typesupport_fastrtps_cpp.hpp\n'}
[0.473383] (px4_msgs) StdoutLine: {'line': b'-- Up-to-date symlink: /home/lee/workspace/ros2_ex/install/px4_msgs/include/px4_msgs/px4_msgs/msg/detail/fixed_wing_lateral_status__rosidl_typesupport_fastrtps_cpp.hpp\n'}
[0.473423] (px4_msgs) StdoutLine: {'line': b'-- Up-to-date symlink: /home/lee/workspace/ros2_ex/install/px4_msgs/include/px4_msgs/px4_msgs/msg/detail/fixed_wing_longitudinal_setpoint__rosidl_typesupport_fastrtps_cpp.hpp\n'}
[0.473441] (px4_msgs) StdoutLine: {'line': b'-- Up-to-date symlink: /home/lee/workspace/ros2_ex/install/px4_msgs/include/px4_msgs/px4_msgs/msg/detail/fixed_wing_runway_control__rosidl_typesupport_fastrtps_cpp.hpp\n'}
[0.473460] (px4_msgs) StdoutLine: {'line': b'-- Up-to-date symlink: /home/lee/workspace/ros2_ex/install/px4_msgs/include/px4_msgs/px4_msgs/msg/detail/flight_phase_estimation__rosidl_typesupport_fastrtps_cpp.hpp\n'}
[0.473492] (px4_msgs) StdoutLine: {'line': b'-- Up-to-date symlink: /home/lee/workspace/ros2_ex/install/px4_msgs/include/px4_msgs/px4_msgs/msg/detail/follow_target__rosidl_typesupport_fastrtps_cpp.hpp\n'}
[0.473510] (px4_msgs) StdoutLine: {'line': b'-- Up-to-date symlink: /home/lee/workspace/ros2_ex/install/px4_msgs/include/px4_msgs/px4_msgs/msg/detail/follow_target_estimator__rosidl_typesupport_fastrtps_cpp.hpp\n'}
[0.473529] (px4_msgs) StdoutLine: {'line': b'-- Up-to-date symlink: /home/lee/workspace/ros2_ex/install/px4_msgs/include/px4_msgs/px4_msgs/msg/detail/follow_target_status__rosidl_typesupport_fastrtps_cpp.hpp\n'}
[0.473548] (px4_msgs) StdoutLine: {'line': b'-- Up-to-date symlink: /home/lee/workspace/ros2_ex/install/px4_msgs/include/px4_msgs/px4_msgs/msg/detail/fuel_tank_status__rosidl_typesupport_fastrtps_cpp.hpp\n'}
[0.473567] (px4_msgs) StdoutLine: {'line': b'-- Up-to-date symlink: /home/lee/workspace/ros2_ex/install/px4_msgs/include/px4_msgs/px4_msgs/msg/detail/generator_status__rosidl_typesupport_fastrtps_cpp.hpp\n'}
[0.473585] (px4_msgs) StdoutLine: {'line': b'-- Up-to-date symlink: /home/lee/workspace/ros2_ex/install/px4_msgs/include/px4_msgs/px4_msgs/msg/detail/geofence_result__rosidl_typesupport_fastrtps_cpp.hpp\n'}
[0.473612] (px4_msgs) StdoutLine: {'line': b'-- Up-to-date symlink: /home/lee/workspace/ros2_ex/install/px4_msgs/include/px4_msgs/px4_msgs/msg/detail/geofence_status__rosidl_typesupport_fastrtps_cpp.hpp\n'}
[0.473650] (px4_msgs) StdoutLine: {'line': b'-- Up-to-date symlink: /home/lee/workspace/ros2_ex/install/px4_msgs/include/px4_msgs/px4_msgs/msg/detail/gimbal_controls__rosidl_typesupport_fastrtps_cpp.hpp\n'}
[0.473667] (px4_msgs) StdoutLine: {'line': b'-- Up-to-date symlink: /home/lee/workspace/ros2_ex/install/px4_msgs/include/px4_msgs/px4_msgs/msg/detail/gimbal_device_attitude_status__rosidl_typesupport_fastrtps_cpp.hpp\n'}
[0.473687] (px4_msgs) StdoutLine: {'line': b'-- Up-to-date symlink: /home/lee/workspace/ros2_ex/install/px4_msgs/include/px4_msgs/px4_msgs/msg/detail/gimbal_device_information__rosidl_typesupport_fastrtps_cpp.hpp\n'}
[0.473720] (px4_msgs) StdoutLine: {'line': b'-- Up-to-date symlink: /home/lee/workspace/ros2_ex/install/px4_msgs/include/px4_msgs/px4_msgs/msg/detail/gimbal_device_set_attitude__rosidl_typesupport_fastrtps_cpp.hpp\n'}
[0.473741] (px4_msgs) StdoutLine: {'line': b'-- Up-to-date symlink: /home/lee/workspace/ros2_ex/install/px4_msgs/include/px4_msgs/px4_msgs/msg/detail/gimbal_manager_information__rosidl_typesupport_fastrtps_cpp.hpp\n'}
[0.473760] (px4_msgs) StdoutLine: {'line': b'-- Up-to-date symlink: /home/lee/workspace/ros2_ex/install/px4_msgs/include/px4_msgs/px4_msgs/msg/detail/gimbal_manager_set_attitude__rosidl_typesupport_fastrtps_cpp.hpp\n'}
[0.473778] (px4_msgs) StdoutLine: {'line': b'-- Up-to-date symlink: /home/lee/workspace/ros2_ex/install/px4_msgs/include/px4_msgs/px4_msgs/msg/detail/gimbal_manager_set_manual_control__rosidl_typesupport_fastrtps_cpp.hpp\n'}
[0.473797] (px4_msgs) StdoutLine: {'line': b'-- Up-to-date symlink: /home/lee/workspace/ros2_ex/install/px4_msgs/include/px4_msgs/px4_msgs/msg/detail/gimbal_manager_status__rosidl_typesupport_fastrtps_cpp.hpp\n'}
[0.473815] (px4_msgs) StdoutLine: {'line': b'-- Up-to-date symlink: /home/lee/workspace/ros2_ex/install/px4_msgs/include/px4_msgs/px4_msgs/msg/detail/goto_setpoint__rosidl_typesupport_fastrtps_cpp.hpp\n'}
[0.473834] (px4_msgs) StdoutLine: {'line': b'-- Up-to-date symlink: /home/lee/workspace/ros2_ex/install/px4_msgs/include/px4_msgs/px4_msgs/msg/detail/gpio_config__rosidl_typesupport_fastrtps_cpp.hpp\n'}
[0.473852] (px4_msgs) StdoutLine: {'line': b'-- Up-to-date symlink: /home/lee/workspace/ros2_ex/install/px4_msgs/include/px4_msgs/px4_msgs/msg/detail/gpio_in__rosidl_typesupport_fastrtps_cpp.hpp\n'}
[0.473870] (px4_msgs) StdoutLine: {'line': b'-- Up-to-date symlink: /home/lee/workspace/ros2_ex/install/px4_msgs/include/px4_msgs/px4_msgs/msg/detail/gpio_out__rosidl_typesupport_fastrtps_cpp.hpp\n'}
[0.473889] (px4_msgs) StdoutLine: {'line': b'-- Up-to-date symlink: /home/lee/workspace/ros2_ex/install/px4_msgs/include/px4_msgs/px4_msgs/msg/detail/gpio_request__rosidl_typesupport_fastrtps_cpp.hpp\n'}
[0.473907] (px4_msgs) StdoutLine: {'line': b'-- Up-to-date symlink: /home/lee/workspace/ros2_ex/install/px4_msgs/include/px4_msgs/px4_msgs/msg/detail/gps_dump__rosidl_typesupport_fastrtps_cpp.hpp\n'}
[0.473935] (px4_msgs) StdoutLine: {'line': b'-- Up-to-date symlink: /home/lee/workspace/ros2_ex/install/px4_msgs/include/px4_msgs/px4_msgs/msg/detail/gps_inject_data__rosidl_typesupport_fastrtps_cpp.hpp\n'}
[0.473954] (px4_msgs) StdoutLine: {'line': b'-- Up-to-date symlink: /home/lee/workspace/ros2_ex/install/px4_msgs/include/px4_msgs/px4_msgs/msg/detail/gripper__rosidl_typesupport_fastrtps_cpp.hpp\n'}
[0.473972] (px4_msgs) StdoutLine: {'line': b'-- Up-to-date symlink: /home/lee/workspace/ros2_ex/install/px4_msgs/include/px4_msgs/px4_msgs/msg/detail/health_report__rosidl_typesupport_fastrtps_cpp.hpp\n'}
[0.473991] (px4_msgs) StdoutLine: {'line': b'-- Up-to-date symlink: /home/lee/workspace/ros2_ex/install/px4_msgs/include/px4_msgs/px4_msgs/msg/detail/heater_status__rosidl_typesupport_fastrtps_cpp.hpp\n'}
[0.474009] (px4_msgs) StdoutLine: {'line': b'-- Up-to-date symlink: /home/lee/workspace/ros2_ex/install/px4_msgs/include/px4_msgs/px4_msgs/msg/detail/home_position__rosidl_typesupport_fastrtps_cpp.hpp\n'}
[0.474028] (px4_msgs) StdoutLine: {'line': b'-- Up-to-date symlink: /home/lee/workspace/ros2_ex/install/px4_msgs/include/px4_msgs/px4_msgs/msg/detail/hover_thrust_estimate__rosidl_typesupport_fastrtps_cpp.hpp\n'}
[0.474047] (px4_msgs) StdoutLine: {'line': b'-- Up-to-date symlink: /home/lee/workspace/ros2_ex/install/px4_msgs/include/px4_msgs/px4_msgs/msg/detail/input_rc__rosidl_typesupport_fastrtps_cpp.hpp\n'}
[0.474065] (px4_msgs) StdoutLine: {'line': b'-- Up-to-date symlink: /home/lee/workspace/ros2_ex/install/px4_msgs/include/px4_msgs/px4_msgs/msg/detail/internal_combustion_engine_control__rosidl_typesupport_fastrtps_cpp.hpp\n'}
[0.474083] (px4_msgs) StdoutLine: {'line': b'-- Up-to-date symlink: /home/lee/workspace/ros2_ex/install/px4_msgs/include/px4_msgs/px4_msgs/msg/detail/internal_combustion_engine_status__rosidl_typesupport_fastrtps_cpp.hpp\n'}
[0.474118] (px4_msgs) StdoutLine: {'line': b'-- Up-to-date symlink: /home/lee/workspace/ros2_ex/install/px4_msgs/include/px4_msgs/px4_msgs/msg/detail/iridiumsbd_status__rosidl_typesupport_fastrtps_cpp.hpp\n'}
[0.474137] (px4_msgs) StdoutLine: {'line': b'-- Up-to-date symlink: /home/lee/workspace/ros2_ex/install/px4_msgs/include/px4_msgs/px4_msgs/msg/detail/irlock_report__rosidl_typesupport_fastrtps_cpp.hpp\n'}
[0.474155] (px4_msgs) StdoutLine: {'line': b'-- Up-to-date symlink: /home/lee/workspace/ros2_ex/install/px4_msgs/include/px4_msgs/px4_msgs/msg/detail/landing_gear__rosidl_typesupport_fastrtps_cpp.hpp\n'}
[0.474173] (px4_msgs) StdoutLine: {'line': b'-- Up-to-date symlink: /home/lee/workspace/ros2_ex/install/px4_msgs/include/px4_msgs/px4_msgs/msg/detail/landing_gear_wheel__rosidl_typesupport_fastrtps_cpp.hpp\n'}
[0.474192] (px4_msgs) StdoutLine: {'line': b'-- Up-to-date symlink: /home/lee/workspace/ros2_ex/install/px4_msgs/include/px4_msgs/px4_msgs/msg/detail/landing_target_innovations__rosidl_typesupport_fastrtps_cpp.hpp\n'}
[0.474210] (px4_msgs) StdoutLine: {'line': b'-- Up-to-date symlink: /home/lee/workspace/ros2_ex/install/px4_msgs/include/px4_msgs/px4_msgs/msg/detail/landing_target_pose__rosidl_typesupport_fastrtps_cpp.hpp\n'}
[0.474230] (px4_msgs) StdoutLine: {'line': b'-- Up-to-date symlink: /home/lee/workspace/ros2_ex/install/px4_msgs/include/px4_msgs/px4_msgs/msg/detail/lateral_control_configuration__rosidl_typesupport_fastrtps_cpp.hpp\n'}
[0.474249] (px4_msgs) StdoutLine: {'line': b'-- Up-to-date symlink: /home/lee/workspace/ros2_ex/install/px4_msgs/include/px4_msgs/px4_msgs/msg/detail/launch_detection_status__rosidl_typesupport_fastrtps_cpp.hpp\n'}
[0.474267] (px4_msgs) StdoutLine: {'line': b'-- Up-to-date symlink: /home/lee/workspace/ros2_ex/install/px4_msgs/include/px4_msgs/px4_msgs/msg/detail/led_control__rosidl_typesupport_fastrtps_cpp.hpp\n'}
[0.474292] (px4_msgs) StdoutLine: {'line': b'-- Up-to-date symlink: /home/lee/workspace/ros2_ex/install/px4_msgs/include/px4_msgs/px4_msgs/msg/detail/log_message__rosidl_typesupport_fastrtps_cpp.hpp\n'}
[0.474311] (px4_msgs) StdoutLine: {'line': b'-- Up-to-date symlink: /home/lee/workspace/ros2_ex/install/px4_msgs/include/px4_msgs/px4_msgs/msg/detail/logger_status__rosidl_typesupport_fastrtps_cpp.hpp\n'}
[0.474346] (px4_msgs) StdoutLine: {'line': b'-- Up-to-date symlink: /home/lee/workspace/ros2_ex/install/px4_msgs/include/px4_msgs/px4_msgs/msg/detail/longitudinal_control_configuration__rosidl_typesupport_fastrtps_cpp.hpp\n'}
[0.474365] (px4_msgs) StdoutLine: {'line': b'-- Up-to-date symlink: /home/lee/workspace/ros2_ex/install/px4_msgs/include/px4_msgs/px4_msgs/msg/detail/mag_worker_data__rosidl_typesupport_fastrtps_cpp.hpp\n'}
[0.474385] (px4_msgs) StdoutLine: {'line': b'-- Up-to-date symlink: /home/lee/workspace/ros2_ex/install/px4_msgs/include/px4_msgs/px4_msgs/msg/detail/magnetometer_bias_estimate__rosidl_typesupport_fastrtps_cpp.hpp\n'}
[0.474420] (px4_msgs) StdoutLine: {'line': b'-- Up-to-date symlink: /home/lee/workspace/ros2_ex/install/px4_msgs/include/px4_msgs/px4_msgs/msg/detail/manual_control_setpoint__rosidl_typesupport_fastrtps_cpp.hpp\n'}
[0.474450] (px4_msgs) StdoutLine: {'line': b'-- Up-to-date symlink: /home/lee/workspace/ros2_ex/install/px4_msgs/include/px4_msgs/px4_msgs/msg/detail/manual_control_switches__rosidl_typesupport_fastrtps_cpp.hpp\n'}
[0.474485] (px4_msgs) StdoutLine: {'line': b'-- Up-to-date symlink: /home/lee/workspace/ros2_ex/install/px4_msgs/include/px4_msgs/px4_msgs/msg/detail/mavlink_log__rosidl_typesupport_fastrtps_cpp.hpp\n'}
[0.474504] (px4_msgs) StdoutLine: {'line': b'-- Up-to-date symlink: /home/lee/workspace/ros2_ex/install/px4_msgs/include/px4_msgs/px4_msgs/msg/detail/mavlink_tunnel__rosidl_typesupport_fastrtps_cpp.hpp\n'}
[0.474522] (px4_msgs) StdoutLine: {'line': b'-- Up-to-date symlink: /home/lee/workspace/ros2_ex/install/px4_msgs/include/px4_msgs/px4_msgs/msg/detail/message_format_request__rosidl_typesupport_fastrtps_cpp.hpp\n'}
[0.474541] (px4_msgs) StdoutLine: {'line': b'-- Up-to-date symlink: /home/lee/workspace/ros2_ex/install/px4_msgs/include/px4_msgs/px4_msgs/msg/detail/message_format_response__rosidl_typesupport_fastrtps_cpp.hpp\n'}
[0.474560] (px4_msgs) StdoutLine: {'line': b'-- Up-to-date symlink: /home/lee/workspace/ros2_ex/install/px4_msgs/include/px4_msgs/px4_msgs/msg/detail/mission__rosidl_typesupport_fastrtps_cpp.hpp\n'}
[0.474578] (px4_msgs) StdoutLine: {'line': b'-- Up-to-date symlink: /home/lee/workspace/ros2_ex/install/px4_msgs/include/px4_msgs/px4_msgs/msg/detail/mission_result__rosidl_typesupport_fastrtps_cpp.hpp\n'}
[0.474597] (px4_msgs) StdoutLine: {'line': b'-- Up-to-date symlink: /home/lee/workspace/ros2_ex/install/px4_msgs/include/px4_msgs/px4_msgs/msg/detail/mode_completed__rosidl_typesupport_fastrtps_cpp.hpp\n'}
[0.474615] (px4_msgs) StdoutLine: {'line': b'-- Up-to-date symlink: /home/lee/workspace/ros2_ex/install/px4_msgs/include/px4_msgs/px4_msgs/msg/detail/mount_orientation__rosidl_typesupport_fastrtps_cpp.hpp\n'}
[0.474642] (px4_msgs) StdoutLine: {'line': b'-- Up-to-date symlink: /home/lee/workspace/ros2_ex/install/px4_msgs/include/px4_msgs/px4_msgs/msg/detail/navigator_mission_item__rosidl_typesupport_fastrtps_cpp.hpp\n'}
[0.474683] (px4_msgs) StdoutLine: {'line': b'-- Up-to-date symlink: /home/lee/workspace/ros2_ex/install/px4_msgs/include/px4_msgs/px4_msgs/msg/detail/navigator_status__rosidl_typesupport_fastrtps_cpp.hpp\n'}
[0.474702] (px4_msgs) StdoutLine: {'line': b'-- Up-to-date symlink: /home/lee/workspace/ros2_ex/install/px4_msgs/include/px4_msgs/px4_msgs/msg/detail/normalized_unsigned_setpoint__rosidl_typesupport_fastrtps_cpp.hpp\n'}
[0.474721] (px4_msgs) StdoutLine: {'line': b'-- Up-to-date symlink: /home/lee/workspace/ros2_ex/install/px4_msgs/include/px4_msgs/px4_msgs/msg/detail/npfg_status__rosidl_typesupport_fastrtps_cpp.hpp\n'}
[0.474740] (px4_msgs) StdoutLine: {'line': b'-- Up-to-date symlink: /home/lee/workspace/ros2_ex/install/px4_msgs/include/px4_msgs/px4_msgs/msg/detail/obstacle_distance__rosidl_typesupport_fastrtps_cpp.hpp\n'}
[0.474759] (px4_msgs) StdoutLine: {'line': b'-- Up-to-date symlink: /home/lee/workspace/ros2_ex/install/px4_msgs/include/px4_msgs/px4_msgs/msg/detail/offboard_control_mode__rosidl_typesupport_fastrtps_cpp.hpp\n'}
[0.474777] (px4_msgs) StdoutLine: {'line': b'-- Up-to-date symlink: /home/lee/workspace/ros2_ex/install/px4_msgs/include/px4_msgs/px4_msgs/msg/detail/onboard_computer_status__rosidl_typesupport_fastrtps_cpp.hpp\n'}
[0.474797] (px4_msgs) StdoutLine: {'line': b'-- Up-to-date symlink: /home/lee/workspace/ros2_ex/install/px4_msgs/include/px4_msgs/px4_msgs/msg/detail/open_drone_id_arm_status__rosidl_typesupport_fastrtps_cpp.hpp\n'}
[0.474815] (px4_msgs) StdoutLine: {'line': b'-- Up-to-date symlink: /home/lee/workspace/ros2_ex/install/px4_msgs/include/px4_msgs/px4_msgs/msg/detail/open_drone_id_operator_id__rosidl_typesupport_fastrtps_cpp.hpp\n'}
[0.474834] (px4_msgs) StdoutLine: {'line': b'-- Up-to-date symlink: /home/lee/workspace/ros2_ex/install/px4_msgs/include/px4_msgs/px4_msgs/msg/detail/open_drone_id_self_id__rosidl_typesupport_fastrtps_cpp.hpp\n'}
[0.474862] (px4_msgs) StdoutLine: {'line': b'-- Up-to-date symlink: /home/lee/workspace/ros2_ex/install/px4_msgs/include/px4_msgs/px4_msgs/msg/detail/open_drone_id_system__rosidl_typesupport_fastrtps_cpp.hpp\n'}
[0.474880] (px4_msgs) StdoutLine: {'line': b'-- Up-to-date symlink: /home/lee/workspace/ros2_ex/install/px4_msgs/include/px4_msgs/px4_msgs/msg/detail/orb_test__rosidl_typesupport_fastrtps_cpp.hpp\n'}
[0.474900] (px4_msgs) StdoutLine: {'line': b'-- Up-to-date symlink: /home/lee/workspace/ros2_ex/install/px4_msgs/include/px4_msgs/px4_msgs/msg/detail/orb_test_large__rosidl_typesupport_fastrtps_cpp.hpp\n'}
[0.474922] (px4_msgs) StdoutLine: {'line': b'-- Up-to-date symlink: /home/lee/workspace/ros2_ex/install/px4_msgs/include/px4_msgs/px4_msgs/msg/detail/orb_test_medium__rosidl_typesupport_fastrtps_cpp.hpp\n'}
[0.474941] (px4_msgs) StdoutLine: {'line': b'-- Up-to-date symlink: /home/lee/workspace/ros2_ex/install/px4_msgs/include/px4_msgs/px4_msgs/msg/detail/orbit_status__rosidl_typesupport_fastrtps_cpp.hpp\n'}
[0.474959] (px4_msgs) StdoutLine: {'line': b'-- Up-to-date symlink: /home/lee/workspace/ros2_ex/install/px4_msgs/include/px4_msgs/px4_msgs/msg/detail/parameter_reset_request__rosidl_typesupport_fastrtps_cpp.hpp\n'}
[0.474994] (px4_msgs) StdoutLine: {'line': b'-- Up-to-date symlink: /home/lee/workspace/ros2_ex/install/px4_msgs/include/px4_msgs/px4_msgs/msg/detail/parameter_set_used_request__rosidl_typesupport_fastrtps_cpp.hpp\n'}
[0.475030] (px4_msgs) StdoutLine: {'line': b'-- Up-to-date symlink: /home/lee/workspace/ros2_ex/install/px4_msgs/include/px4_msgs/px4_msgs/msg/detail/parameter_set_value_request__rosidl_typesupport_fastrtps_cpp.hpp\n'}
[0.475056] (px4_msgs) StdoutLine: {'line': b'-- Up-to-date symlink: /home/lee/workspace/ros2_ex/install/px4_msgs/include/px4_msgs/px4_msgs/msg/detail/parameter_set_value_response__rosidl_typesupport_fastrtps_cpp.hpp\n'}
[0.475076] (px4_msgs) StdoutLine: {'line': b'-- Up-to-date symlink: /home/lee/workspace/ros2_ex/install/px4_msgs/include/px4_msgs/px4_msgs/msg/detail/parameter_update__rosidl_typesupport_fastrtps_cpp.hpp\n'}
[0.475094] (px4_msgs) StdoutLine: {'line': b'-- Up-to-date symlink: /home/lee/workspace/ros2_ex/install/px4_msgs/include/px4_msgs/px4_msgs/msg/detail/ping__rosidl_typesupport_fastrtps_cpp.hpp\n'}
[0.475122] (px4_msgs) StdoutLine: {'line': b'-- Up-to-date symlink: /home/lee/workspace/ros2_ex/install/px4_msgs/include/px4_msgs/px4_msgs/msg/detail/position_controller_landing_status__rosidl_typesupport_fastrtps_cpp.hpp\n'}
[0.475150] (px4_msgs) StdoutLine: {'line': b'-- Up-to-date symlink: /home/lee/workspace/ros2_ex/install/px4_msgs/include/px4_msgs/px4_msgs/msg/detail/position_controller_status__rosidl_typesupport_fastrtps_cpp.hpp\n'}
[0.475168] (px4_msgs) StdoutLine: {'line': b'-- Up-to-date symlink: /home/lee/workspace/ros2_ex/install/px4_msgs/include/px4_msgs/px4_msgs/msg/detail/position_setpoint__rosidl_typesupport_fastrtps_cpp.hpp\n'}
[0.475188] (px4_msgs) StdoutLine: {'line': b'-- Up-to-date symlink: /home/lee/workspace/ros2_ex/install/px4_msgs/include/px4_msgs/px4_msgs/msg/detail/position_setpoint_triplet__rosidl_typesupport_fastrtps_cpp.hpp\n'}
[0.475206] (px4_msgs) StdoutLine: {'line': b'-- Up-to-date symlink: /home/lee/workspace/ros2_ex/install/px4_msgs/include/px4_msgs/px4_msgs/msg/detail/power_button_state__rosidl_typesupport_fastrtps_cpp.hpp\n'}
[0.475225] (px4_msgs) StdoutLine: {'line': b'-- Up-to-date symlink: /home/lee/workspace/ros2_ex/install/px4_msgs/include/px4_msgs/px4_msgs/msg/detail/power_monitor__rosidl_typesupport_fastrtps_cpp.hpp\n'}
[0.475243] (px4_msgs) StdoutLine: {'line': b'-- Up-to-date symlink: /home/lee/workspace/ros2_ex/install/px4_msgs/include/px4_msgs/px4_msgs/msg/detail/pps_capture__rosidl_typesupport_fastrtps_cpp.hpp\n'}
[0.475262] (px4_msgs) StdoutLine: {'line': b'-- Up-to-date symlink: /home/lee/workspace/ros2_ex/install/px4_msgs/include/px4_msgs/px4_msgs/msg/detail/pure_pursuit_status__rosidl_typesupport_fastrtps_cpp.hpp\n'}
[0.475283] (px4_msgs) StdoutLine: {'line': b'-- Up-to-date symlink: /home/lee/workspace/ros2_ex/install/px4_msgs/include/px4_msgs/px4_msgs/msg/detail/pwm_input__rosidl_typesupport_fastrtps_cpp.hpp\n'}
[0.475303] (px4_msgs) StdoutLine: {'line': b'-- Up-to-date symlink: /home/lee/workspace/ros2_ex/install/px4_msgs/include/px4_msgs/px4_msgs/msg/detail/px4io_status__rosidl_typesupport_fastrtps_cpp.hpp\n'}
[0.475331] (px4_msgs) StdoutLine: {'line': b'-- Up-to-date symlink: /home/lee/workspace/ros2_ex/install/px4_msgs/include/px4_msgs/px4_msgs/msg/detail/qshell_req__rosidl_typesupport_fastrtps_cpp.hpp\n'}
[0.475351] (px4_msgs) StdoutLine: {'line': b'-- Up-to-date symlink: /home/lee/workspace/ros2_ex/install/px4_msgs/include/px4_msgs/px4_msgs/msg/detail/qshell_retval__rosidl_typesupport_fastrtps_cpp.hpp\n'}
[0.475371] (px4_msgs) StdoutLine: {'line': b'-- Up-to-date symlink: /home/lee/workspace/ros2_ex/install/px4_msgs/include/px4_msgs/px4_msgs/msg/detail/radio_status__rosidl_typesupport_fastrtps_cpp.hpp\n'}
[0.475390] (px4_msgs) StdoutLine: {'line': b'-- Up-to-date symlink: /home/lee/workspace/ros2_ex/install/px4_msgs/include/px4_msgs/px4_msgs/msg/detail/rate_ctrl_status__rosidl_typesupport_fastrtps_cpp.hpp\n'}
[0.475409] (px4_msgs) StdoutLine: {'line': b'-- Up-to-date symlink: /home/lee/workspace/ros2_ex/install/px4_msgs/include/px4_msgs/px4_msgs/msg/detail/rc_channels__rosidl_typesupport_fastrtps_cpp.hpp\n'}
[0.475428] (px4_msgs) StdoutLine: {'line': b'-- Up-to-date symlink: /home/lee/workspace/ros2_ex/install/px4_msgs/include/px4_msgs/px4_msgs/msg/detail/rc_parameter_map__rosidl_typesupport_fastrtps_cpp.hpp\n'}
[0.475463] (px4_msgs) StdoutLine: {'line': b'-- Up-to-date symlink: /home/lee/workspace/ros2_ex/install/px4_msgs/include/px4_msgs/px4_msgs/msg/detail/register_ext_component_reply__rosidl_typesupport_fastrtps_cpp.hpp\n'}
[0.475482] (px4_msgs) StdoutLine: {'line': b'-- Up-to-date symlink: /home/lee/workspace/ros2_ex/install/px4_msgs/include/px4_msgs/px4_msgs/msg/detail/register_ext_component_request__rosidl_typesupport_fastrtps_cpp.hpp\n'}
[0.475500] (px4_msgs) StdoutLine: {'line': b'-- Up-to-date symlink: /home/lee/workspace/ros2_ex/install/px4_msgs/include/px4_msgs/px4_msgs/msg/detail/rover_attitude_setpoint__rosidl_typesupport_fastrtps_cpp.hpp\n'}
[0.475519] (px4_msgs) StdoutLine: {'line': b'-- Up-to-date symlink: /home/lee/workspace/ros2_ex/install/px4_msgs/include/px4_msgs/px4_msgs/msg/detail/rover_attitude_status__rosidl_typesupport_fastrtps_cpp.hpp\n'}
[0.475537] (px4_msgs) StdoutLine: {'line': b'-- Up-to-date symlink: /home/lee/workspace/ros2_ex/install/px4_msgs/include/px4_msgs/px4_msgs/msg/detail/rover_position_setpoint__rosidl_typesupport_fastrtps_cpp.hpp\n'}
[0.475556] (px4_msgs) StdoutLine: {'line': b'-- Up-to-date symlink: /home/lee/workspace/ros2_ex/install/px4_msgs/include/px4_msgs/px4_msgs/msg/detail/rover_rate_setpoint__rosidl_typesupport_fastrtps_cpp.hpp\n'}
[0.475588] (px4_msgs) StdoutLine: {'line': b'-- Up-to-date symlink: /home/lee/workspace/ros2_ex/install/px4_msgs/include/px4_msgs/px4_msgs/msg/detail/rover_rate_status__rosidl_typesupport_fastrtps_cpp.hpp\n'}
[0.475620] (px4_msgs) StdoutLine: {'line': b'-- Up-to-date symlink: /home/lee/workspace/ros2_ex/install/px4_msgs/include/px4_msgs/px4_msgs/msg/detail/rover_steering_setpoint__rosidl_typesupport_fastrtps_cpp.hpp\n'}
[0.475648] (px4_msgs) StdoutLine: {'line': b'-- Up-to-date symlink: /home/lee/workspace/ros2_ex/install/px4_msgs/include/px4_msgs/px4_msgs/msg/detail/rover_throttle_setpoint__rosidl_typesupport_fastrtps_cpp.hpp\n'}
[0.475667] (px4_msgs) StdoutLine: {'line': b'-- Up-to-date symlink: /home/lee/workspace/ros2_ex/install/px4_msgs/include/px4_msgs/px4_msgs/msg/detail/rover_velocity_setpoint__rosidl_typesupport_fastrtps_cpp.hpp\n'}
[0.475699] (px4_msgs) StdoutLine: {'line': b'-- Up-to-date symlink: /home/lee/workspace/ros2_ex/install/px4_msgs/include/px4_msgs/px4_msgs/msg/detail/rover_velocity_status__rosidl_typesupport_fastrtps_cpp.hpp\n'}
[0.475719] (px4_msgs) StdoutLine: {'line': b'-- Up-to-date symlink: /home/lee/workspace/ros2_ex/install/px4_msgs/include/px4_msgs/px4_msgs/msg/detail/rpm__rosidl_typesupport_fastrtps_cpp.hpp\n'}
[0.475737] (px4_msgs) StdoutLine: {'line': b'-- Up-to-date symlink: /home/lee/workspace/ros2_ex/install/px4_msgs/include/px4_msgs/px4_msgs/msg/detail/rtl_status__rosidl_typesupport_fastrtps_cpp.hpp\n'}
[0.475756] (px4_msgs) StdoutLine: {'line': b'-- Up-to-date symlink: /home/lee/workspace/ros2_ex/install/px4_msgs/include/px4_msgs/px4_msgs/msg/detail/rtl_time_estimate__rosidl_typesupport_fastrtps_cpp.hpp\n'}
[0.475776] (px4_msgs) StdoutLine: {'line': b'-- Up-to-date symlink: /home/lee/workspace/ros2_ex/install/px4_msgs/include/px4_msgs/px4_msgs/msg/detail/satellite_info__rosidl_typesupport_fastrtps_cpp.hpp\n'}
[0.475794] (px4_msgs) StdoutLine: {'line': b'-- Up-to-date symlink: /home/lee/workspace/ros2_ex/install/px4_msgs/include/px4_msgs/px4_msgs/msg/detail/sensor_accel__rosidl_typesupport_fastrtps_cpp.hpp\n'}
[0.475813] (px4_msgs) StdoutLine: {'line': b'-- Up-to-date symlink: /home/lee/workspace/ros2_ex/install/px4_msgs/include/px4_msgs/px4_msgs/msg/detail/sensor_accel_fifo__rosidl_typesupport_fastrtps_cpp.hpp\n'}
[0.475831] (px4_msgs) StdoutLine: {'line': b'-- Up-to-date symlink: /home/lee/workspace/ros2_ex/install/px4_msgs/include/px4_msgs/px4_msgs/msg/detail/sensor_airflow__rosidl_typesupport_fastrtps_cpp.hpp\n'}
[0.475849] (px4_msgs) StdoutLine: {'line': b'-- Up-to-date symlink: /home/lee/workspace/ros2_ex/install/px4_msgs/include/px4_msgs/px4_msgs/msg/detail/sensor_baro__rosidl_typesupport_fastrtps_cpp.hpp\n'}
[0.475869] (px4_msgs) StdoutLine: {'line': b'-- Up-to-date symlink: /home/lee/workspace/ros2_ex/install/px4_msgs/include/px4_msgs/px4_msgs/msg/detail/sensor_combined__rosidl_typesupport_fastrtps_cpp.hpp\n'}
[0.475887] (px4_msgs) StdoutLine: {'line': b'-- Up-to-date symlink: /home/lee/workspace/ros2_ex/install/px4_msgs/include/px4_msgs/px4_msgs/msg/detail/sensor_correction__rosidl_typesupport_fastrtps_cpp.hpp\n'}
[0.475908] (px4_msgs) StdoutLine: {'line': b'-- Up-to-date symlink: /home/lee/workspace/ros2_ex/install/px4_msgs/include/px4_msgs/px4_msgs/msg/detail/sensor_gnss_relative__rosidl_typesupport_fastrtps_cpp.hpp\n'}
[0.475926] (px4_msgs) StdoutLine: {'line': b'-- Up-to-date symlink: /home/lee/workspace/ros2_ex/install/px4_msgs/include/px4_msgs/px4_msgs/msg/detail/sensor_gps__rosidl_typesupport_fastrtps_cpp.hpp\n'}
[0.475944] (px4_msgs) StdoutLine: {'line': b'-- Up-to-date symlink: /home/lee/workspace/ros2_ex/install/px4_msgs/include/px4_msgs/px4_msgs/msg/detail/sensor_gyro__rosidl_typesupport_fastrtps_cpp.hpp\n'}
[0.475973] (px4_msgs) StdoutLine: {'line': b'-- Up-to-date symlink: /home/lee/workspace/ros2_ex/install/px4_msgs/include/px4_msgs/px4_msgs/msg/detail/sensor_gyro_fft__rosidl_typesupport_fastrtps_cpp.hpp\n'}
[0.475992] (px4_msgs) StdoutLine: {'line': b'-- Up-to-date symlink: /home/lee/workspace/ros2_ex/install/px4_msgs/include/px4_msgs/px4_msgs/msg/detail/sensor_gyro_fifo__rosidl_typesupport_fastrtps_cpp.hpp\n'}
[0.476011] (px4_msgs) StdoutLine: {'line': b'-- Up-to-date symlink: /home/lee/workspace/ros2_ex/install/px4_msgs/include/px4_msgs/px4_msgs/msg/detail/sensor_hygrometer__rosidl_typesupport_fastrtps_cpp.hpp\n'}
[0.476029] (px4_msgs) StdoutLine: {'line': b'-- Up-to-date symlink: /home/lee/workspace/ros2_ex/install/px4_msgs/include/px4_msgs/px4_msgs/msg/detail/sensor_mag__rosidl_typesupport_fastrtps_cpp.hpp\n'}
[0.476047] (px4_msgs) StdoutLine: {'line': b'-- Up-to-date symlink: /home/lee/workspace/ros2_ex/install/px4_msgs/include/px4_msgs/px4_msgs/msg/detail/sensor_optical_flow__rosidl_typesupport_fastrtps_cpp.hpp\n'}
[0.476066] (px4_msgs) StdoutLine: {'line': b'-- Up-to-date symlink: /home/lee/workspace/ros2_ex/install/px4_msgs/include/px4_msgs/px4_msgs/msg/detail/sensor_preflight_mag__rosidl_typesupport_fastrtps_cpp.hpp\n'}
[0.476085] (px4_msgs) StdoutLine: {'line': b'-- Up-to-date symlink: /home/lee/workspace/ros2_ex/install/px4_msgs/include/px4_msgs/px4_msgs/msg/detail/sensor_selection__rosidl_typesupport_fastrtps_cpp.hpp\n'}
[0.476103] (px4_msgs) StdoutLine: {'line': b'-- Up-to-date symlink: /home/lee/workspace/ros2_ex/install/px4_msgs/include/px4_msgs/px4_msgs/msg/detail/sensor_uwb__rosidl_typesupport_fastrtps_cpp.hpp\n'}
[0.476122] (px4_msgs) StdoutLine: {'line': b'-- Up-to-date symlink: /home/lee/workspace/ros2_ex/install/px4_msgs/include/px4_msgs/px4_msgs/msg/detail/sensors_status__rosidl_typesupport_fastrtps_cpp.hpp\n'}
[0.476141] (px4_msgs) StdoutLine: {'line': b'-- Up-to-date symlink: /home/lee/workspace/ros2_ex/install/px4_msgs/include/px4_msgs/px4_msgs/msg/detail/sensors_status_imu__rosidl_typesupport_fastrtps_cpp.hpp\n'}
[0.476160] (px4_msgs) StdoutLine: {'line': b'-- Up-to-date symlink: /home/lee/workspace/ros2_ex/install/px4_msgs/include/px4_msgs/px4_msgs/msg/detail/system_power__rosidl_typesupport_fastrtps_cpp.hpp\n'}
[0.476178] (px4_msgs) StdoutLine: {'line': b'-- Up-to-date symlink: /home/lee/workspace/ros2_ex/install/px4_msgs/include/px4_msgs/px4_msgs/msg/detail/takeoff_status__rosidl_typesupport_fastrtps_cpp.hpp\n'}
[0.476196] (px4_msgs) StdoutLine: {'line': b'-- Up-to-date symlink: /home/lee/workspace/ros2_ex/install/px4_msgs/include/px4_msgs/px4_msgs/msg/detail/task_stack_info__rosidl_typesupport_fastrtps_cpp.hpp\n'}
[0.476215] (px4_msgs) StdoutLine: {'line': b'-- Up-to-date symlink: /home/lee/workspace/ros2_ex/install/px4_msgs/include/px4_msgs/px4_msgs/msg/detail/tecs_status__rosidl_typesupport_fastrtps_cpp.hpp\n'}
[0.476233] (px4_msgs) StdoutLine: {'line': b'-- Up-to-date symlink: /home/lee/workspace/ros2_ex/install/px4_msgs/include/px4_msgs/px4_msgs/msg/detail/telemetry_status__rosidl_typesupport_fastrtps_cpp.hpp\n'}
[0.476252] (px4_msgs) StdoutLine: {'line': b'-- Up-to-date symlink: /home/lee/workspace/ros2_ex/install/px4_msgs/include/px4_msgs/px4_msgs/msg/detail/tiltrotor_extra_controls__rosidl_typesupport_fastrtps_cpp.hpp\n'}
[0.476333] (px4_msgs) StdoutLine: {'line': b'-- Up-to-date symlink: /home/lee/workspace/ros2_ex/install/px4_msgs/include/px4_msgs/px4_msgs/msg/detail/timesync_status__rosidl_typesupport_fastrtps_cpp.hpp\n'}
[0.476382] (px4_msgs) StdoutLine: {'line': b'-- Up-to-date symlink: /home/lee/workspace/ros2_ex/install/px4_msgs/include/px4_msgs/px4_msgs/msg/detail/trajectory_bezier__rosidl_typesupport_fastrtps_cpp.hpp\n'}
[0.476400] (px4_msgs) StdoutLine: {'line': b'-- Up-to-date symlink: /home/lee/workspace/ros2_ex/install/px4_msgs/include/px4_msgs/px4_msgs/msg/detail/trajectory_setpoint6dof__rosidl_typesupport_fastrtps_cpp.hpp\n'}
[0.476419] (px4_msgs) StdoutLine: {'line': b'-- Up-to-date symlink: /home/lee/workspace/ros2_ex/install/px4_msgs/include/px4_msgs/px4_msgs/msg/detail/trajectory_setpoint__rosidl_typesupport_fastrtps_cpp.hpp\n'}
[0.476438] (px4_msgs) StdoutLine: {'line': b'-- Up-to-date symlink: /home/lee/workspace/ros2_ex/install/px4_msgs/include/px4_msgs/px4_msgs/msg/detail/trajectory_waypoint__rosidl_typesupport_fastrtps_cpp.hpp\n'}
[0.476457] (px4_msgs) StdoutLine: {'line': b'-- Up-to-date symlink: /home/lee/workspace/ros2_ex/install/px4_msgs/include/px4_msgs/px4_msgs/msg/detail/transponder_report__rosidl_typesupport_fastrtps_cpp.hpp\n'}
[0.476489] (px4_msgs) StdoutLine: {'line': b'-- Up-to-date symlink: /home/lee/workspace/ros2_ex/install/px4_msgs/include/px4_msgs/px4_msgs/msg/detail/tune_control__rosidl_typesupport_fastrtps_cpp.hpp\n'}
[0.476515] (px4_msgs) StdoutLine: {'line': b'-- Up-to-date symlink: /home/lee/workspace/ros2_ex/install/px4_msgs/include/px4_msgs/px4_msgs/msg/detail/uavcan_parameter_request__rosidl_typesupport_fastrtps_cpp.hpp\n'}
[0.476539] (px4_msgs) StdoutLine: {'line': b'-- Up-to-date symlink: /home/lee/workspace/ros2_ex/install/px4_msgs/include/px4_msgs/px4_msgs/msg/detail/uavcan_parameter_value__rosidl_typesupport_fastrtps_cpp.hpp\n'}
[0.476556] (px4_msgs) StdoutLine: {'line': b'-- Up-to-date symlink: /home/lee/workspace/ros2_ex/install/px4_msgs/include/px4_msgs/px4_msgs/msg/detail/ulog_stream__rosidl_typesupport_fastrtps_cpp.hpp\n'}
[0.476575] (px4_msgs) StdoutLine: {'line': b'-- Up-to-date symlink: /home/lee/workspace/ros2_ex/install/px4_msgs/include/px4_msgs/px4_msgs/msg/detail/ulog_stream_ack__rosidl_typesupport_fastrtps_cpp.hpp\n'}
[0.476594] (px4_msgs) StdoutLine: {'line': b'-- Up-to-date symlink: /home/lee/workspace/ros2_ex/install/px4_msgs/include/px4_msgs/px4_msgs/msg/detail/unregister_ext_component__rosidl_typesupport_fastrtps_cpp.hpp\n'}
[0.476612] (px4_msgs) StdoutLine: {'line': b'-- Up-to-date symlink: /home/lee/workspace/ros2_ex/install/px4_msgs/include/px4_msgs/px4_msgs/msg/detail/vehicle_acceleration__rosidl_typesupport_fastrtps_cpp.hpp\n'}
[0.476641] (px4_msgs) StdoutLine: {'line': b'-- Up-to-date symlink: /home/lee/workspace/ros2_ex/install/px4_msgs/include/px4_msgs/px4_msgs/msg/detail/vehicle_air_data__rosidl_typesupport_fastrtps_cpp.hpp\n'}
[0.476658] (px4_msgs) StdoutLine: {'line': b'-- Up-to-date symlink: /home/lee/workspace/ros2_ex/install/px4_msgs/include/px4_msgs/px4_msgs/msg/detail/vehicle_angular_acceleration_setpoint__rosidl_typesupport_fastrtps_cpp.hpp\n'}
[0.476677] (px4_msgs) StdoutLine: {'line': b'-- Up-to-date symlink: /home/lee/workspace/ros2_ex/install/px4_msgs/include/px4_msgs/px4_msgs/msg/detail/vehicle_angular_velocity__rosidl_typesupport_fastrtps_cpp.hpp\n'}
[0.476696] (px4_msgs) StdoutLine: {'line': b'-- Up-to-date symlink: /home/lee/workspace/ros2_ex/install/px4_msgs/include/px4_msgs/px4_msgs/msg/detail/vehicle_attitude__rosidl_typesupport_fastrtps_cpp.hpp\n'}
[0.476714] (px4_msgs) StdoutLine: {'line': b'-- Up-to-date symlink: /home/lee/workspace/ros2_ex/install/px4_msgs/include/px4_msgs/px4_msgs/msg/detail/vehicle_attitude_setpoint__rosidl_typesupport_fastrtps_cpp.hpp\n'}
[0.476733] (px4_msgs) StdoutLine: {'line': b'-- Up-to-date symlink: /home/lee/workspace/ros2_ex/install/px4_msgs/include/px4_msgs/px4_msgs/msg/detail/vehicle_command__rosidl_typesupport_fastrtps_cpp.hpp\n'}
[0.476752] (px4_msgs) StdoutLine: {'line': b'-- Up-to-date symlink: /home/lee/workspace/ros2_ex/install/px4_msgs/include/px4_msgs/px4_msgs/msg/detail/vehicle_command_ack__rosidl_typesupport_fastrtps_cpp.hpp\n'}
[0.476770] (px4_msgs) StdoutLine: {'line': b'-- Up-to-date symlink: /home/lee/workspace/ros2_ex/install/px4_msgs/include/px4_msgs/px4_msgs/msg/detail/vehicle_constraints__rosidl_typesupport_fastrtps_cpp.hpp\n'}
[0.476788] (px4_msgs) StdoutLine: {'line': b'-- Up-to-date symlink: /home/lee/workspace/ros2_ex/install/px4_msgs/include/px4_msgs/px4_msgs/msg/detail/vehicle_control_mode__rosidl_typesupport_fastrtps_cpp.hpp\n'}
[0.476808] (px4_msgs) StdoutLine: {'line': b'-- Up-to-date symlink: /home/lee/workspace/ros2_ex/install/px4_msgs/include/px4_msgs/px4_msgs/msg/detail/vehicle_global_position__rosidl_typesupport_fastrtps_cpp.hpp\n'}
[0.476826] (px4_msgs) StdoutLine: {'line': b'-- Up-to-date symlink: /home/lee/workspace/ros2_ex/install/px4_msgs/include/px4_msgs/px4_msgs/msg/detail/vehicle_imu__rosidl_typesupport_fastrtps_cpp.hpp\n'}
[0.476844] (px4_msgs) StdoutLine: {'line': b'-- Up-to-date symlink: /home/lee/workspace/ros2_ex/install/px4_msgs/include/px4_msgs/px4_msgs/msg/detail/vehicle_imu_status__rosidl_typesupport_fastrtps_cpp.hpp\n'}
[0.476863] (px4_msgs) StdoutLine: {'line': b'-- Up-to-date symlink: /home/lee/workspace/ros2_ex/install/px4_msgs/include/px4_msgs/px4_msgs/msg/detail/vehicle_land_detected__rosidl_typesupport_fastrtps_cpp.hpp\n'}
[0.476882] (px4_msgs) StdoutLine: {'line': b'-- Up-to-date symlink: /home/lee/workspace/ros2_ex/install/px4_msgs/include/px4_msgs/px4_msgs/msg/detail/vehicle_local_position__rosidl_typesupport_fastrtps_cpp.hpp\n'}
[0.476900] (px4_msgs) StdoutLine: {'line': b'-- Up-to-date symlink: /home/lee/workspace/ros2_ex/install/px4_msgs/include/px4_msgs/px4_msgs/msg/detail/vehicle_local_position_setpoint__rosidl_typesupport_fastrtps_cpp.hpp\n'}
[0.476919] (px4_msgs) StdoutLine: {'line': b'-- Up-to-date symlink: /home/lee/workspace/ros2_ex/install/px4_msgs/include/px4_msgs/px4_msgs/msg/detail/vehicle_magnetometer__rosidl_typesupport_fastrtps_cpp.hpp\n'}
[0.476938] (px4_msgs) StdoutLine: {'line': b'-- Up-to-date symlink: /home/lee/workspace/ros2_ex/install/px4_msgs/include/px4_msgs/px4_msgs/msg/detail/vehicle_odometry__rosidl_typesupport_fastrtps_cpp.hpp\n'}
[0.476957] (px4_msgs) StdoutLine: {'line': b'-- Up-to-date symlink: /home/lee/workspace/ros2_ex/install/px4_msgs/include/px4_msgs/px4_msgs/msg/detail/vehicle_optical_flow__rosidl_typesupport_fastrtps_cpp.hpp\n'}
[0.476976] (px4_msgs) StdoutLine: {'line': b'-- Up-to-date symlink: /home/lee/workspace/ros2_ex/install/px4_msgs/include/px4_msgs/px4_msgs/msg/detail/vehicle_optical_flow_vel__rosidl_typesupport_fastrtps_cpp.hpp\n'}
[0.477019] (px4_msgs) StdoutLine: {'line': b'-- Up-to-date symlink: /home/lee/workspace/ros2_ex/install/px4_msgs/include/px4_msgs/px4_msgs/msg/detail/vehicle_rates_setpoint__rosidl_typesupport_fastrtps_cpp.hpp\n'}
[0.477037] (px4_msgs) StdoutLine: {'line': b'-- Up-to-date symlink: /home/lee/workspace/ros2_ex/install/px4_msgs/include/px4_msgs/px4_msgs/msg/detail/vehicle_roi__rosidl_typesupport_fastrtps_cpp.hpp\n'}
[0.477054] (px4_msgs) StdoutLine: {'line': b'-- Up-to-date symlink: /home/lee/workspace/ros2_ex/install/px4_msgs/include/px4_msgs/px4_msgs/msg/detail/vehicle_status__rosidl_typesupport_fastrtps_cpp.hpp\n'}
[0.477073] (px4_msgs) StdoutLine: {'line': b'-- Up-to-date symlink: /home/lee/workspace/ros2_ex/install/px4_msgs/include/px4_msgs/px4_msgs/msg/detail/vehicle_thrust_setpoint__rosidl_typesupport_fastrtps_cpp.hpp\n'}
[0.477090] (px4_msgs) StdoutLine: {'line': b'-- Up-to-date symlink: /home/lee/workspace/ros2_ex/install/px4_msgs/include/px4_msgs/px4_msgs/msg/detail/vehicle_torque_setpoint__rosidl_typesupport_fastrtps_cpp.hpp\n'}
[0.477107] (px4_msgs) StdoutLine: {'line': b'-- Up-to-date symlink: /home/lee/workspace/ros2_ex/install/px4_msgs/include/px4_msgs/px4_msgs/msg/detail/vehicle_trajectory_bezier__rosidl_typesupport_fastrtps_cpp.hpp\n'}
[0.477124] (px4_msgs) StdoutLine: {'line': b'-- Up-to-date symlink: /home/lee/workspace/ros2_ex/install/px4_msgs/include/px4_msgs/px4_msgs/msg/detail/vehicle_trajectory_waypoint__rosidl_typesupport_fastrtps_cpp.hpp\n'}
[0.477141] (px4_msgs) StdoutLine: {'line': b'-- Up-to-date symlink: /home/lee/workspace/ros2_ex/install/px4_msgs/include/px4_msgs/px4_msgs/msg/detail/velocity_limits__rosidl_typesupport_fastrtps_cpp.hpp\n'}
[0.477157] (px4_msgs) StdoutLine: {'line': b'-- Up-to-date symlink: /home/lee/workspace/ros2_ex/install/px4_msgs/include/px4_msgs/px4_msgs/msg/detail/vtol_vehicle_status__rosidl_typesupport_fastrtps_cpp.hpp\n'}
[0.477174] (px4_msgs) StdoutLine: {'line': b'-- Up-to-date symlink: /home/lee/workspace/ros2_ex/install/px4_msgs/include/px4_msgs/px4_msgs/msg/detail/wheel_encoders__rosidl_typesupport_fastrtps_cpp.hpp\n'}
[0.477191] (px4_msgs) StdoutLine: {'line': b'-- Up-to-date symlink: /home/lee/workspace/ros2_ex/install/px4_msgs/include/px4_msgs/px4_msgs/msg/detail/wind__rosidl_typesupport_fastrtps_cpp.hpp\n'}
[0.477207] (px4_msgs) StdoutLine: {'line': b'-- Up-to-date symlink: /home/lee/workspace/ros2_ex/install/px4_msgs/include/px4_msgs/px4_msgs/msg/detail/yaw_estimator_status__rosidl_typesupport_fastrtps_cpp.hpp\n'}
[0.477224] (px4_msgs) StdoutLine: {'line': b'-- Up-to-date symlink: /home/lee/workspace/ros2_ex/install/px4_msgs/include/px4_msgs/px4_msgs/msg/rosidl_typesupport_fastrtps_cpp__visibility_control.h\n'}
[0.477241] (px4_msgs) StdoutLine: {'line': b'-- Up-to-date symlink: /home/lee/workspace/ros2_ex/install/px4_msgs/include/px4_msgs/px4_msgs/srv/detail/vehicle_command__rosidl_typesupport_fastrtps_cpp.hpp\n'}
[0.478261] (px4_msgs) StdoutLine: {'line': b'-- Up-to-date symlink: /home/lee/workspace/ros2_ex/install/px4_msgs/include/px4_msgs/px4_msgs/msg/detail/action_request__rosidl_typesupport_introspection_c.h\n'}
[0.478335] (px4_msgs) StdoutLine: {'line': b'-- Up-to-date symlink: /home/lee/workspace/ros2_ex/install/px4_msgs/include/px4_msgs/px4_msgs/msg/detail/actuator_armed__rosidl_typesupport_introspection_c.h\n'}
[0.478355] (px4_msgs) StdoutLine: {'line': b'-- Up-to-date symlink: /home/lee/workspace/ros2_ex/install/px4_msgs/include/px4_msgs/px4_msgs/msg/detail/actuator_controls_status__rosidl_typesupport_introspection_c.h\n'}
[0.478375] (px4_msgs) StdoutLine: {'line': b'-- Up-to-date symlink: /home/lee/workspace/ros2_ex/install/px4_msgs/include/px4_msgs/px4_msgs/msg/detail/actuator_motors__rosidl_typesupport_introspection_c.h\n'}
[0.478406] (px4_msgs) StdoutLine: {'line': b'-- Up-to-date symlink: /home/lee/workspace/ros2_ex/install/px4_msgs/include/px4_msgs/px4_msgs/msg/detail/actuator_outputs__rosidl_typesupport_introspection_c.h\n'}
[0.478428] (px4_msgs) StdoutLine: {'line': b'-- Up-to-date symlink: /home/lee/workspace/ros2_ex/install/px4_msgs/include/px4_msgs/px4_msgs/msg/detail/actuator_servos__rosidl_typesupport_introspection_c.h\n'}
[0.478459] (px4_msgs) StdoutLine: {'line': b'-- Up-to-date symlink: /home/lee/workspace/ros2_ex/install/px4_msgs/include/px4_msgs/px4_msgs/msg/detail/actuator_servos_trim__rosidl_typesupport_introspection_c.h\n'}
[0.478477] (px4_msgs) StdoutLine: {'line': b'-- Up-to-date symlink: /home/lee/workspace/ros2_ex/install/px4_msgs/include/px4_msgs/px4_msgs/msg/detail/actuator_test__rosidl_typesupport_introspection_c.h\n'}
[0.478504] (px4_msgs) StdoutLine: {'line': b'-- Up-to-date symlink: /home/lee/workspace/ros2_ex/install/px4_msgs/include/px4_msgs/px4_msgs/msg/detail/adc_report__rosidl_typesupport_introspection_c.h\n'}
[0.478527] (px4_msgs) StdoutLine: {'line': b'-- Up-to-date symlink: /home/lee/workspace/ros2_ex/install/px4_msgs/include/px4_msgs/px4_msgs/msg/detail/airspeed__rosidl_typesupport_introspection_c.h\n'}
[0.478554] (px4_msgs) StdoutLine: {'line': b'-- Up-to-date symlink: /home/lee/workspace/ros2_ex/install/px4_msgs/include/px4_msgs/px4_msgs/msg/detail/airspeed_validated__rosidl_typesupport_introspection_c.h\n'}
[0.478582] (px4_msgs) StdoutLine: {'line': b'-- Up-to-date symlink: /home/lee/workspace/ros2_ex/install/px4_msgs/include/px4_msgs/px4_msgs/msg/detail/airspeed_wind__rosidl_typesupport_introspection_c.h\n'}
[0.478614] (px4_msgs) StdoutLine: {'line': b'-- Up-to-date symlink: /home/lee/workspace/ros2_ex/install/px4_msgs/include/px4_msgs/px4_msgs/msg/detail/arming_check_reply__rosidl_typesupport_introspection_c.h\n'}
[0.478646] (px4_msgs) StdoutLine: {'line': b'-- Up-to-date symlink: /home/lee/workspace/ros2_ex/install/px4_msgs/include/px4_msgs/px4_msgs/msg/detail/arming_check_request__rosidl_typesupport_introspection_c.h\n'}
[0.478679] (px4_msgs) StdoutLine: {'line': b'-- Up-to-date symlink: /home/lee/workspace/ros2_ex/install/px4_msgs/include/px4_msgs/px4_msgs/msg/detail/autotune_attitude_control_status__rosidl_typesupport_introspection_c.h\n'}
[0.478711] (px4_msgs) StdoutLine: {'line': b'-- Up-to-date symlink: /home/lee/workspace/ros2_ex/install/px4_msgs/include/px4_msgs/px4_msgs/msg/detail/battery_info__rosidl_typesupport_introspection_c.h\n'}
[0.478745] (px4_msgs) StdoutLine: {'line': b'-- Up-to-date symlink: /home/lee/workspace/ros2_ex/install/px4_msgs/include/px4_msgs/px4_msgs/msg/detail/battery_status__rosidl_typesupport_introspection_c.h\n'}
[0.478776] (px4_msgs) StdoutLine: {'line': b'-- Up-to-date symlink: /home/lee/workspace/ros2_ex/install/px4_msgs/include/px4_msgs/px4_msgs/msg/detail/button_event__rosidl_typesupport_introspection_c.h\n'}
[0.478810] (px4_msgs) StdoutLine: {'line': b'-- Up-to-date symlink: /home/lee/workspace/ros2_ex/install/px4_msgs/include/px4_msgs/px4_msgs/msg/detail/camera_capture__rosidl_typesupport_introspection_c.h\n'}
[0.478842] (px4_msgs) StdoutLine: {'line': b'-- Up-to-date symlink: /home/lee/workspace/ros2_ex/install/px4_msgs/include/px4_msgs/px4_msgs/msg/detail/camera_status__rosidl_typesupport_introspection_c.h\n'}
[0.478874] (px4_msgs) StdoutLine: {'line': b'-- Up-to-date symlink: /home/lee/workspace/ros2_ex/install/px4_msgs/include/px4_msgs/px4_msgs/msg/detail/camera_trigger__rosidl_typesupport_introspection_c.h\n'}
[0.478906] (px4_msgs) StdoutLine: {'line': b'-- Up-to-date symlink: /home/lee/workspace/ros2_ex/install/px4_msgs/include/px4_msgs/px4_msgs/msg/detail/can_interface_status__rosidl_typesupport_introspection_c.h\n'}
[0.478938] (px4_msgs) StdoutLine: {'line': b'-- Up-to-date symlink: /home/lee/workspace/ros2_ex/install/px4_msgs/include/px4_msgs/px4_msgs/msg/detail/cellular_status__rosidl_typesupport_introspection_c.h\n'}
[0.478969] (px4_msgs) StdoutLine: {'line': b'-- Up-to-date symlink: /home/lee/workspace/ros2_ex/install/px4_msgs/include/px4_msgs/px4_msgs/msg/detail/collision_constraints__rosidl_typesupport_introspection_c.h\n'}
[0.479001] (px4_msgs) StdoutLine: {'line': b'-- Up-to-date symlink: /home/lee/workspace/ros2_ex/install/px4_msgs/include/px4_msgs/px4_msgs/msg/detail/collision_report__rosidl_typesupport_introspection_c.h\n'}
[0.479033] (px4_msgs) StdoutLine: {'line': b'-- Up-to-date symlink: /home/lee/workspace/ros2_ex/install/px4_msgs/include/px4_msgs/px4_msgs/msg/detail/config_overrides__rosidl_typesupport_introspection_c.h\n'}
[0.479064] (px4_msgs) StdoutLine: {'line': b'-- Up-to-date symlink: /home/lee/workspace/ros2_ex/install/px4_msgs/include/px4_msgs/px4_msgs/msg/detail/control_allocator_status__rosidl_typesupport_introspection_c.h\n'}
[0.479097] (px4_msgs) StdoutLine: {'line': b'-- Up-to-date symlink: /home/lee/workspace/ros2_ex/install/px4_msgs/include/px4_msgs/px4_msgs/msg/detail/cpuload__rosidl_typesupport_introspection_c.h\n'}
[0.479128] (px4_msgs) StdoutLine: {'line': b'-- Up-to-date symlink: /home/lee/workspace/ros2_ex/install/px4_msgs/include/px4_msgs/px4_msgs/msg/detail/dataman_request__rosidl_typesupport_introspection_c.h\n'}
[0.479160] (px4_msgs) StdoutLine: {'line': b'-- Up-to-date symlink: /home/lee/workspace/ros2_ex/install/px4_msgs/include/px4_msgs/px4_msgs/msg/detail/dataman_response__rosidl_typesupport_introspection_c.h\n'}
[0.479192] (px4_msgs) StdoutLine: {'line': b'-- Up-to-date symlink: /home/lee/workspace/ros2_ex/install/px4_msgs/include/px4_msgs/px4_msgs/msg/detail/debug_array__rosidl_typesupport_introspection_c.h\n'}
[0.479223] (px4_msgs) StdoutLine: {'line': b'-- Up-to-date symlink: /home/lee/workspace/ros2_ex/install/px4_msgs/include/px4_msgs/px4_msgs/msg/detail/debug_key_value__rosidl_typesupport_introspection_c.h\n'}
[0.479254] (px4_msgs) StdoutLine: {'line': b'-- Up-to-date symlink: /home/lee/workspace/ros2_ex/install/px4_msgs/include/px4_msgs/px4_msgs/msg/detail/debug_value__rosidl_typesupport_introspection_c.h\n'}
[0.479287] (px4_msgs) StdoutLine: {'line': b'-- Up-to-date symlink: /home/lee/workspace/ros2_ex/install/px4_msgs/include/px4_msgs/px4_msgs/msg/detail/debug_vect__rosidl_typesupport_introspection_c.h\n'}
[0.479320] (px4_msgs) StdoutLine: {'line': b'-- Up-to-date symlink: /home/lee/workspace/ros2_ex/install/px4_msgs/include/px4_msgs/px4_msgs/msg/detail/differential_pressure__rosidl_typesupport_introspection_c.h\n'}
[0.479351] (px4_msgs) StdoutLine: {'line': b'-- Up-to-date symlink: /home/lee/workspace/ros2_ex/install/px4_msgs/include/px4_msgs/px4_msgs/msg/detail/distance_sensor__rosidl_typesupport_introspection_c.h\n'}
[0.479384] (px4_msgs) StdoutLine: {'line': b'-- Up-to-date symlink: /home/lee/workspace/ros2_ex/install/px4_msgs/include/px4_msgs/px4_msgs/msg/detail/distance_sensor_mode_change_request__rosidl_typesupport_introspection_c.h\n'}
[0.479415] (px4_msgs) StdoutLine: {'line': b'-- Up-to-date symlink: /home/lee/workspace/ros2_ex/install/px4_msgs/include/px4_msgs/px4_msgs/msg/detail/dronecan_node_status__rosidl_typesupport_introspection_c.h\n'}
[0.479447] (px4_msgs) StdoutLine: {'line': b'-- Up-to-date symlink: /home/lee/workspace/ros2_ex/install/px4_msgs/include/px4_msgs/px4_msgs/msg/detail/ekf2_timestamps__rosidl_typesupport_introspection_c.h\n'}
[0.479481] (px4_msgs) StdoutLine: {'line': b'-- Up-to-date symlink: /home/lee/workspace/ros2_ex/install/px4_msgs/include/px4_msgs/px4_msgs/msg/detail/esc_report__rosidl_typesupport_introspection_c.h\n'}
[0.479514] (px4_msgs) StdoutLine: {'line': b'-- Up-to-date symlink: /home/lee/workspace/ros2_ex/install/px4_msgs/include/px4_msgs/px4_msgs/msg/detail/esc_status__rosidl_typesupport_introspection_c.h\n'}
[0.479546] (px4_msgs) StdoutLine: {'line': b'-- Up-to-date symlink: /home/lee/workspace/ros2_ex/install/px4_msgs/include/px4_msgs/px4_msgs/msg/detail/estimator_aid_source1d__rosidl_typesupport_introspection_c.h\n'}
[0.479578] (px4_msgs) StdoutLine: {'line': b'-- Up-to-date symlink: /home/lee/workspace/ros2_ex/install/px4_msgs/include/px4_msgs/px4_msgs/msg/detail/estimator_aid_source2d__rosidl_typesupport_introspection_c.h\n'}
[0.479610] (px4_msgs) StdoutLine: {'line': b'-- Up-to-date symlink: /home/lee/workspace/ros2_ex/install/px4_msgs/include/px4_msgs/px4_msgs/msg/detail/estimator_aid_source3d__rosidl_typesupport_introspection_c.h\n'}
[0.479643] (px4_msgs) StdoutLine: {'line': b'-- Up-to-date symlink: /home/lee/workspace/ros2_ex/install/px4_msgs/include/px4_msgs/px4_msgs/msg/detail/estimator_bias3d__rosidl_typesupport_introspection_c.h\n'}
[0.479674] (px4_msgs) StdoutLine: {'line': b'-- Up-to-date symlink: /home/lee/workspace/ros2_ex/install/px4_msgs/include/px4_msgs/px4_msgs/msg/detail/estimator_bias__rosidl_typesupport_introspection_c.h\n'}
[0.479706] (px4_msgs) StdoutLine: {'line': b'-- Up-to-date symlink: /home/lee/workspace/ros2_ex/install/px4_msgs/include/px4_msgs/px4_msgs/msg/detail/estimator_event_flags__rosidl_typesupport_introspection_c.h\n'}
[0.479739] (px4_msgs) StdoutLine: {'line': b'-- Up-to-date symlink: /home/lee/workspace/ros2_ex/install/px4_msgs/include/px4_msgs/px4_msgs/msg/detail/estimator_gps_status__rosidl_typesupport_introspection_c.h\n'}
[0.479771] (px4_msgs) StdoutLine: {'line': b'-- Up-to-date symlink: /home/lee/workspace/ros2_ex/install/px4_msgs/include/px4_msgs/px4_msgs/msg/detail/estimator_innovations__rosidl_typesupport_introspection_c.h\n'}
[0.479803] (px4_msgs) StdoutLine: {'line': b'-- Up-to-date symlink: /home/lee/workspace/ros2_ex/install/px4_msgs/include/px4_msgs/px4_msgs/msg/detail/estimator_selector_status__rosidl_typesupport_introspection_c.h\n'}
[0.479835] (px4_msgs) StdoutLine: {'line': b'-- Up-to-date symlink: /home/lee/workspace/ros2_ex/install/px4_msgs/include/px4_msgs/px4_msgs/msg/detail/estimator_sensor_bias__rosidl_typesupport_introspection_c.h\n'}
[0.479866] (px4_msgs) StdoutLine: {'line': b'-- Up-to-date symlink: /home/lee/workspace/ros2_ex/install/px4_msgs/include/px4_msgs/px4_msgs/msg/detail/estimator_states__rosidl_typesupport_introspection_c.h\n'}
[0.479897] (px4_msgs) StdoutLine: {'line': b'-- Up-to-date symlink: /home/lee/workspace/ros2_ex/install/px4_msgs/include/px4_msgs/px4_msgs/msg/detail/estimator_status__rosidl_typesupport_introspection_c.h\n'}
[0.479929] (px4_msgs) StdoutLine: {'line': b'-- Up-to-date symlink: /home/lee/workspace/ros2_ex/install/px4_msgs/include/px4_msgs/px4_msgs/msg/detail/estimator_status_flags__rosidl_typesupport_introspection_c.h\n'}
[0.479962] (px4_msgs) StdoutLine: {'line': b'-- Up-to-date symlink: /home/lee/workspace/ros2_ex/install/px4_msgs/include/px4_msgs/px4_msgs/msg/detail/event__rosidl_typesupport_introspection_c.h\n'}
[0.479994] (px4_msgs) StdoutLine: {'line': b'-- Up-to-date symlink: /home/lee/workspace/ros2_ex/install/px4_msgs/include/px4_msgs/px4_msgs/msg/detail/failsafe_flags__rosidl_typesupport_introspection_c.h\n'}
[0.480025] (px4_msgs) StdoutLine: {'line': b'-- Up-to-date symlink: /home/lee/workspace/ros2_ex/install/px4_msgs/include/px4_msgs/px4_msgs/msg/detail/failure_detector_status__rosidl_typesupport_introspection_c.h\n'}
[0.480057] (px4_msgs) StdoutLine: {'line': b'-- Up-to-date symlink: /home/lee/workspace/ros2_ex/install/px4_msgs/include/px4_msgs/px4_msgs/msg/detail/figure_eight_status__rosidl_typesupport_introspection_c.h\n'}
[0.480089] (px4_msgs) StdoutLine: {'line': b'-- Up-to-date symlink: /home/lee/workspace/ros2_ex/install/px4_msgs/include/px4_msgs/px4_msgs/msg/detail/fixed_wing_lateral_guidance_status__rosidl_typesupport_introspection_c.h\n'}
[0.480121] (px4_msgs) StdoutLine: {'line': b'-- Up-to-date symlink: /home/lee/workspace/ros2_ex/install/px4_msgs/include/px4_msgs/px4_msgs/msg/detail/fixed_wing_lateral_setpoint__rosidl_typesupport_introspection_c.h\n'}
[0.480152] (px4_msgs) StdoutLine: {'line': b'-- Up-to-date symlink: /home/lee/workspace/ros2_ex/install/px4_msgs/include/px4_msgs/px4_msgs/msg/detail/fixed_wing_lateral_status__rosidl_typesupport_introspection_c.h\n'}
[0.480184] (px4_msgs) StdoutLine: {'line': b'-- Up-to-date symlink: /home/lee/workspace/ros2_ex/install/px4_msgs/include/px4_msgs/px4_msgs/msg/detail/fixed_wing_longitudinal_setpoint__rosidl_typesupport_introspection_c.h\n'}
[0.480216] (px4_msgs) StdoutLine: {'line': b'-- Up-to-date symlink: /home/lee/workspace/ros2_ex/install/px4_msgs/include/px4_msgs/px4_msgs/msg/detail/fixed_wing_runway_control__rosidl_typesupport_introspection_c.h\n'}
[0.480248] (px4_msgs) StdoutLine: {'line': b'-- Up-to-date symlink: /home/lee/workspace/ros2_ex/install/px4_msgs/include/px4_msgs/px4_msgs/msg/detail/flight_phase_estimation__rosidl_typesupport_introspection_c.h\n'}
[0.480283] (px4_msgs) StdoutLine: {'line': b'-- Up-to-date symlink: /home/lee/workspace/ros2_ex/install/px4_msgs/include/px4_msgs/px4_msgs/msg/detail/follow_target__rosidl_typesupport_introspection_c.h\n'}
[0.480314] (px4_msgs) StdoutLine: {'line': b'-- Up-to-date symlink: /home/lee/workspace/ros2_ex/install/px4_msgs/include/px4_msgs/px4_msgs/msg/detail/follow_target_estimator__rosidl_typesupport_introspection_c.h\n'}
[0.480346] (px4_msgs) StdoutLine: {'line': b'-- Up-to-date symlink: /home/lee/workspace/ros2_ex/install/px4_msgs/include/px4_msgs/px4_msgs/msg/detail/follow_target_status__rosidl_typesupport_introspection_c.h\n'}
[0.480377] (px4_msgs) StdoutLine: {'line': b'-- Up-to-date symlink: /home/lee/workspace/ros2_ex/install/px4_msgs/include/px4_msgs/px4_msgs/msg/detail/fuel_tank_status__rosidl_typesupport_introspection_c.h\n'}
[0.480408] (px4_msgs) StdoutLine: {'line': b'-- Up-to-date symlink: /home/lee/workspace/ros2_ex/install/px4_msgs/include/px4_msgs/px4_msgs/msg/detail/generator_status__rosidl_typesupport_introspection_c.h\n'}
[0.480440] (px4_msgs) StdoutLine: {'line': b'-- Up-to-date symlink: /home/lee/workspace/ros2_ex/install/px4_msgs/include/px4_msgs/px4_msgs/msg/detail/geofence_result__rosidl_typesupport_introspection_c.h\n'}
[0.480471] (px4_msgs) StdoutLine: {'line': b'-- Up-to-date symlink: /home/lee/workspace/ros2_ex/install/px4_msgs/include/px4_msgs/px4_msgs/msg/detail/geofence_status__rosidl_typesupport_introspection_c.h\n'}
[0.480503] (px4_msgs) StdoutLine: {'line': b'-- Up-to-date symlink: /home/lee/workspace/ros2_ex/install/px4_msgs/include/px4_msgs/px4_msgs/msg/detail/gimbal_controls__rosidl_typesupport_introspection_c.h\n'}
[0.480534] (px4_msgs) StdoutLine: {'line': b'-- Up-to-date symlink: /home/lee/workspace/ros2_ex/install/px4_msgs/include/px4_msgs/px4_msgs/msg/detail/gimbal_device_attitude_status__rosidl_typesupport_introspection_c.h\n'}
[0.480566] (px4_msgs) StdoutLine: {'line': b'-- Up-to-date symlink: /home/lee/workspace/ros2_ex/install/px4_msgs/include/px4_msgs/px4_msgs/msg/detail/gimbal_device_information__rosidl_typesupport_introspection_c.h\n'}
[0.480598] (px4_msgs) StdoutLine: {'line': b'-- Up-to-date symlink: /home/lee/workspace/ros2_ex/install/px4_msgs/include/px4_msgs/px4_msgs/msg/detail/gimbal_device_set_attitude__rosidl_typesupport_introspection_c.h\n'}
[0.480631] (px4_msgs) StdoutLine: {'line': b'-- Up-to-date symlink: /home/lee/workspace/ros2_ex/install/px4_msgs/include/px4_msgs/px4_msgs/msg/detail/gimbal_manager_information__rosidl_typesupport_introspection_c.h\n'}
[0.480663] (px4_msgs) StdoutLine: {'line': b'-- Up-to-date symlink: /home/lee/workspace/ros2_ex/install/px4_msgs/include/px4_msgs/px4_msgs/msg/detail/gimbal_manager_set_attitude__rosidl_typesupport_introspection_c.h\n'}
[0.480695] (px4_msgs) StdoutLine: {'line': b'-- Up-to-date symlink: /home/lee/workspace/ros2_ex/install/px4_msgs/include/px4_msgs/px4_msgs/msg/detail/gimbal_manager_set_manual_control__rosidl_typesupport_introspection_c.h\n'}
[0.480727] (px4_msgs) StdoutLine: {'line': b'-- Up-to-date symlink: /home/lee/workspace/ros2_ex/install/px4_msgs/include/px4_msgs/px4_msgs/msg/detail/gimbal_manager_status__rosidl_typesupport_introspection_c.h\n'}
[0.480759] (px4_msgs) StdoutLine: {'line': b'-- Up-to-date symlink: /home/lee/workspace/ros2_ex/install/px4_msgs/include/px4_msgs/px4_msgs/msg/detail/goto_setpoint__rosidl_typesupport_introspection_c.h\n'}
[0.480791] (px4_msgs) StdoutLine: {'line': b'-- Up-to-date symlink: /home/lee/workspace/ros2_ex/install/px4_msgs/include/px4_msgs/px4_msgs/msg/detail/gpio_config__rosidl_typesupport_introspection_c.h\n'}
[0.480823] (px4_msgs) StdoutLine: {'line': b'-- Up-to-date symlink: /home/lee/workspace/ros2_ex/install/px4_msgs/include/px4_msgs/px4_msgs/msg/detail/gpio_in__rosidl_typesupport_introspection_c.h\n'}
[0.480855] (px4_msgs) StdoutLine: {'line': b'-- Up-to-date symlink: /home/lee/workspace/ros2_ex/install/px4_msgs/include/px4_msgs/px4_msgs/msg/detail/gpio_out__rosidl_typesupport_introspection_c.h\n'}
[0.480887] (px4_msgs) StdoutLine: {'line': b'-- Up-to-date symlink: /home/lee/workspace/ros2_ex/install/px4_msgs/include/px4_msgs/px4_msgs/msg/detail/gpio_request__rosidl_typesupport_introspection_c.h\n'}
[0.480919] (px4_msgs) StdoutLine: {'line': b'-- Up-to-date symlink: /home/lee/workspace/ros2_ex/install/px4_msgs/include/px4_msgs/px4_msgs/msg/detail/gps_dump__rosidl_typesupport_introspection_c.h\n'}
[0.480951] (px4_msgs) StdoutLine: {'line': b'-- Up-to-date symlink: /home/lee/workspace/ros2_ex/install/px4_msgs/include/px4_msgs/px4_msgs/msg/detail/gps_inject_data__rosidl_typesupport_introspection_c.h\n'}
[0.480982] (px4_msgs) StdoutLine: {'line': b'-- Up-to-date symlink: /home/lee/workspace/ros2_ex/install/px4_msgs/include/px4_msgs/px4_msgs/msg/detail/gripper__rosidl_typesupport_introspection_c.h\n'}
[0.481014] (px4_msgs) StdoutLine: {'line': b'-- Up-to-date symlink: /home/lee/workspace/ros2_ex/install/px4_msgs/include/px4_msgs/px4_msgs/msg/detail/health_report__rosidl_typesupport_introspection_c.h\n'}
[0.481046] (px4_msgs) StdoutLine: {'line': b'-- Up-to-date symlink: /home/lee/workspace/ros2_ex/install/px4_msgs/include/px4_msgs/px4_msgs/msg/detail/heater_status__rosidl_typesupport_introspection_c.h\n'}
[0.481077] (px4_msgs) StdoutLine: {'line': b'-- Up-to-date symlink: /home/lee/workspace/ros2_ex/install/px4_msgs/include/px4_msgs/px4_msgs/msg/detail/home_position__rosidl_typesupport_introspection_c.h\n'}
[0.481109] (px4_msgs) StdoutLine: {'line': b'-- Up-to-date symlink: /home/lee/workspace/ros2_ex/install/px4_msgs/include/px4_msgs/px4_msgs/msg/detail/hover_thrust_estimate__rosidl_typesupport_introspection_c.h\n'}
[0.481140] (px4_msgs) StdoutLine: {'line': b'-- Up-to-date symlink: /home/lee/workspace/ros2_ex/install/px4_msgs/include/px4_msgs/px4_msgs/msg/detail/input_rc__rosidl_typesupport_introspection_c.h\n'}
[0.481173] (px4_msgs) StdoutLine: {'line': b'-- Up-to-date symlink: /home/lee/workspace/ros2_ex/install/px4_msgs/include/px4_msgs/px4_msgs/msg/detail/internal_combustion_engine_control__rosidl_typesupport_introspection_c.h\n'}
[0.481205] (px4_msgs) StdoutLine: {'line': b'-- Up-to-date symlink: /home/lee/workspace/ros2_ex/install/px4_msgs/include/px4_msgs/px4_msgs/msg/detail/internal_combustion_engine_status__rosidl_typesupport_introspection_c.h\n'}
[0.481236] (px4_msgs) StdoutLine: {'line': b'-- Up-to-date symlink: /home/lee/workspace/ros2_ex/install/px4_msgs/include/px4_msgs/px4_msgs/msg/detail/iridiumsbd_status__rosidl_typesupport_introspection_c.h\n'}
[0.481268] (px4_msgs) StdoutLine: {'line': b'-- Up-to-date symlink: /home/lee/workspace/ros2_ex/install/px4_msgs/include/px4_msgs/px4_msgs/msg/detail/irlock_report__rosidl_typesupport_introspection_c.h\n'}
[0.481301] (px4_msgs) StdoutLine: {'line': b'-- Up-to-date symlink: /home/lee/workspace/ros2_ex/install/px4_msgs/include/px4_msgs/px4_msgs/msg/detail/landing_gear__rosidl_typesupport_introspection_c.h\n'}
[0.481333] (px4_msgs) StdoutLine: {'line': b'-- Up-to-date symlink: /home/lee/workspace/ros2_ex/install/px4_msgs/include/px4_msgs/px4_msgs/msg/detail/landing_gear_wheel__rosidl_typesupport_introspection_c.h\n'}
[0.481364] (px4_msgs) StdoutLine: {'line': b'-- Up-to-date symlink: /home/lee/workspace/ros2_ex/install/px4_msgs/include/px4_msgs/px4_msgs/msg/detail/landing_target_innovations__rosidl_typesupport_introspection_c.h\n'}
[0.481396] (px4_msgs) StdoutLine: {'line': b'-- Up-to-date symlink: /home/lee/workspace/ros2_ex/install/px4_msgs/include/px4_msgs/px4_msgs/msg/detail/landing_target_pose__rosidl_typesupport_introspection_c.h\n'}
[0.481428] (px4_msgs) StdoutLine: {'line': b'-- Up-to-date symlink: /home/lee/workspace/ros2_ex/install/px4_msgs/include/px4_msgs/px4_msgs/msg/detail/lateral_control_configuration__rosidl_typesupport_introspection_c.h\n'}
[0.481459] (px4_msgs) StdoutLine: {'line': b'-- Up-to-date symlink: /home/lee/workspace/ros2_ex/install/px4_msgs/include/px4_msgs/px4_msgs/msg/detail/launch_detection_status__rosidl_typesupport_introspection_c.h\n'}
[0.481491] (px4_msgs) StdoutLine: {'line': b'-- Up-to-date symlink: /home/lee/workspace/ros2_ex/install/px4_msgs/include/px4_msgs/px4_msgs/msg/detail/led_control__rosidl_typesupport_introspection_c.h\n'}
[0.481523] (px4_msgs) StdoutLine: {'line': b'-- Up-to-date symlink: /home/lee/workspace/ros2_ex/install/px4_msgs/include/px4_msgs/px4_msgs/msg/detail/log_message__rosidl_typesupport_introspection_c.h\n'}
[0.481554] (px4_msgs) StdoutLine: {'line': b'-- Up-to-date symlink: /home/lee/workspace/ros2_ex/install/px4_msgs/include/px4_msgs/px4_msgs/msg/detail/logger_status__rosidl_typesupport_introspection_c.h\n'}
[0.481587] (px4_msgs) StdoutLine: {'line': b'-- Up-to-date symlink: /home/lee/workspace/ros2_ex/install/px4_msgs/include/px4_msgs/px4_msgs/msg/detail/longitudinal_control_configuration__rosidl_typesupport_introspection_c.h\n'}
[0.481620] (px4_msgs) StdoutLine: {'line': b'-- Up-to-date symlink: /home/lee/workspace/ros2_ex/install/px4_msgs/include/px4_msgs/px4_msgs/msg/detail/mag_worker_data__rosidl_typesupport_introspection_c.h\n'}
[0.481652] (px4_msgs) StdoutLine: {'line': b'-- Up-to-date symlink: /home/lee/workspace/ros2_ex/install/px4_msgs/include/px4_msgs/px4_msgs/msg/detail/magnetometer_bias_estimate__rosidl_typesupport_introspection_c.h\n'}
[0.481684] (px4_msgs) StdoutLine: {'line': b'-- Up-to-date symlink: /home/lee/workspace/ros2_ex/install/px4_msgs/include/px4_msgs/px4_msgs/msg/detail/manual_control_setpoint__rosidl_typesupport_introspection_c.h\n'}
[0.481716] (px4_msgs) StdoutLine: {'line': b'-- Up-to-date symlink: /home/lee/workspace/ros2_ex/install/px4_msgs/include/px4_msgs/px4_msgs/msg/detail/manual_control_switches__rosidl_typesupport_introspection_c.h\n'}
[0.481748] (px4_msgs) StdoutLine: {'line': b'-- Up-to-date symlink: /home/lee/workspace/ros2_ex/install/px4_msgs/include/px4_msgs/px4_msgs/msg/detail/mavlink_log__rosidl_typesupport_introspection_c.h\n'}
[0.481779] (px4_msgs) StdoutLine: {'line': b'-- Up-to-date symlink: /home/lee/workspace/ros2_ex/install/px4_msgs/include/px4_msgs/px4_msgs/msg/detail/mavlink_tunnel__rosidl_typesupport_introspection_c.h\n'}
[0.481816] (px4_msgs) StdoutLine: {'line': b'-- Up-to-date symlink: /home/lee/workspace/ros2_ex/install/px4_msgs/include/px4_msgs/px4_msgs/msg/detail/message_format_request__rosidl_typesupport_introspection_c.h\n'}
[0.481847] (px4_msgs) StdoutLine: {'line': b'-- Up-to-date symlink: /home/lee/workspace/ros2_ex/install/px4_msgs/include/px4_msgs/px4_msgs/msg/detail/message_format_response__rosidl_typesupport_introspection_c.h\n'}
[0.481875] (px4_msgs) StdoutLine: {'line': b'-- Up-to-date symlink: /home/lee/workspace/ros2_ex/install/px4_msgs/include/px4_msgs/px4_msgs/msg/detail/mission__rosidl_typesupport_introspection_c.h\n'}
[0.481906] (px4_msgs) StdoutLine: {'line': b'-- Up-to-date symlink: /home/lee/workspace/ros2_ex/install/px4_msgs/include/px4_msgs/px4_msgs/msg/detail/mission_result__rosidl_typesupport_introspection_c.h\n'}
[0.481938] (px4_msgs) StdoutLine: {'line': b'-- Up-to-date symlink: /home/lee/workspace/ros2_ex/install/px4_msgs/include/px4_msgs/px4_msgs/msg/detail/mode_completed__rosidl_typesupport_introspection_c.h\n'}
[0.481969] (px4_msgs) StdoutLine: {'line': b'-- Up-to-date symlink: /home/lee/workspace/ros2_ex/install/px4_msgs/include/px4_msgs/px4_msgs/msg/detail/mount_orientation__rosidl_typesupport_introspection_c.h\n'}
[0.482000] (px4_msgs) StdoutLine: {'line': b'-- Up-to-date symlink: /home/lee/workspace/ros2_ex/install/px4_msgs/include/px4_msgs/px4_msgs/msg/detail/navigator_mission_item__rosidl_typesupport_introspection_c.h\n'}
[0.482032] (px4_msgs) StdoutLine: {'line': b'-- Up-to-date symlink: /home/lee/workspace/ros2_ex/install/px4_msgs/include/px4_msgs/px4_msgs/msg/detail/navigator_status__rosidl_typesupport_introspection_c.h\n'}
[0.482064] (px4_msgs) StdoutLine: {'line': b'-- Up-to-date symlink: /home/lee/workspace/ros2_ex/install/px4_msgs/include/px4_msgs/px4_msgs/msg/detail/normalized_unsigned_setpoint__rosidl_typesupport_introspection_c.h\n'}
[0.482096] (px4_msgs) StdoutLine: {'line': b'-- Up-to-date symlink: /home/lee/workspace/ros2_ex/install/px4_msgs/include/px4_msgs/px4_msgs/msg/detail/npfg_status__rosidl_typesupport_introspection_c.h\n'}
[0.482127] (px4_msgs) StdoutLine: {'line': b'-- Up-to-date symlink: /home/lee/workspace/ros2_ex/install/px4_msgs/include/px4_msgs/px4_msgs/msg/detail/obstacle_distance__rosidl_typesupport_introspection_c.h\n'}
[0.482159] (px4_msgs) StdoutLine: {'line': b'-- Up-to-date symlink: /home/lee/workspace/ros2_ex/install/px4_msgs/include/px4_msgs/px4_msgs/msg/detail/offboard_control_mode__rosidl_typesupport_introspection_c.h\n'}
[0.482191] (px4_msgs) StdoutLine: {'line': b'-- Up-to-date symlink: /home/lee/workspace/ros2_ex/install/px4_msgs/include/px4_msgs/px4_msgs/msg/detail/onboard_computer_status__rosidl_typesupport_introspection_c.h\n'}
[0.482222] (px4_msgs) StdoutLine: {'line': b'-- Up-to-date symlink: /home/lee/workspace/ros2_ex/install/px4_msgs/include/px4_msgs/px4_msgs/msg/detail/open_drone_id_arm_status__rosidl_typesupport_introspection_c.h\n'}
[0.482255] (px4_msgs) StdoutLine: {'line': b'-- Up-to-date symlink: /home/lee/workspace/ros2_ex/install/px4_msgs/include/px4_msgs/px4_msgs/msg/detail/open_drone_id_operator_id__rosidl_typesupport_introspection_c.h\n'}
[0.482286] (px4_msgs) StdoutLine: {'line': b'-- Up-to-date symlink: /home/lee/workspace/ros2_ex/install/px4_msgs/include/px4_msgs/px4_msgs/msg/detail/open_drone_id_self_id__rosidl_typesupport_introspection_c.h\n'}
[0.482319] (px4_msgs) StdoutLine: {'line': b'-- Up-to-date symlink: /home/lee/workspace/ros2_ex/install/px4_msgs/include/px4_msgs/px4_msgs/msg/detail/open_drone_id_system__rosidl_typesupport_introspection_c.h\n'}
[0.482351] (px4_msgs) StdoutLine: {'line': b'-- Up-to-date symlink: /home/lee/workspace/ros2_ex/install/px4_msgs/include/px4_msgs/px4_msgs/msg/detail/orb_test__rosidl_typesupport_introspection_c.h\n'}
[0.482383] (px4_msgs) StdoutLine: {'line': b'-- Up-to-date symlink: /home/lee/workspace/ros2_ex/install/px4_msgs/include/px4_msgs/px4_msgs/msg/detail/orb_test_large__rosidl_typesupport_introspection_c.h\n'}
[0.482414] (px4_msgs) StdoutLine: {'line': b'-- Up-to-date symlink: /home/lee/workspace/ros2_ex/install/px4_msgs/include/px4_msgs/px4_msgs/msg/detail/orb_test_medium__rosidl_typesupport_introspection_c.h\n'}
[0.482446] (px4_msgs) StdoutLine: {'line': b'-- Up-to-date symlink: /home/lee/workspace/ros2_ex/install/px4_msgs/include/px4_msgs/px4_msgs/msg/detail/orbit_status__rosidl_typesupport_introspection_c.h\n'}
[0.482477] (px4_msgs) StdoutLine: {'line': b'-- Up-to-date symlink: /home/lee/workspace/ros2_ex/install/px4_msgs/include/px4_msgs/px4_msgs/msg/detail/parameter_reset_request__rosidl_typesupport_introspection_c.h\n'}
[0.482509] (px4_msgs) StdoutLine: {'line': b'-- Up-to-date symlink: /home/lee/workspace/ros2_ex/install/px4_msgs/include/px4_msgs/px4_msgs/msg/detail/parameter_set_used_request__rosidl_typesupport_introspection_c.h\n'}
[0.482542] (px4_msgs) StdoutLine: {'line': b'-- Up-to-date symlink: /home/lee/workspace/ros2_ex/install/px4_msgs/include/px4_msgs/px4_msgs/msg/detail/parameter_set_value_request__rosidl_typesupport_introspection_c.h\n'}
[0.482573] (px4_msgs) StdoutLine: {'line': b'-- Up-to-date symlink: /home/lee/workspace/ros2_ex/install/px4_msgs/include/px4_msgs/px4_msgs/msg/detail/parameter_set_value_response__rosidl_typesupport_introspection_c.h\n'}
[0.482605] (px4_msgs) StdoutLine: {'line': b'-- Up-to-date symlink: /home/lee/workspace/ros2_ex/install/px4_msgs/include/px4_msgs/px4_msgs/msg/detail/parameter_update__rosidl_typesupport_introspection_c.h\n'}
[0.482637] (px4_msgs) StdoutLine: {'line': b'-- Up-to-date symlink: /home/lee/workspace/ros2_ex/install/px4_msgs/include/px4_msgs/px4_msgs/msg/detail/ping__rosidl_typesupport_introspection_c.h\n'}
[0.482669] (px4_msgs) StdoutLine: {'line': b'-- Up-to-date symlink: /home/lee/workspace/ros2_ex/install/px4_msgs/include/px4_msgs/px4_msgs/msg/detail/position_controller_landing_status__rosidl_typesupport_introspection_c.h\n'}
[0.482702] (px4_msgs) StdoutLine: {'line': b'-- Up-to-date symlink: /home/lee/workspace/ros2_ex/install/px4_msgs/include/px4_msgs/px4_msgs/msg/detail/position_controller_status__rosidl_typesupport_introspection_c.h\n'}
[0.482734] (px4_msgs) StdoutLine: {'line': b'-- Up-to-date symlink: /home/lee/workspace/ros2_ex/install/px4_msgs/include/px4_msgs/px4_msgs/msg/detail/position_setpoint__rosidl_typesupport_introspection_c.h\n'}
[0.482767] (px4_msgs) StdoutLine: {'line': b'-- Up-to-date symlink: /home/lee/workspace/ros2_ex/install/px4_msgs/include/px4_msgs/px4_msgs/msg/detail/position_setpoint_triplet__rosidl_typesupport_introspection_c.h\n'}
[0.482798] (px4_msgs) StdoutLine: {'line': b'-- Up-to-date symlink: /home/lee/workspace/ros2_ex/install/px4_msgs/include/px4_msgs/px4_msgs/msg/detail/power_button_state__rosidl_typesupport_introspection_c.h\n'}
[0.482829] (px4_msgs) StdoutLine: {'line': b'-- Up-to-date symlink: /home/lee/workspace/ros2_ex/install/px4_msgs/include/px4_msgs/px4_msgs/msg/detail/power_monitor__rosidl_typesupport_introspection_c.h\n'}
[0.482861] (px4_msgs) StdoutLine: {'line': b'-- Up-to-date symlink: /home/lee/workspace/ros2_ex/install/px4_msgs/include/px4_msgs/px4_msgs/msg/detail/pps_capture__rosidl_typesupport_introspection_c.h\n'}
[0.482892] (px4_msgs) StdoutLine: {'line': b'-- Up-to-date symlink: /home/lee/workspace/ros2_ex/install/px4_msgs/include/px4_msgs/px4_msgs/msg/detail/pure_pursuit_status__rosidl_typesupport_introspection_c.h\n'}
[0.482924] (px4_msgs) StdoutLine: {'line': b'-- Up-to-date symlink: /home/lee/workspace/ros2_ex/install/px4_msgs/include/px4_msgs/px4_msgs/msg/detail/pwm_input__rosidl_typesupport_introspection_c.h\n'}
[0.482955] (px4_msgs) StdoutLine: {'line': b'-- Up-to-date symlink: /home/lee/workspace/ros2_ex/install/px4_msgs/include/px4_msgs/px4_msgs/msg/detail/px4io_status__rosidl_typesupport_introspection_c.h\n'}
[0.482987] (px4_msgs) StdoutLine: {'line': b'-- Up-to-date symlink: /home/lee/workspace/ros2_ex/install/px4_msgs/include/px4_msgs/px4_msgs/msg/detail/qshell_req__rosidl_typesupport_introspection_c.h\n'}
[0.483018] (px4_msgs) StdoutLine: {'line': b'-- Up-to-date symlink: /home/lee/workspace/ros2_ex/install/px4_msgs/include/px4_msgs/px4_msgs/msg/detail/qshell_retval__rosidl_typesupport_introspection_c.h\n'}
[0.483050] (px4_msgs) StdoutLine: {'line': b'-- Up-to-date symlink: /home/lee/workspace/ros2_ex/install/px4_msgs/include/px4_msgs/px4_msgs/msg/detail/radio_status__rosidl_typesupport_introspection_c.h\n'}
[0.483082] (px4_msgs) StdoutLine: {'line': b'-- Up-to-date symlink: /home/lee/workspace/ros2_ex/install/px4_msgs/include/px4_msgs/px4_msgs/msg/detail/rate_ctrl_status__rosidl_typesupport_introspection_c.h\n'}
[0.483113] (px4_msgs) StdoutLine: {'line': b'-- Up-to-date symlink: /home/lee/workspace/ros2_ex/install/px4_msgs/include/px4_msgs/px4_msgs/msg/detail/rc_channels__rosidl_typesupport_introspection_c.h\n'}
[0.483145] (px4_msgs) StdoutLine: {'line': b'-- Up-to-date symlink: /home/lee/workspace/ros2_ex/install/px4_msgs/include/px4_msgs/px4_msgs/msg/detail/rc_parameter_map__rosidl_typesupport_introspection_c.h\n'}
[0.483177] (px4_msgs) StdoutLine: {'line': b'-- Up-to-date symlink: /home/lee/workspace/ros2_ex/install/px4_msgs/include/px4_msgs/px4_msgs/msg/detail/register_ext_component_reply__rosidl_typesupport_introspection_c.h\n'}
[0.483209] (px4_msgs) StdoutLine: {'line': b'-- Up-to-date symlink: /home/lee/workspace/ros2_ex/install/px4_msgs/include/px4_msgs/px4_msgs/msg/detail/register_ext_component_request__rosidl_typesupport_introspection_c.h\n'}
[0.483240] (px4_msgs) StdoutLine: {'line': b'-- Up-to-date symlink: /home/lee/workspace/ros2_ex/install/px4_msgs/include/px4_msgs/px4_msgs/msg/detail/rover_attitude_setpoint__rosidl_typesupport_introspection_c.h\n'}
[0.483272] (px4_msgs) StdoutLine: {'line': b'-- Up-to-date symlink: /home/lee/workspace/ros2_ex/install/px4_msgs/include/px4_msgs/px4_msgs/msg/detail/rover_attitude_status__rosidl_typesupport_introspection_c.h\n'}
[0.483305] (px4_msgs) StdoutLine: {'line': b'-- Up-to-date symlink: /home/lee/workspace/ros2_ex/install/px4_msgs/include/px4_msgs/px4_msgs/msg/detail/rover_position_setpoint__rosidl_typesupport_introspection_c.h\n'}
[0.483336] (px4_msgs) StdoutLine: {'line': b'-- Up-to-date symlink: /home/lee/workspace/ros2_ex/install/px4_msgs/include/px4_msgs/px4_msgs/msg/detail/rover_rate_setpoint__rosidl_typesupport_introspection_c.h\n'}
[0.483368] (px4_msgs) StdoutLine: {'line': b'-- Up-to-date symlink: /home/lee/workspace/ros2_ex/install/px4_msgs/include/px4_msgs/px4_msgs/msg/detail/rover_rate_status__rosidl_typesupport_introspection_c.h\n'}
[0.483399] (px4_msgs) StdoutLine: {'line': b'-- Up-to-date symlink: /home/lee/workspace/ros2_ex/install/px4_msgs/include/px4_msgs/px4_msgs/msg/detail/rover_steering_setpoint__rosidl_typesupport_introspection_c.h\n'}
[0.483431] (px4_msgs) StdoutLine: {'line': b'-- Up-to-date symlink: /home/lee/workspace/ros2_ex/install/px4_msgs/include/px4_msgs/px4_msgs/msg/detail/rover_throttle_setpoint__rosidl_typesupport_introspection_c.h\n'}
[0.483463] (px4_msgs) StdoutLine: {'line': b'-- Up-to-date symlink: /home/lee/workspace/ros2_ex/install/px4_msgs/include/px4_msgs/px4_msgs/msg/detail/rover_velocity_setpoint__rosidl_typesupport_introspection_c.h\n'}
[0.483494] (px4_msgs) StdoutLine: {'line': b'-- Up-to-date symlink: /home/lee/workspace/ros2_ex/install/px4_msgs/include/px4_msgs/px4_msgs/msg/detail/rover_velocity_status__rosidl_typesupport_introspection_c.h\n'}
[0.483527] (px4_msgs) StdoutLine: {'line': b'-- Up-to-date symlink: /home/lee/workspace/ros2_ex/install/px4_msgs/include/px4_msgs/px4_msgs/msg/detail/rpm__rosidl_typesupport_introspection_c.h\n'}
[0.483559] (px4_msgs) StdoutLine: {'line': b'-- Up-to-date symlink: /home/lee/workspace/ros2_ex/install/px4_msgs/include/px4_msgs/px4_msgs/msg/detail/rtl_status__rosidl_typesupport_introspection_c.h\n'}
[0.483590] (px4_msgs) StdoutLine: {'line': b'-- Up-to-date symlink: /home/lee/workspace/ros2_ex/install/px4_msgs/include/px4_msgs/px4_msgs/msg/detail/rtl_time_estimate__rosidl_typesupport_introspection_c.h\n'}
[0.483622] (px4_msgs) StdoutLine: {'line': b'-- Up-to-date symlink: /home/lee/workspace/ros2_ex/install/px4_msgs/include/px4_msgs/px4_msgs/msg/detail/satellite_info__rosidl_typesupport_introspection_c.h\n'}
[0.483653] (px4_msgs) StdoutLine: {'line': b'-- Up-to-date symlink: /home/lee/workspace/ros2_ex/install/px4_msgs/include/px4_msgs/px4_msgs/msg/detail/sensor_accel__rosidl_typesupport_introspection_c.h\n'}
[0.483685] (px4_msgs) StdoutLine: {'line': b'-- Up-to-date symlink: /home/lee/workspace/ros2_ex/install/px4_msgs/include/px4_msgs/px4_msgs/msg/detail/sensor_accel_fifo__rosidl_typesupport_introspection_c.h\n'}
[0.483717] (px4_msgs) StdoutLine: {'line': b'-- Up-to-date symlink: /home/lee/workspace/ros2_ex/install/px4_msgs/include/px4_msgs/px4_msgs/msg/detail/sensor_airflow__rosidl_typesupport_introspection_c.h\n'}
[0.483749] (px4_msgs) StdoutLine: {'line': b'-- Up-to-date symlink: /home/lee/workspace/ros2_ex/install/px4_msgs/include/px4_msgs/px4_msgs/msg/detail/sensor_baro__rosidl_typesupport_introspection_c.h\n'}
[0.483780] (px4_msgs) StdoutLine: {'line': b'-- Up-to-date symlink: /home/lee/workspace/ros2_ex/install/px4_msgs/include/px4_msgs/px4_msgs/msg/detail/sensor_combined__rosidl_typesupport_introspection_c.h\n'}
[0.483812] (px4_msgs) StdoutLine: {'line': b'-- Up-to-date symlink: /home/lee/workspace/ros2_ex/install/px4_msgs/include/px4_msgs/px4_msgs/msg/detail/sensor_correction__rosidl_typesupport_introspection_c.h\n'}
[0.483844] (px4_msgs) StdoutLine: {'line': b'-- Up-to-date symlink: /home/lee/workspace/ros2_ex/install/px4_msgs/include/px4_msgs/px4_msgs/msg/detail/sensor_gnss_relative__rosidl_typesupport_introspection_c.h\n'}
[0.483875] (px4_msgs) StdoutLine: {'line': b'-- Up-to-date symlink: /home/lee/workspace/ros2_ex/install/px4_msgs/include/px4_msgs/px4_msgs/msg/detail/sensor_gps__rosidl_typesupport_introspection_c.h\n'}
[0.483906] (px4_msgs) StdoutLine: {'line': b'-- Up-to-date symlink: /home/lee/workspace/ros2_ex/install/px4_msgs/include/px4_msgs/px4_msgs/msg/detail/sensor_gyro__rosidl_typesupport_introspection_c.h\n'}
[0.483939] (px4_msgs) StdoutLine: {'line': b'-- Up-to-date symlink: /home/lee/workspace/ros2_ex/install/px4_msgs/include/px4_msgs/px4_msgs/msg/detail/sensor_gyro_fft__rosidl_typesupport_introspection_c.h\n'}
[0.483970] (px4_msgs) StdoutLine: {'line': b'-- Up-to-date symlink: /home/lee/workspace/ros2_ex/install/px4_msgs/include/px4_msgs/px4_msgs/msg/detail/sensor_gyro_fifo__rosidl_typesupport_introspection_c.h\n'}
[0.484001] (px4_msgs) StdoutLine: {'line': b'-- Up-to-date symlink: /home/lee/workspace/ros2_ex/install/px4_msgs/include/px4_msgs/px4_msgs/msg/detail/sensor_hygrometer__rosidl_typesupport_introspection_c.h\n'}
[0.484033] (px4_msgs) StdoutLine: {'line': b'-- Up-to-date symlink: /home/lee/workspace/ros2_ex/install/px4_msgs/include/px4_msgs/px4_msgs/msg/detail/sensor_mag__rosidl_typesupport_introspection_c.h\n'}
[0.484064] (px4_msgs) StdoutLine: {'line': b'-- Up-to-date symlink: /home/lee/workspace/ros2_ex/install/px4_msgs/include/px4_msgs/px4_msgs/msg/detail/sensor_optical_flow__rosidl_typesupport_introspection_c.h\n'}
[0.484096] (px4_msgs) StdoutLine: {'line': b'-- Up-to-date symlink: /home/lee/workspace/ros2_ex/install/px4_msgs/include/px4_msgs/px4_msgs/msg/detail/sensor_preflight_mag__rosidl_typesupport_introspection_c.h\n'}
[0.484127] (px4_msgs) StdoutLine: {'line': b'-- Up-to-date symlink: /home/lee/workspace/ros2_ex/install/px4_msgs/include/px4_msgs/px4_msgs/msg/detail/sensor_selection__rosidl_typesupport_introspection_c.h\n'}
[0.484159] (px4_msgs) StdoutLine: {'line': b'-- Up-to-date symlink: /home/lee/workspace/ros2_ex/install/px4_msgs/include/px4_msgs/px4_msgs/msg/detail/sensor_uwb__rosidl_typesupport_introspection_c.h\n'}
[0.484190] (px4_msgs) StdoutLine: {'line': b'-- Up-to-date symlink: /home/lee/workspace/ros2_ex/install/px4_msgs/include/px4_msgs/px4_msgs/msg/detail/sensors_status__rosidl_typesupport_introspection_c.h\n'}
[0.484221] (px4_msgs) StdoutLine: {'line': b'-- Up-to-date symlink: /home/lee/workspace/ros2_ex/install/px4_msgs/include/px4_msgs/px4_msgs/msg/detail/sensors_status_imu__rosidl_typesupport_introspection_c.h\n'}
[0.484253] (px4_msgs) StdoutLine: {'line': b'-- Up-to-date symlink: /home/lee/workspace/ros2_ex/install/px4_msgs/include/px4_msgs/px4_msgs/msg/detail/system_power__rosidl_typesupport_introspection_c.h\n'}
[0.484286] (px4_msgs) StdoutLine: {'line': b'-- Up-to-date symlink: /home/lee/workspace/ros2_ex/install/px4_msgs/include/px4_msgs/px4_msgs/msg/detail/takeoff_status__rosidl_typesupport_introspection_c.h\n'}
[0.484318] (px4_msgs) StdoutLine: {'line': b'-- Up-to-date symlink: /home/lee/workspace/ros2_ex/install/px4_msgs/include/px4_msgs/px4_msgs/msg/detail/task_stack_info__rosidl_typesupport_introspection_c.h\n'}
[0.484350] (px4_msgs) StdoutLine: {'line': b'-- Up-to-date symlink: /home/lee/workspace/ros2_ex/install/px4_msgs/include/px4_msgs/px4_msgs/msg/detail/tecs_status__rosidl_typesupport_introspection_c.h\n'}
[0.484381] (px4_msgs) StdoutLine: {'line': b'-- Up-to-date symlink: /home/lee/workspace/ros2_ex/install/px4_msgs/include/px4_msgs/px4_msgs/msg/detail/telemetry_status__rosidl_typesupport_introspection_c.h\n'}
[0.484414] (px4_msgs) StdoutLine: {'line': b'-- Up-to-date symlink: /home/lee/workspace/ros2_ex/install/px4_msgs/include/px4_msgs/px4_msgs/msg/detail/tiltrotor_extra_controls__rosidl_typesupport_introspection_c.h\n'}
[0.484447] (px4_msgs) StdoutLine: {'line': b'-- Up-to-date symlink: /home/lee/workspace/ros2_ex/install/px4_msgs/include/px4_msgs/px4_msgs/msg/detail/timesync_status__rosidl_typesupport_introspection_c.h\n'}
[0.484479] (px4_msgs) StdoutLine: {'line': b'-- Up-to-date symlink: /home/lee/workspace/ros2_ex/install/px4_msgs/include/px4_msgs/px4_msgs/msg/detail/trajectory_bezier__rosidl_typesupport_introspection_c.h\n'}
[0.484510] (px4_msgs) StdoutLine: {'line': b'-- Up-to-date symlink: /home/lee/workspace/ros2_ex/install/px4_msgs/include/px4_msgs/px4_msgs/msg/detail/trajectory_setpoint6dof__rosidl_typesupport_introspection_c.h\n'}
[0.484541] (px4_msgs) StdoutLine: {'line': b'-- Up-to-date symlink: /home/lee/workspace/ros2_ex/install/px4_msgs/include/px4_msgs/px4_msgs/msg/detail/trajectory_setpoint__rosidl_typesupport_introspection_c.h\n'}
[0.484573] (px4_msgs) StdoutLine: {'line': b'-- Up-to-date symlink: /home/lee/workspace/ros2_ex/install/px4_msgs/include/px4_msgs/px4_msgs/msg/detail/trajectory_waypoint__rosidl_typesupport_introspection_c.h\n'}
[0.484604] (px4_msgs) StdoutLine: {'line': b'-- Up-to-date symlink: /home/lee/workspace/ros2_ex/install/px4_msgs/include/px4_msgs/px4_msgs/msg/detail/transponder_report__rosidl_typesupport_introspection_c.h\n'}
[0.484636] (px4_msgs) StdoutLine: {'line': b'-- Up-to-date symlink: /home/lee/workspace/ros2_ex/install/px4_msgs/include/px4_msgs/px4_msgs/msg/detail/tune_control__rosidl_typesupport_introspection_c.h\n'}
[0.484667] (px4_msgs) StdoutLine: {'line': b'-- Up-to-date symlink: /home/lee/workspace/ros2_ex/install/px4_msgs/include/px4_msgs/px4_msgs/msg/detail/uavcan_parameter_request__rosidl_typesupport_introspection_c.h\n'}
[0.484698] (px4_msgs) StdoutLine: {'line': b'-- Up-to-date symlink: /home/lee/workspace/ros2_ex/install/px4_msgs/include/px4_msgs/px4_msgs/msg/detail/uavcan_parameter_value__rosidl_typesupport_introspection_c.h\n'}
[0.484730] (px4_msgs) StdoutLine: {'line': b'-- Up-to-date symlink: /home/lee/workspace/ros2_ex/install/px4_msgs/include/px4_msgs/px4_msgs/msg/detail/ulog_stream__rosidl_typesupport_introspection_c.h\n'}
[0.484761] (px4_msgs) StdoutLine: {'line': b'-- Up-to-date symlink: /home/lee/workspace/ros2_ex/install/px4_msgs/include/px4_msgs/px4_msgs/msg/detail/ulog_stream_ack__rosidl_typesupport_introspection_c.h\n'}
[0.484793] (px4_msgs) StdoutLine: {'line': b'-- Up-to-date symlink: /home/lee/workspace/ros2_ex/install/px4_msgs/include/px4_msgs/px4_msgs/msg/detail/unregister_ext_component__rosidl_typesupport_introspection_c.h\n'}
[0.484824] (px4_msgs) StdoutLine: {'line': b'-- Up-to-date symlink: /home/lee/workspace/ros2_ex/install/px4_msgs/include/px4_msgs/px4_msgs/msg/detail/vehicle_acceleration__rosidl_typesupport_introspection_c.h\n'}
[0.484855] (px4_msgs) StdoutLine: {'line': b'-- Up-to-date symlink: /home/lee/workspace/ros2_ex/install/px4_msgs/include/px4_msgs/px4_msgs/msg/detail/vehicle_air_data__rosidl_typesupport_introspection_c.h\n'}
[0.484888] (px4_msgs) StdoutLine: {'line': b'-- Up-to-date symlink: /home/lee/workspace/ros2_ex/install/px4_msgs/include/px4_msgs/px4_msgs/msg/detail/vehicle_angular_acceleration_setpoint__rosidl_typesupport_introspection_c.h\n'}
[0.484920] (px4_msgs) StdoutLine: {'line': b'-- Up-to-date symlink: /home/lee/workspace/ros2_ex/install/px4_msgs/include/px4_msgs/px4_msgs/msg/detail/vehicle_angular_velocity__rosidl_typesupport_introspection_c.h\n'}
[0.484952] (px4_msgs) StdoutLine: {'line': b'-- Up-to-date symlink: /home/lee/workspace/ros2_ex/install/px4_msgs/include/px4_msgs/px4_msgs/msg/detail/vehicle_attitude__rosidl_typesupport_introspection_c.h\n'}
[0.484983] (px4_msgs) StdoutLine: {'line': b'-- Up-to-date symlink: /home/lee/workspace/ros2_ex/install/px4_msgs/include/px4_msgs/px4_msgs/msg/detail/vehicle_attitude_setpoint__rosidl_typesupport_introspection_c.h\n'}
[0.485015] (px4_msgs) StdoutLine: {'line': b'-- Up-to-date symlink: /home/lee/workspace/ros2_ex/install/px4_msgs/include/px4_msgs/px4_msgs/msg/detail/vehicle_command__rosidl_typesupport_introspection_c.h\n'}
[0.485047] (px4_msgs) StdoutLine: {'line': b'-- Up-to-date symlink: /home/lee/workspace/ros2_ex/install/px4_msgs/include/px4_msgs/px4_msgs/msg/detail/vehicle_command_ack__rosidl_typesupport_introspection_c.h\n'}
[0.485078] (px4_msgs) StdoutLine: {'line': b'-- Up-to-date symlink: /home/lee/workspace/ros2_ex/install/px4_msgs/include/px4_msgs/px4_msgs/msg/detail/vehicle_constraints__rosidl_typesupport_introspection_c.h\n'}
[0.485110] (px4_msgs) StdoutLine: {'line': b'-- Up-to-date symlink: /home/lee/workspace/ros2_ex/install/px4_msgs/include/px4_msgs/px4_msgs/msg/detail/vehicle_control_mode__rosidl_typesupport_introspection_c.h\n'}
[0.485141] (px4_msgs) StdoutLine: {'line': b'-- Up-to-date symlink: /home/lee/workspace/ros2_ex/install/px4_msgs/include/px4_msgs/px4_msgs/msg/detail/vehicle_global_position__rosidl_typesupport_introspection_c.h\n'}
[0.485173] (px4_msgs) StdoutLine: {'line': b'-- Up-to-date symlink: /home/lee/workspace/ros2_ex/install/px4_msgs/include/px4_msgs/px4_msgs/msg/detail/vehicle_imu__rosidl_typesupport_introspection_c.h\n'}
[0.485205] (px4_msgs) StdoutLine: {'line': b'-- Up-to-date symlink: /home/lee/workspace/ros2_ex/install/px4_msgs/include/px4_msgs/px4_msgs/msg/detail/vehicle_imu_status__rosidl_typesupport_introspection_c.h\n'}
[0.485237] (px4_msgs) StdoutLine: {'line': b'-- Up-to-date symlink: /home/lee/workspace/ros2_ex/install/px4_msgs/include/px4_msgs/px4_msgs/msg/detail/vehicle_land_detected__rosidl_typesupport_introspection_c.h\n'}
[0.485268] (px4_msgs) StdoutLine: {'line': b'-- Up-to-date symlink: /home/lee/workspace/ros2_ex/install/px4_msgs/include/px4_msgs/px4_msgs/msg/detail/vehicle_local_position__rosidl_typesupport_introspection_c.h\n'}
[0.485301] (px4_msgs) StdoutLine: {'line': b'-- Up-to-date symlink: /home/lee/workspace/ros2_ex/install/px4_msgs/include/px4_msgs/px4_msgs/msg/detail/vehicle_local_position_setpoint__rosidl_typesupport_introspection_c.h\n'}
[0.485333] (px4_msgs) StdoutLine: {'line': b'-- Up-to-date symlink: /home/lee/workspace/ros2_ex/install/px4_msgs/include/px4_msgs/px4_msgs/msg/detail/vehicle_magnetometer__rosidl_typesupport_introspection_c.h\n'}
[0.485365] (px4_msgs) StdoutLine: {'line': b'-- Up-to-date symlink: /home/lee/workspace/ros2_ex/install/px4_msgs/include/px4_msgs/px4_msgs/msg/detail/vehicle_odometry__rosidl_typesupport_introspection_c.h\n'}
[0.485396] (px4_msgs) StdoutLine: {'line': b'-- Up-to-date symlink: /home/lee/workspace/ros2_ex/install/px4_msgs/include/px4_msgs/px4_msgs/msg/detail/vehicle_optical_flow__rosidl_typesupport_introspection_c.h\n'}
[0.485429] (px4_msgs) StdoutLine: {'line': b'-- Up-to-date symlink: /home/lee/workspace/ros2_ex/install/px4_msgs/include/px4_msgs/px4_msgs/msg/detail/vehicle_optical_flow_vel__rosidl_typesupport_introspection_c.h\n'}
[0.485459] (px4_msgs) StdoutLine: {'line': b'-- Up-to-date symlink: /home/lee/workspace/ros2_ex/install/px4_msgs/include/px4_msgs/px4_msgs/msg/detail/vehicle_rates_setpoint__rosidl_typesupport_introspection_c.h\n'}
[0.485492] (px4_msgs) StdoutLine: {'line': b'-- Up-to-date symlink: /home/lee/workspace/ros2_ex/install/px4_msgs/include/px4_msgs/px4_msgs/msg/detail/vehicle_roi__rosidl_typesupport_introspection_c.h\n'}
[0.485524] (px4_msgs) StdoutLine: {'line': b'-- Up-to-date symlink: /home/lee/workspace/ros2_ex/install/px4_msgs/include/px4_msgs/px4_msgs/msg/detail/vehicle_status__rosidl_typesupport_introspection_c.h\n'}
[0.485557] (px4_msgs) StdoutLine: {'line': b'-- Up-to-date symlink: /home/lee/workspace/ros2_ex/install/px4_msgs/include/px4_msgs/px4_msgs/msg/detail/vehicle_thrust_setpoint__rosidl_typesupport_introspection_c.h\n'}
[0.485590] (px4_msgs) StdoutLine: {'line': b'-- Up-to-date symlink: /home/lee/workspace/ros2_ex/install/px4_msgs/include/px4_msgs/px4_msgs/msg/detail/vehicle_torque_setpoint__rosidl_typesupport_introspection_c.h\n'}
[0.485621] (px4_msgs) StdoutLine: {'line': b'-- Up-to-date symlink: /home/lee/workspace/ros2_ex/install/px4_msgs/include/px4_msgs/px4_msgs/msg/detail/vehicle_trajectory_bezier__rosidl_typesupport_introspection_c.h\n'}
[0.485654] (px4_msgs) StdoutLine: {'line': b'-- Up-to-date symlink: /home/lee/workspace/ros2_ex/install/px4_msgs/include/px4_msgs/px4_msgs/msg/detail/vehicle_trajectory_waypoint__rosidl_typesupport_introspection_c.h\n'}
[0.485686] (px4_msgs) StdoutLine: {'line': b'-- Up-to-date symlink: /home/lee/workspace/ros2_ex/install/px4_msgs/include/px4_msgs/px4_msgs/msg/detail/velocity_limits__rosidl_typesupport_introspection_c.h\n'}
[0.485718] (px4_msgs) StdoutLine: {'line': b'-- Up-to-date symlink: /home/lee/workspace/ros2_ex/install/px4_msgs/include/px4_msgs/px4_msgs/msg/detail/vtol_vehicle_status__rosidl_typesupport_introspection_c.h\n'}
[0.485750] (px4_msgs) StdoutLine: {'line': b'-- Up-to-date symlink: /home/lee/workspace/ros2_ex/install/px4_msgs/include/px4_msgs/px4_msgs/msg/detail/wheel_encoders__rosidl_typesupport_introspection_c.h\n'}
[0.485783] (px4_msgs) StdoutLine: {'line': b'-- Up-to-date symlink: /home/lee/workspace/ros2_ex/install/px4_msgs/include/px4_msgs/px4_msgs/msg/detail/wind__rosidl_typesupport_introspection_c.h\n'}
[0.485815] (px4_msgs) StdoutLine: {'line': b'-- Up-to-date symlink: /home/lee/workspace/ros2_ex/install/px4_msgs/include/px4_msgs/px4_msgs/msg/detail/yaw_estimator_status__rosidl_typesupport_introspection_c.h\n'}
[0.485846] (px4_msgs) StdoutLine: {'line': b'-- Up-to-date symlink: /home/lee/workspace/ros2_ex/install/px4_msgs/include/px4_msgs/px4_msgs/msg/rosidl_typesupport_introspection_c__visibility_control.h\n'}
[0.485878] (px4_msgs) StdoutLine: {'line': b'-- Up-to-date symlink: /home/lee/workspace/ros2_ex/install/px4_msgs/include/px4_msgs/px4_msgs/srv/detail/vehicle_command__rosidl_typesupport_introspection_c.h\n'}
[0.487083] (px4_msgs) StdoutLine: {'line': b'-- Up-to-date symlink: /home/lee/workspace/ros2_ex/install/px4_msgs/include/px4_msgs/px4_msgs/msg/detail/action_request__rosidl_typesupport_introspection_cpp.hpp\n'}
[0.487122] (px4_msgs) StdoutLine: {'line': b'-- Up-to-date symlink: /home/lee/workspace/ros2_ex/install/px4_msgs/include/px4_msgs/px4_msgs/msg/detail/actuator_armed__rosidl_typesupport_introspection_cpp.hpp\n'}
[0.487180] (px4_msgs) StdoutLine: {'line': b'-- Up-to-date symlink: /home/lee/workspace/ros2_ex/install/px4_msgs/include/px4_msgs/px4_msgs/msg/detail/actuator_controls_status__rosidl_typesupport_introspection_cpp.hpp\n'}
[0.487211] (px4_msgs) StdoutLine: {'line': b'-- Up-to-date symlink: /home/lee/workspace/ros2_ex/install/px4_msgs/include/px4_msgs/px4_msgs/msg/detail/actuator_motors__rosidl_typesupport_introspection_cpp.hpp\n'}
[0.487239] (px4_msgs) StdoutLine: {'line': b'-- Up-to-date symlink: /home/lee/workspace/ros2_ex/install/px4_msgs/include/px4_msgs/px4_msgs/msg/detail/actuator_outputs__rosidl_typesupport_introspection_cpp.hpp\n'}
[0.487264] (px4_msgs) StdoutLine: {'line': b'-- Up-to-date symlink: /home/lee/workspace/ros2_ex/install/px4_msgs/include/px4_msgs/px4_msgs/msg/detail/actuator_servos__rosidl_typesupport_introspection_cpp.hpp\n'}
[0.487296] (px4_msgs) StdoutLine: {'line': b'-- Up-to-date symlink: /home/lee/workspace/ros2_ex/install/px4_msgs/include/px4_msgs/px4_msgs/msg/detail/actuator_servos_trim__rosidl_typesupport_introspection_cpp.hpp\n'}
[0.487324] (px4_msgs) StdoutLine: {'line': b'-- Up-to-date symlink: /home/lee/workspace/ros2_ex/install/px4_msgs/include/px4_msgs/px4_msgs/msg/detail/actuator_test__rosidl_typesupport_introspection_cpp.hpp\n'}
[0.487359] (px4_msgs) StdoutLine: {'line': b'-- Up-to-date symlink: /home/lee/workspace/ros2_ex/install/px4_msgs/include/px4_msgs/px4_msgs/msg/detail/adc_report__rosidl_typesupport_introspection_cpp.hpp\n'}
[0.487390] (px4_msgs) StdoutLine: {'line': b'-- Up-to-date symlink: /home/lee/workspace/ros2_ex/install/px4_msgs/include/px4_msgs/px4_msgs/msg/detail/airspeed__rosidl_typesupport_introspection_cpp.hpp\n'}
[0.487423] (px4_msgs) StdoutLine: {'line': b'-- Up-to-date symlink: /home/lee/workspace/ros2_ex/install/px4_msgs/include/px4_msgs/px4_msgs/msg/detail/airspeed_validated__rosidl_typesupport_introspection_cpp.hpp\n'}
[0.487455] (px4_msgs) StdoutLine: {'line': b'-- Up-to-date symlink: /home/lee/workspace/ros2_ex/install/px4_msgs/include/px4_msgs/px4_msgs/msg/detail/airspeed_wind__rosidl_typesupport_introspection_cpp.hpp\n'}
[0.487488] (px4_msgs) StdoutLine: {'line': b'-- Up-to-date symlink: /home/lee/workspace/ros2_ex/install/px4_msgs/include/px4_msgs/px4_msgs/msg/detail/arming_check_reply__rosidl_typesupport_introspection_cpp.hpp\n'}
[0.487520] (px4_msgs) StdoutLine: {'line': b'-- Up-to-date symlink: /home/lee/workspace/ros2_ex/install/px4_msgs/include/px4_msgs/px4_msgs/msg/detail/arming_check_request__rosidl_typesupport_introspection_cpp.hpp\n'}
[0.487554] (px4_msgs) StdoutLine: {'line': b'-- Up-to-date symlink: /home/lee/workspace/ros2_ex/install/px4_msgs/include/px4_msgs/px4_msgs/msg/detail/autotune_attitude_control_status__rosidl_typesupport_introspection_cpp.hpp\n'}
[0.487585] (px4_msgs) StdoutLine: {'line': b'-- Up-to-date symlink: /home/lee/workspace/ros2_ex/install/px4_msgs/include/px4_msgs/px4_msgs/msg/detail/battery_info__rosidl_typesupport_introspection_cpp.hpp\n'}
[0.487617] (px4_msgs) StdoutLine: {'line': b'-- Up-to-date symlink: /home/lee/workspace/ros2_ex/install/px4_msgs/include/px4_msgs/px4_msgs/msg/detail/battery_status__rosidl_typesupport_introspection_cpp.hpp\n'}
[0.487649] (px4_msgs) StdoutLine: {'line': b'-- Up-to-date symlink: /home/lee/workspace/ros2_ex/install/px4_msgs/include/px4_msgs/px4_msgs/msg/detail/button_event__rosidl_typesupport_introspection_cpp.hpp\n'}
[0.487681] (px4_msgs) StdoutLine: {'line': b'-- Up-to-date symlink: /home/lee/workspace/ros2_ex/install/px4_msgs/include/px4_msgs/px4_msgs/msg/detail/camera_capture__rosidl_typesupport_introspection_cpp.hpp\n'}
[0.487713] (px4_msgs) StdoutLine: {'line': b'-- Up-to-date symlink: /home/lee/workspace/ros2_ex/install/px4_msgs/include/px4_msgs/px4_msgs/msg/detail/camera_status__rosidl_typesupport_introspection_cpp.hpp\n'}
[0.487745] (px4_msgs) StdoutLine: {'line': b'-- Up-to-date symlink: /home/lee/workspace/ros2_ex/install/px4_msgs/include/px4_msgs/px4_msgs/msg/detail/camera_trigger__rosidl_typesupport_introspection_cpp.hpp\n'}
[0.487776] (px4_msgs) StdoutLine: {'line': b'-- Up-to-date symlink: /home/lee/workspace/ros2_ex/install/px4_msgs/include/px4_msgs/px4_msgs/msg/detail/can_interface_status__rosidl_typesupport_introspection_cpp.hpp\n'}
[0.487809] (px4_msgs) StdoutLine: {'line': b'-- Up-to-date symlink: /home/lee/workspace/ros2_ex/install/px4_msgs/include/px4_msgs/px4_msgs/msg/detail/cellular_status__rosidl_typesupport_introspection_cpp.hpp\n'}
[0.487840] (px4_msgs) StdoutLine: {'line': b'-- Up-to-date symlink: /home/lee/workspace/ros2_ex/install/px4_msgs/include/px4_msgs/px4_msgs/msg/detail/collision_constraints__rosidl_typesupport_introspection_cpp.hpp\n'}
[0.487872] (px4_msgs) StdoutLine: {'line': b'-- Up-to-date symlink: /home/lee/workspace/ros2_ex/install/px4_msgs/include/px4_msgs/px4_msgs/msg/detail/collision_report__rosidl_typesupport_introspection_cpp.hpp\n'}
[0.487904] (px4_msgs) StdoutLine: {'line': b'-- Up-to-date symlink: /home/lee/workspace/ros2_ex/install/px4_msgs/include/px4_msgs/px4_msgs/msg/detail/config_overrides__rosidl_typesupport_introspection_cpp.hpp\n'}
[0.487936] (px4_msgs) StdoutLine: {'line': b'-- Up-to-date symlink: /home/lee/workspace/ros2_ex/install/px4_msgs/include/px4_msgs/px4_msgs/msg/detail/control_allocator_status__rosidl_typesupport_introspection_cpp.hpp\n'}
[0.487968] (px4_msgs) StdoutLine: {'line': b'-- Up-to-date symlink: /home/lee/workspace/ros2_ex/install/px4_msgs/include/px4_msgs/px4_msgs/msg/detail/cpuload__rosidl_typesupport_introspection_cpp.hpp\n'}
[0.488010] (px4_msgs) StdoutLine: {'line': b'-- Up-to-date symlink: /home/lee/workspace/ros2_ex/install/px4_msgs/include/px4_msgs/px4_msgs/msg/detail/dataman_request__rosidl_typesupport_introspection_cpp.hpp\n'}
[0.488042] (px4_msgs) StdoutLine: {'line': b'-- Up-to-date symlink: /home/lee/workspace/ros2_ex/install/px4_msgs/include/px4_msgs/px4_msgs/msg/detail/dataman_response__rosidl_typesupport_introspection_cpp.hpp\n'}
[0.488075] (px4_msgs) StdoutLine: {'line': b'-- Up-to-date symlink: /home/lee/workspace/ros2_ex/install/px4_msgs/include/px4_msgs/px4_msgs/msg/detail/debug_array__rosidl_typesupport_introspection_cpp.hpp\n'}
[0.488106] (px4_msgs) StdoutLine: {'line': b'-- Up-to-date symlink: /home/lee/workspace/ros2_ex/install/px4_msgs/include/px4_msgs/px4_msgs/msg/detail/debug_key_value__rosidl_typesupport_introspection_cpp.hpp\n'}
[0.488140] (px4_msgs) StdoutLine: {'line': b'-- Up-to-date symlink: /home/lee/workspace/ros2_ex/install/px4_msgs/include/px4_msgs/px4_msgs/msg/detail/debug_value__rosidl_typesupport_introspection_cpp.hpp\n'}
[0.488172] (px4_msgs) StdoutLine: {'line': b'-- Up-to-date symlink: /home/lee/workspace/ros2_ex/install/px4_msgs/include/px4_msgs/px4_msgs/msg/detail/debug_vect__rosidl_typesupport_introspection_cpp.hpp\n'}
[0.488204] (px4_msgs) StdoutLine: {'line': b'-- Up-to-date symlink: /home/lee/workspace/ros2_ex/install/px4_msgs/include/px4_msgs/px4_msgs/msg/detail/differential_pressure__rosidl_typesupport_introspection_cpp.hpp\n'}
[0.488235] (px4_msgs) StdoutLine: {'line': b'-- Up-to-date symlink: /home/lee/workspace/ros2_ex/install/px4_msgs/include/px4_msgs/px4_msgs/msg/detail/distance_sensor__rosidl_typesupport_introspection_cpp.hpp\n'}
[0.488269] (px4_msgs) StdoutLine: {'line': b'-- Up-to-date symlink: /home/lee/workspace/ros2_ex/install/px4_msgs/include/px4_msgs/px4_msgs/msg/detail/distance_sensor_mode_change_request__rosidl_typesupport_introspection_cpp.hpp\n'}
[0.488303] (px4_msgs) StdoutLine: {'line': b'-- Up-to-date symlink: /home/lee/workspace/ros2_ex/install/px4_msgs/include/px4_msgs/px4_msgs/msg/detail/dronecan_node_status__rosidl_typesupport_introspection_cpp.hpp\n'}
[0.488337] (px4_msgs) StdoutLine: {'line': b'-- Up-to-date symlink: /home/lee/workspace/ros2_ex/install/px4_msgs/include/px4_msgs/px4_msgs/msg/detail/ekf2_timestamps__rosidl_typesupport_introspection_cpp.hpp\n'}
[0.488374] (px4_msgs) StdoutLine: {'line': b'-- Up-to-date symlink: /home/lee/workspace/ros2_ex/install/px4_msgs/include/px4_msgs/px4_msgs/msg/detail/esc_report__rosidl_typesupport_introspection_cpp.hpp\n'}
[0.488406] (px4_msgs) StdoutLine: {'line': b'-- Up-to-date symlink: /home/lee/workspace/ros2_ex/install/px4_msgs/include/px4_msgs/px4_msgs/msg/detail/esc_status__rosidl_typesupport_introspection_cpp.hpp\n'}
[0.488439] (px4_msgs) StdoutLine: {'line': b'-- Up-to-date symlink: /home/lee/workspace/ros2_ex/install/px4_msgs/include/px4_msgs/px4_msgs/msg/detail/estimator_aid_source1d__rosidl_typesupport_introspection_cpp.hpp\n'}
[0.488472] (px4_msgs) StdoutLine: {'line': b'-- Up-to-date symlink: /home/lee/workspace/ros2_ex/install/px4_msgs/include/px4_msgs/px4_msgs/msg/detail/estimator_aid_source2d__rosidl_typesupport_introspection_cpp.hpp\n'}
[0.488503] (px4_msgs) StdoutLine: {'line': b'-- Up-to-date symlink: /home/lee/workspace/ros2_ex/install/px4_msgs/include/px4_msgs/px4_msgs/msg/detail/estimator_aid_source3d__rosidl_typesupport_introspection_cpp.hpp\n'}
[0.488535] (px4_msgs) StdoutLine: {'line': b'-- Up-to-date symlink: /home/lee/workspace/ros2_ex/install/px4_msgs/include/px4_msgs/px4_msgs/msg/detail/estimator_bias3d__rosidl_typesupport_introspection_cpp.hpp\n'}
[0.488568] (px4_msgs) StdoutLine: {'line': b'-- Up-to-date symlink: /home/lee/workspace/ros2_ex/install/px4_msgs/include/px4_msgs/px4_msgs/msg/detail/estimator_bias__rosidl_typesupport_introspection_cpp.hpp\n'}
[0.488601] (px4_msgs) StdoutLine: {'line': b'-- Up-to-date symlink: /home/lee/workspace/ros2_ex/install/px4_msgs/include/px4_msgs/px4_msgs/msg/detail/estimator_event_flags__rosidl_typesupport_introspection_cpp.hpp\n'}
[0.488633] (px4_msgs) StdoutLine: {'line': b'-- Up-to-date symlink: /home/lee/workspace/ros2_ex/install/px4_msgs/include/px4_msgs/px4_msgs/msg/detail/estimator_gps_status__rosidl_typesupport_introspection_cpp.hpp\n'}
[0.488667] (px4_msgs) StdoutLine: {'line': b'-- Up-to-date symlink: /home/lee/workspace/ros2_ex/install/px4_msgs/include/px4_msgs/px4_msgs/msg/detail/estimator_innovations__rosidl_typesupport_introspection_cpp.hpp\n'}
[0.488698] (px4_msgs) StdoutLine: {'line': b'-- Up-to-date symlink: /home/lee/workspace/ros2_ex/install/px4_msgs/include/px4_msgs/px4_msgs/msg/detail/estimator_selector_status__rosidl_typesupport_introspection_cpp.hpp\n'}
[0.488731] (px4_msgs) StdoutLine: {'line': b'-- Up-to-date symlink: /home/lee/workspace/ros2_ex/install/px4_msgs/include/px4_msgs/px4_msgs/msg/detail/estimator_sensor_bias__rosidl_typesupport_introspection_cpp.hpp\n'}
[0.488762] (px4_msgs) StdoutLine: {'line': b'-- Up-to-date symlink: /home/lee/workspace/ros2_ex/install/px4_msgs/include/px4_msgs/px4_msgs/msg/detail/estimator_states__rosidl_typesupport_introspection_cpp.hpp\n'}
[0.488794] (px4_msgs) StdoutLine: {'line': b'-- Up-to-date symlink: /home/lee/workspace/ros2_ex/install/px4_msgs/include/px4_msgs/px4_msgs/msg/detail/estimator_status__rosidl_typesupport_introspection_cpp.hpp\n'}
[0.488826] (px4_msgs) StdoutLine: {'line': b'-- Up-to-date symlink: /home/lee/workspace/ros2_ex/install/px4_msgs/include/px4_msgs/px4_msgs/msg/detail/estimator_status_flags__rosidl_typesupport_introspection_cpp.hpp\n'}
[0.488861] (px4_msgs) StdoutLine: {'line': b'-- Up-to-date symlink: /home/lee/workspace/ros2_ex/install/px4_msgs/include/px4_msgs/px4_msgs/msg/detail/event__rosidl_typesupport_introspection_cpp.hpp\n'}
[0.488892] (px4_msgs) StdoutLine: {'line': b'-- Up-to-date symlink: /home/lee/workspace/ros2_ex/install/px4_msgs/include/px4_msgs/px4_msgs/msg/detail/failsafe_flags__rosidl_typesupport_introspection_cpp.hpp\n'}
[0.488924] (px4_msgs) StdoutLine: {'line': b'-- Up-to-date symlink: /home/lee/workspace/ros2_ex/install/px4_msgs/include/px4_msgs/px4_msgs/msg/detail/failure_detector_status__rosidl_typesupport_introspection_cpp.hpp\n'}
[0.488955] (px4_msgs) StdoutLine: {'line': b'-- Up-to-date symlink: /home/lee/workspace/ros2_ex/install/px4_msgs/include/px4_msgs/px4_msgs/msg/detail/figure_eight_status__rosidl_typesupport_introspection_cpp.hpp\n'}
[0.488988] (px4_msgs) StdoutLine: {'line': b'-- Up-to-date symlink: /home/lee/workspace/ros2_ex/install/px4_msgs/include/px4_msgs/px4_msgs/msg/detail/fixed_wing_lateral_guidance_status__rosidl_typesupport_introspection_cpp.hpp\n'}
[0.489020] (px4_msgs) StdoutLine: {'line': b'-- Up-to-date symlink: /home/lee/workspace/ros2_ex/install/px4_msgs/include/px4_msgs/px4_msgs/msg/detail/fixed_wing_lateral_setpoint__rosidl_typesupport_introspection_cpp.hpp\n'}
[0.489052] (px4_msgs) StdoutLine: {'line': b'-- Up-to-date symlink: /home/lee/workspace/ros2_ex/install/px4_msgs/include/px4_msgs/px4_msgs/msg/detail/fixed_wing_lateral_status__rosidl_typesupport_introspection_cpp.hpp\n'}
[0.489084] (px4_msgs) StdoutLine: {'line': b'-- Up-to-date symlink: /home/lee/workspace/ros2_ex/install/px4_msgs/include/px4_msgs/px4_msgs/msg/detail/fixed_wing_longitudinal_setpoint__rosidl_typesupport_introspection_cpp.hpp\n'}
[0.489116] (px4_msgs) StdoutLine: {'line': b'-- Up-to-date symlink: /home/lee/workspace/ros2_ex/install/px4_msgs/include/px4_msgs/px4_msgs/msg/detail/fixed_wing_runway_control__rosidl_typesupport_introspection_cpp.hpp\n'}
[0.489148] (px4_msgs) StdoutLine: {'line': b'-- Up-to-date symlink: /home/lee/workspace/ros2_ex/install/px4_msgs/include/px4_msgs/px4_msgs/msg/detail/flight_phase_estimation__rosidl_typesupport_introspection_cpp.hpp\n'}
[0.489181] (px4_msgs) StdoutLine: {'line': b'-- Up-to-date symlink: /home/lee/workspace/ros2_ex/install/px4_msgs/include/px4_msgs/px4_msgs/msg/detail/follow_target__rosidl_typesupport_introspection_cpp.hpp\n'}
[0.489212] (px4_msgs) StdoutLine: {'line': b'-- Up-to-date symlink: /home/lee/workspace/ros2_ex/install/px4_msgs/include/px4_msgs/px4_msgs/msg/detail/follow_target_estimator__rosidl_typesupport_introspection_cpp.hpp\n'}
[0.489243] (px4_msgs) StdoutLine: {'line': b'-- Up-to-date symlink: /home/lee/workspace/ros2_ex/install/px4_msgs/include/px4_msgs/px4_msgs/msg/detail/follow_target_status__rosidl_typesupport_introspection_cpp.hpp\n'}
[0.489274] (px4_msgs) StdoutLine: {'line': b'-- Up-to-date symlink: /home/lee/workspace/ros2_ex/install/px4_msgs/include/px4_msgs/px4_msgs/msg/detail/fuel_tank_status__rosidl_typesupport_introspection_cpp.hpp\n'}
[0.489308] (px4_msgs) StdoutLine: {'line': b'-- Up-to-date symlink: /home/lee/workspace/ros2_ex/install/px4_msgs/include/px4_msgs/px4_msgs/msg/detail/generator_status__rosidl_typesupport_introspection_cpp.hpp\n'}
[0.489344] (px4_msgs) StdoutLine: {'line': b'-- Up-to-date symlink: /home/lee/workspace/ros2_ex/install/px4_msgs/include/px4_msgs/px4_msgs/msg/detail/geofence_result__rosidl_typesupport_introspection_cpp.hpp\n'}
[0.489375] (px4_msgs) StdoutLine: {'line': b'-- Up-to-date symlink: /home/lee/workspace/ros2_ex/install/px4_msgs/include/px4_msgs/px4_msgs/msg/detail/geofence_status__rosidl_typesupport_introspection_cpp.hpp\n'}
[0.489406] (px4_msgs) StdoutLine: {'line': b'-- Up-to-date symlink: /home/lee/workspace/ros2_ex/install/px4_msgs/include/px4_msgs/px4_msgs/msg/detail/gimbal_controls__rosidl_typesupport_introspection_cpp.hpp\n'}
[0.489438] (px4_msgs) StdoutLine: {'line': b'-- Up-to-date symlink: /home/lee/workspace/ros2_ex/install/px4_msgs/include/px4_msgs/px4_msgs/msg/detail/gimbal_device_attitude_status__rosidl_typesupport_introspection_cpp.hpp\n'}
[0.489470] (px4_msgs) StdoutLine: {'line': b'-- Up-to-date symlink: /home/lee/workspace/ros2_ex/install/px4_msgs/include/px4_msgs/px4_msgs/msg/detail/gimbal_device_information__rosidl_typesupport_introspection_cpp.hpp\n'}
[0.489502] (px4_msgs) StdoutLine: {'line': b'-- Up-to-date symlink: /home/lee/workspace/ros2_ex/install/px4_msgs/include/px4_msgs/px4_msgs/msg/detail/gimbal_device_set_attitude__rosidl_typesupport_introspection_cpp.hpp\n'}
[0.489533] (px4_msgs) StdoutLine: {'line': b'-- Up-to-date symlink: /home/lee/workspace/ros2_ex/install/px4_msgs/include/px4_msgs/px4_msgs/msg/detail/gimbal_manager_information__rosidl_typesupport_introspection_cpp.hpp\n'}
[0.489565] (px4_msgs) StdoutLine: {'line': b'-- Up-to-date symlink: /home/lee/workspace/ros2_ex/install/px4_msgs/include/px4_msgs/px4_msgs/msg/detail/gimbal_manager_set_attitude__rosidl_typesupport_introspection_cpp.hpp\n'}
[0.489597] (px4_msgs) StdoutLine: {'line': b'-- Up-to-date symlink: /home/lee/workspace/ros2_ex/install/px4_msgs/include/px4_msgs/px4_msgs/msg/detail/gimbal_manager_set_manual_control__rosidl_typesupport_introspection_cpp.hpp\n'}
[0.489629] (px4_msgs) StdoutLine: {'line': b'-- Up-to-date symlink: /home/lee/workspace/ros2_ex/install/px4_msgs/include/px4_msgs/px4_msgs/msg/detail/gimbal_manager_status__rosidl_typesupport_introspection_cpp.hpp\n'}
[0.489661] (px4_msgs) StdoutLine: {'line': b'-- Up-to-date symlink: /home/lee/workspace/ros2_ex/install/px4_msgs/include/px4_msgs/px4_msgs/msg/detail/goto_setpoint__rosidl_typesupport_introspection_cpp.hpp\n'}
[0.489692] (px4_msgs) StdoutLine: {'line': b'-- Up-to-date symlink: /home/lee/workspace/ros2_ex/install/px4_msgs/include/px4_msgs/px4_msgs/msg/detail/gpio_config__rosidl_typesupport_introspection_cpp.hpp\n'}
[0.489724] (px4_msgs) StdoutLine: {'line': b'-- Up-to-date symlink: /home/lee/workspace/ros2_ex/install/px4_msgs/include/px4_msgs/px4_msgs/msg/detail/gpio_in__rosidl_typesupport_introspection_cpp.hpp\n'}
[0.489755] (px4_msgs) StdoutLine: {'line': b'-- Up-to-date symlink: /home/lee/workspace/ros2_ex/install/px4_msgs/include/px4_msgs/px4_msgs/msg/detail/gpio_out__rosidl_typesupport_introspection_cpp.hpp\n'}
[0.489788] (px4_msgs) StdoutLine: {'line': b'-- Up-to-date symlink: /home/lee/workspace/ros2_ex/install/px4_msgs/include/px4_msgs/px4_msgs/msg/detail/gpio_request__rosidl_typesupport_introspection_cpp.hpp\n'}
[0.489820] (px4_msgs) StdoutLine: {'line': b'-- Up-to-date symlink: /home/lee/workspace/ros2_ex/install/px4_msgs/include/px4_msgs/px4_msgs/msg/detail/gps_dump__rosidl_typesupport_introspection_cpp.hpp\n'}
[0.489852] (px4_msgs) StdoutLine: {'line': b'-- Up-to-date symlink: /home/lee/workspace/ros2_ex/install/px4_msgs/include/px4_msgs/px4_msgs/msg/detail/gps_inject_data__rosidl_typesupport_introspection_cpp.hpp\n'}
[0.489895] (px4_msgs) StdoutLine: {'line': b'-- Up-to-date symlink: /home/lee/workspace/ros2_ex/install/px4_msgs/include/px4_msgs/px4_msgs/msg/detail/gripper__rosidl_typesupport_introspection_cpp.hpp\n'}
[0.489926] (px4_msgs) StdoutLine: {'line': b'-- Up-to-date symlink: /home/lee/workspace/ros2_ex/install/px4_msgs/include/px4_msgs/px4_msgs/msg/detail/health_report__rosidl_typesupport_introspection_cpp.hpp\n'}
[0.489960] (px4_msgs) StdoutLine: {'line': b'-- Up-to-date symlink: /home/lee/workspace/ros2_ex/install/px4_msgs/include/px4_msgs/px4_msgs/msg/detail/heater_status__rosidl_typesupport_introspection_cpp.hpp\n'}
[0.489991] (px4_msgs) StdoutLine: {'line': b'-- Up-to-date symlink: /home/lee/workspace/ros2_ex/install/px4_msgs/include/px4_msgs/px4_msgs/msg/detail/home_position__rosidl_typesupport_introspection_cpp.hpp\n'}
[0.490023] (px4_msgs) StdoutLine: {'line': b'-- Up-to-date symlink: /home/lee/workspace/ros2_ex/install/px4_msgs/include/px4_msgs/px4_msgs/msg/detail/hover_thrust_estimate__rosidl_typesupport_introspection_cpp.hpp\n'}
[0.490055] (px4_msgs) StdoutLine: {'line': b'-- Up-to-date symlink: /home/lee/workspace/ros2_ex/install/px4_msgs/include/px4_msgs/px4_msgs/msg/detail/input_rc__rosidl_typesupport_introspection_cpp.hpp\n'}
[0.490088] (px4_msgs) StdoutLine: {'line': b'-- Up-to-date symlink: /home/lee/workspace/ros2_ex/install/px4_msgs/include/px4_msgs/px4_msgs/msg/detail/internal_combustion_engine_control__rosidl_typesupport_introspection_cpp.hpp\n'}
[0.490120] (px4_msgs) StdoutLine: {'line': b'-- Up-to-date symlink: /home/lee/workspace/ros2_ex/install/px4_msgs/include/px4_msgs/px4_msgs/msg/detail/internal_combustion_engine_status__rosidl_typesupport_introspection_cpp.hpp\n'}
[0.490152] (px4_msgs) StdoutLine: {'line': b'-- Up-to-date symlink: /home/lee/workspace/ros2_ex/install/px4_msgs/include/px4_msgs/px4_msgs/msg/detail/iridiumsbd_status__rosidl_typesupport_introspection_cpp.hpp\n'}
[0.490184] (px4_msgs) StdoutLine: {'line': b'-- Up-to-date symlink: /home/lee/workspace/ros2_ex/install/px4_msgs/include/px4_msgs/px4_msgs/msg/detail/irlock_report__rosidl_typesupport_introspection_cpp.hpp\n'}
[0.490216] (px4_msgs) StdoutLine: {'line': b'-- Up-to-date symlink: /home/lee/workspace/ros2_ex/install/px4_msgs/include/px4_msgs/px4_msgs/msg/detail/landing_gear__rosidl_typesupport_introspection_cpp.hpp\n'}
[0.490247] (px4_msgs) StdoutLine: {'line': b'-- Up-to-date symlink: /home/lee/workspace/ros2_ex/install/px4_msgs/include/px4_msgs/px4_msgs/msg/detail/landing_gear_wheel__rosidl_typesupport_introspection_cpp.hpp\n'}
[0.490283] (px4_msgs) StdoutLine: {'line': b'-- Up-to-date symlink: /home/lee/workspace/ros2_ex/install/px4_msgs/include/px4_msgs/px4_msgs/msg/detail/landing_target_innovations__rosidl_typesupport_introspection_cpp.hpp\n'}
[0.490314] (px4_msgs) StdoutLine: {'line': b'-- Up-to-date symlink: /home/lee/workspace/ros2_ex/install/px4_msgs/include/px4_msgs/px4_msgs/msg/detail/landing_target_pose__rosidl_typesupport_introspection_cpp.hpp\n'}
[0.490361] (px4_msgs) StdoutLine: {'line': b'-- Up-to-date symlink: /home/lee/workspace/ros2_ex/install/px4_msgs/include/px4_msgs/px4_msgs/msg/detail/lateral_control_configuration__rosidl_typesupport_introspection_cpp.hpp\n'}
[0.490395] (px4_msgs) StdoutLine: {'line': b'-- Up-to-date symlink: /home/lee/workspace/ros2_ex/install/px4_msgs/include/px4_msgs/px4_msgs/msg/detail/launch_detection_status__rosidl_typesupport_introspection_cpp.hpp\n'}
[0.490426] (px4_msgs) StdoutLine: {'line': b'-- Up-to-date symlink: /home/lee/workspace/ros2_ex/install/px4_msgs/include/px4_msgs/px4_msgs/msg/detail/led_control__rosidl_typesupport_introspection_cpp.hpp\n'}
[0.490458] (px4_msgs) StdoutLine: {'line': b'-- Up-to-date symlink: /home/lee/workspace/ros2_ex/install/px4_msgs/include/px4_msgs/px4_msgs/msg/detail/log_message__rosidl_typesupport_introspection_cpp.hpp\n'}
[0.490490] (px4_msgs) StdoutLine: {'line': b'-- Up-to-date symlink: /home/lee/workspace/ros2_ex/install/px4_msgs/include/px4_msgs/px4_msgs/msg/detail/logger_status__rosidl_typesupport_introspection_cpp.hpp\n'}
[0.490522] (px4_msgs) StdoutLine: {'line': b'-- Up-to-date symlink: /home/lee/workspace/ros2_ex/install/px4_msgs/include/px4_msgs/px4_msgs/msg/detail/longitudinal_control_configuration__rosidl_typesupport_introspection_cpp.hpp\n'}
[0.490553] (px4_msgs) StdoutLine: {'line': b'-- Up-to-date symlink: /home/lee/workspace/ros2_ex/install/px4_msgs/include/px4_msgs/px4_msgs/msg/detail/mag_worker_data__rosidl_typesupport_introspection_cpp.hpp\n'}
[0.490585] (px4_msgs) StdoutLine: {'line': b'-- Up-to-date symlink: /home/lee/workspace/ros2_ex/install/px4_msgs/include/px4_msgs/px4_msgs/msg/detail/magnetometer_bias_estimate__rosidl_typesupport_introspection_cpp.hpp\n'}
[0.490617] (px4_msgs) StdoutLine: {'line': b'-- Up-to-date symlink: /home/lee/workspace/ros2_ex/install/px4_msgs/include/px4_msgs/px4_msgs/msg/detail/manual_control_setpoint__rosidl_typesupport_introspection_cpp.hpp\n'}
[0.490650] (px4_msgs) StdoutLine: {'line': b'-- Up-to-date symlink: /home/lee/workspace/ros2_ex/install/px4_msgs/include/px4_msgs/px4_msgs/msg/detail/manual_control_switches__rosidl_typesupport_introspection_cpp.hpp\n'}
[0.490683] (px4_msgs) StdoutLine: {'line': b'-- Up-to-date symlink: /home/lee/workspace/ros2_ex/install/px4_msgs/include/px4_msgs/px4_msgs/msg/detail/mavlink_log__rosidl_typesupport_introspection_cpp.hpp\n'}
[0.490714] (px4_msgs) StdoutLine: {'line': b'-- Up-to-date symlink: /home/lee/workspace/ros2_ex/install/px4_msgs/include/px4_msgs/px4_msgs/msg/detail/mavlink_tunnel__rosidl_typesupport_introspection_cpp.hpp\n'}
[0.490745] (px4_msgs) StdoutLine: {'line': b'-- Up-to-date symlink: /home/lee/workspace/ros2_ex/install/px4_msgs/include/px4_msgs/px4_msgs/msg/detail/message_format_request__rosidl_typesupport_introspection_cpp.hpp\n'}
[0.490778] (px4_msgs) StdoutLine: {'line': b'-- Up-to-date symlink: /home/lee/workspace/ros2_ex/install/px4_msgs/include/px4_msgs/px4_msgs/msg/detail/message_format_response__rosidl_typesupport_introspection_cpp.hpp\n'}
[0.490809] (px4_msgs) StdoutLine: {'line': b'-- Up-to-date symlink: /home/lee/workspace/ros2_ex/install/px4_msgs/include/px4_msgs/px4_msgs/msg/detail/mission__rosidl_typesupport_introspection_cpp.hpp\n'}
[0.490841] (px4_msgs) StdoutLine: {'line': b'-- Up-to-date symlink: /home/lee/workspace/ros2_ex/install/px4_msgs/include/px4_msgs/px4_msgs/msg/detail/mission_result__rosidl_typesupport_introspection_cpp.hpp\n'}
[0.490873] (px4_msgs) StdoutLine: {'line': b'-- Up-to-date symlink: /home/lee/workspace/ros2_ex/install/px4_msgs/include/px4_msgs/px4_msgs/msg/detail/mode_completed__rosidl_typesupport_introspection_cpp.hpp\n'}
[0.490904] (px4_msgs) StdoutLine: {'line': b'-- Up-to-date symlink: /home/lee/workspace/ros2_ex/install/px4_msgs/include/px4_msgs/px4_msgs/msg/detail/mount_orientation__rosidl_typesupport_introspection_cpp.hpp\n'}
[0.490935] (px4_msgs) StdoutLine: {'line': b'-- Up-to-date symlink: /home/lee/workspace/ros2_ex/install/px4_msgs/include/px4_msgs/px4_msgs/msg/detail/navigator_mission_item__rosidl_typesupport_introspection_cpp.hpp\n'}
[0.490967] (px4_msgs) StdoutLine: {'line': b'-- Up-to-date symlink: /home/lee/workspace/ros2_ex/install/px4_msgs/include/px4_msgs/px4_msgs/msg/detail/navigator_status__rosidl_typesupport_introspection_cpp.hpp\n'}
[0.490999] (px4_msgs) StdoutLine: {'line': b'-- Up-to-date symlink: /home/lee/workspace/ros2_ex/install/px4_msgs/include/px4_msgs/px4_msgs/msg/detail/normalized_unsigned_setpoint__rosidl_typesupport_introspection_cpp.hpp\n'}
[0.491032] (px4_msgs) StdoutLine: {'line': b'-- Up-to-date symlink: /home/lee/workspace/ros2_ex/install/px4_msgs/include/px4_msgs/px4_msgs/msg/detail/npfg_status__rosidl_typesupport_introspection_cpp.hpp\n'}
[0.491064] (px4_msgs) StdoutLine: {'line': b'-- Up-to-date symlink: /home/lee/workspace/ros2_ex/install/px4_msgs/include/px4_msgs/px4_msgs/msg/detail/obstacle_distance__rosidl_typesupport_introspection_cpp.hpp\n'}
[0.491095] (px4_msgs) StdoutLine: {'line': b'-- Up-to-date symlink: /home/lee/workspace/ros2_ex/install/px4_msgs/include/px4_msgs/px4_msgs/msg/detail/offboard_control_mode__rosidl_typesupport_introspection_cpp.hpp\n'}
[0.491127] (px4_msgs) StdoutLine: {'line': b'-- Up-to-date symlink: /home/lee/workspace/ros2_ex/install/px4_msgs/include/px4_msgs/px4_msgs/msg/detail/onboard_computer_status__rosidl_typesupport_introspection_cpp.hpp\n'}
[0.491159] (px4_msgs) StdoutLine: {'line': b'-- Up-to-date symlink: /home/lee/workspace/ros2_ex/install/px4_msgs/include/px4_msgs/px4_msgs/msg/detail/open_drone_id_arm_status__rosidl_typesupport_introspection_cpp.hpp\n'}
[0.491191] (px4_msgs) StdoutLine: {'line': b'-- Up-to-date symlink: /home/lee/workspace/ros2_ex/install/px4_msgs/include/px4_msgs/px4_msgs/msg/detail/open_drone_id_operator_id__rosidl_typesupport_introspection_cpp.hpp\n'}
[0.491223] (px4_msgs) StdoutLine: {'line': b'-- Up-to-date symlink: /home/lee/workspace/ros2_ex/install/px4_msgs/include/px4_msgs/px4_msgs/msg/detail/open_drone_id_self_id__rosidl_typesupport_introspection_cpp.hpp\n'}
[0.491254] (px4_msgs) StdoutLine: {'line': b'-- Up-to-date symlink: /home/lee/workspace/ros2_ex/install/px4_msgs/include/px4_msgs/px4_msgs/msg/detail/open_drone_id_system__rosidl_typesupport_introspection_cpp.hpp\n'}
[0.491288] (px4_msgs) StdoutLine: {'line': b'-- Up-to-date symlink: /home/lee/workspace/ros2_ex/install/px4_msgs/include/px4_msgs/px4_msgs/msg/detail/orb_test__rosidl_typesupport_introspection_cpp.hpp\n'}
[0.491326] (px4_msgs) StdoutLine: {'line': b'-- Up-to-date symlink: /home/lee/workspace/ros2_ex/install/px4_msgs/include/px4_msgs/px4_msgs/msg/detail/orb_test_large__rosidl_typesupport_introspection_cpp.hpp\n'}
[0.491354] (px4_msgs) StdoutLine: {'line': b'-- Up-to-date symlink: /home/lee/workspace/ros2_ex/install/px4_msgs/include/px4_msgs/px4_msgs/msg/detail/orb_test_medium__rosidl_typesupport_introspection_cpp.hpp\n'}
[0.491383] (px4_msgs) StdoutLine: {'line': b'-- Up-to-date symlink: /home/lee/workspace/ros2_ex/install/px4_msgs/include/px4_msgs/px4_msgs/msg/detail/orbit_status__rosidl_typesupport_introspection_cpp.hpp\n'}
[0.491414] (px4_msgs) StdoutLine: {'line': b'-- Up-to-date symlink: /home/lee/workspace/ros2_ex/install/px4_msgs/include/px4_msgs/px4_msgs/msg/detail/parameter_reset_request__rosidl_typesupport_introspection_cpp.hpp\n'}
[0.491446] (px4_msgs) StdoutLine: {'line': b'-- Up-to-date symlink: /home/lee/workspace/ros2_ex/install/px4_msgs/include/px4_msgs/px4_msgs/msg/detail/parameter_set_used_request__rosidl_typesupport_introspection_cpp.hpp\n'}
[0.491479] (px4_msgs) StdoutLine: {'line': b'-- Up-to-date symlink: /home/lee/workspace/ros2_ex/install/px4_msgs/include/px4_msgs/px4_msgs/msg/detail/parameter_set_value_request__rosidl_typesupport_introspection_cpp.hpp\n'}
[0.491510] (px4_msgs) StdoutLine: {'line': b'-- Up-to-date symlink: /home/lee/workspace/ros2_ex/install/px4_msgs/include/px4_msgs/px4_msgs/msg/detail/parameter_set_value_response__rosidl_typesupport_introspection_cpp.hpp\n'}
[0.491541] (px4_msgs) StdoutLine: {'line': b'-- Up-to-date symlink: /home/lee/workspace/ros2_ex/install/px4_msgs/include/px4_msgs/px4_msgs/msg/detail/parameter_update__rosidl_typesupport_introspection_cpp.hpp\n'}
[0.491575] (px4_msgs) StdoutLine: {'line': b'-- Up-to-date symlink: /home/lee/workspace/ros2_ex/install/px4_msgs/include/px4_msgs/px4_msgs/msg/detail/ping__rosidl_typesupport_introspection_cpp.hpp\n'}
[0.491606] (px4_msgs) StdoutLine: {'line': b'-- Up-to-date symlink: /home/lee/workspace/ros2_ex/install/px4_msgs/include/px4_msgs/px4_msgs/msg/detail/position_controller_landing_status__rosidl_typesupport_introspection_cpp.hpp\n'}
[0.491638] (px4_msgs) StdoutLine: {'line': b'-- Up-to-date symlink: /home/lee/workspace/ros2_ex/install/px4_msgs/include/px4_msgs/px4_msgs/msg/detail/position_controller_status__rosidl_typesupport_introspection_cpp.hpp\n'}
[0.491670] (px4_msgs) StdoutLine: {'line': b'-- Up-to-date symlink: /home/lee/workspace/ros2_ex/install/px4_msgs/include/px4_msgs/px4_msgs/msg/detail/position_setpoint__rosidl_typesupport_introspection_cpp.hpp\n'}
[0.491702] (px4_msgs) StdoutLine: {'line': b'-- Up-to-date symlink: /home/lee/workspace/ros2_ex/install/px4_msgs/include/px4_msgs/px4_msgs/msg/detail/position_setpoint_triplet__rosidl_typesupport_introspection_cpp.hpp\n'}
[0.491733] (px4_msgs) StdoutLine: {'line': b'-- Up-to-date symlink: /home/lee/workspace/ros2_ex/install/px4_msgs/include/px4_msgs/px4_msgs/msg/detail/power_button_state__rosidl_typesupport_introspection_cpp.hpp\n'}
[0.491765] (px4_msgs) StdoutLine: {'line': b'-- Up-to-date symlink: /home/lee/workspace/ros2_ex/install/px4_msgs/include/px4_msgs/px4_msgs/msg/detail/power_monitor__rosidl_typesupport_introspection_cpp.hpp\n'}
[0.491797] (px4_msgs) StdoutLine: {'line': b'-- Up-to-date symlink: /home/lee/workspace/ros2_ex/install/px4_msgs/include/px4_msgs/px4_msgs/msg/detail/pps_capture__rosidl_typesupport_introspection_cpp.hpp\n'}
[0.491829] (px4_msgs) StdoutLine: {'line': b'-- Up-to-date symlink: /home/lee/workspace/ros2_ex/install/px4_msgs/include/px4_msgs/px4_msgs/msg/detail/pure_pursuit_status__rosidl_typesupport_introspection_cpp.hpp\n'}
[0.491860] (px4_msgs) StdoutLine: {'line': b'-- Up-to-date symlink: /home/lee/workspace/ros2_ex/install/px4_msgs/include/px4_msgs/px4_msgs/msg/detail/pwm_input__rosidl_typesupport_introspection_cpp.hpp\n'}
[0.491892] (px4_msgs) StdoutLine: {'line': b'-- Up-to-date symlink: /home/lee/workspace/ros2_ex/install/px4_msgs/include/px4_msgs/px4_msgs/msg/detail/px4io_status__rosidl_typesupport_introspection_cpp.hpp\n'}
[0.491924] (px4_msgs) StdoutLine: {'line': b'-- Up-to-date symlink: /home/lee/workspace/ros2_ex/install/px4_msgs/include/px4_msgs/px4_msgs/msg/detail/qshell_req__rosidl_typesupport_introspection_cpp.hpp\n'}
[0.491956] (px4_msgs) StdoutLine: {'line': b'-- Up-to-date symlink: /home/lee/workspace/ros2_ex/install/px4_msgs/include/px4_msgs/px4_msgs/msg/detail/qshell_retval__rosidl_typesupport_introspection_cpp.hpp\n'}
[0.491987] (px4_msgs) StdoutLine: {'line': b'-- Up-to-date symlink: /home/lee/workspace/ros2_ex/install/px4_msgs/include/px4_msgs/px4_msgs/msg/detail/radio_status__rosidl_typesupport_introspection_cpp.hpp\n'}
[0.492019] (px4_msgs) StdoutLine: {'line': b'-- Up-to-date symlink: /home/lee/workspace/ros2_ex/install/px4_msgs/include/px4_msgs/px4_msgs/msg/detail/rate_ctrl_status__rosidl_typesupport_introspection_cpp.hpp\n'}
[0.492050] (px4_msgs) StdoutLine: {'line': b'-- Up-to-date symlink: /home/lee/workspace/ros2_ex/install/px4_msgs/include/px4_msgs/px4_msgs/msg/detail/rc_channels__rosidl_typesupport_introspection_cpp.hpp\n'}
[0.492082] (px4_msgs) StdoutLine: {'line': b'-- Up-to-date symlink: /home/lee/workspace/ros2_ex/install/px4_msgs/include/px4_msgs/px4_msgs/msg/detail/rc_parameter_map__rosidl_typesupport_introspection_cpp.hpp\n'}
[0.492114] (px4_msgs) StdoutLine: {'line': b'-- Up-to-date symlink: /home/lee/workspace/ros2_ex/install/px4_msgs/include/px4_msgs/px4_msgs/msg/detail/register_ext_component_reply__rosidl_typesupport_introspection_cpp.hpp\n'}
[0.492147] (px4_msgs) StdoutLine: {'line': b'-- Up-to-date symlink: /home/lee/workspace/ros2_ex/install/px4_msgs/include/px4_msgs/px4_msgs/msg/detail/register_ext_component_request__rosidl_typesupport_introspection_cpp.hpp\n'}
[0.492181] (px4_msgs) StdoutLine: {'line': b'-- Up-to-date symlink: /home/lee/workspace/ros2_ex/install/px4_msgs/include/px4_msgs/px4_msgs/msg/detail/rover_attitude_setpoint__rosidl_typesupport_introspection_cpp.hpp\n'}
[0.492213] (px4_msgs) StdoutLine: {'line': b'-- Up-to-date symlink: /home/lee/workspace/ros2_ex/install/px4_msgs/include/px4_msgs/px4_msgs/msg/detail/rover_attitude_status__rosidl_typesupport_introspection_cpp.hpp\n'}
[0.492245] (px4_msgs) StdoutLine: {'line': b'-- Up-to-date symlink: /home/lee/workspace/ros2_ex/install/px4_msgs/include/px4_msgs/px4_msgs/msg/detail/rover_position_setpoint__rosidl_typesupport_introspection_cpp.hpp\n'}
[0.492278] (px4_msgs) StdoutLine: {'line': b'-- Up-to-date symlink: /home/lee/workspace/ros2_ex/install/px4_msgs/include/px4_msgs/px4_msgs/msg/detail/rover_rate_setpoint__rosidl_typesupport_introspection_cpp.hpp\n'}
[0.492309] (px4_msgs) StdoutLine: {'line': b'-- Up-to-date symlink: /home/lee/workspace/ros2_ex/install/px4_msgs/include/px4_msgs/px4_msgs/msg/detail/rover_rate_status__rosidl_typesupport_introspection_cpp.hpp\n'}
[0.492341] (px4_msgs) StdoutLine: {'line': b'-- Up-to-date symlink: /home/lee/workspace/ros2_ex/install/px4_msgs/include/px4_msgs/px4_msgs/msg/detail/rover_steering_setpoint__rosidl_typesupport_introspection_cpp.hpp\n'}
[0.492373] (px4_msgs) StdoutLine: {'line': b'-- Up-to-date symlink: /home/lee/workspace/ros2_ex/install/px4_msgs/include/px4_msgs/px4_msgs/msg/detail/rover_throttle_setpoint__rosidl_typesupport_introspection_cpp.hpp\n'}
[0.492404] (px4_msgs) StdoutLine: {'line': b'-- Up-to-date symlink: /home/lee/workspace/ros2_ex/install/px4_msgs/include/px4_msgs/px4_msgs/msg/detail/rover_velocity_setpoint__rosidl_typesupport_introspection_cpp.hpp\n'}
[0.492435] (px4_msgs) StdoutLine: {'line': b'-- Up-to-date symlink: /home/lee/workspace/ros2_ex/install/px4_msgs/include/px4_msgs/px4_msgs/msg/detail/rover_velocity_status__rosidl_typesupport_introspection_cpp.hpp\n'}
[0.492468] (px4_msgs) StdoutLine: {'line': b'-- Up-to-date symlink: /home/lee/workspace/ros2_ex/install/px4_msgs/include/px4_msgs/px4_msgs/msg/detail/rpm__rosidl_typesupport_introspection_cpp.hpp\n'}
[0.492500] (px4_msgs) StdoutLine: {'line': b'-- Up-to-date symlink: /home/lee/workspace/ros2_ex/install/px4_msgs/include/px4_msgs/px4_msgs/msg/detail/rtl_status__rosidl_typesupport_introspection_cpp.hpp\n'}
[0.492532] (px4_msgs) StdoutLine: {'line': b'-- Up-to-date symlink: /home/lee/workspace/ros2_ex/install/px4_msgs/include/px4_msgs/px4_msgs/msg/detail/rtl_time_estimate__rosidl_typesupport_introspection_cpp.hpp\n'}
[0.492563] (px4_msgs) StdoutLine: {'line': b'-- Up-to-date symlink: /home/lee/workspace/ros2_ex/install/px4_msgs/include/px4_msgs/px4_msgs/msg/detail/satellite_info__rosidl_typesupport_introspection_cpp.hpp\n'}
[0.492594] (px4_msgs) StdoutLine: {'line': b'-- Up-to-date symlink: /home/lee/workspace/ros2_ex/install/px4_msgs/include/px4_msgs/px4_msgs/msg/detail/sensor_accel__rosidl_typesupport_introspection_cpp.hpp\n'}
[0.492625] (px4_msgs) StdoutLine: {'line': b'-- Up-to-date symlink: /home/lee/workspace/ros2_ex/install/px4_msgs/include/px4_msgs/px4_msgs/msg/detail/sensor_accel_fifo__rosidl_typesupport_introspection_cpp.hpp\n'}
[0.492656] (px4_msgs) StdoutLine: {'line': b'-- Up-to-date symlink: /home/lee/workspace/ros2_ex/install/px4_msgs/include/px4_msgs/px4_msgs/msg/detail/sensor_airflow__rosidl_typesupport_introspection_cpp.hpp\n'}
[0.492688] (px4_msgs) StdoutLine: {'line': b'-- Up-to-date symlink: /home/lee/workspace/ros2_ex/install/px4_msgs/include/px4_msgs/px4_msgs/msg/detail/sensor_baro__rosidl_typesupport_introspection_cpp.hpp\n'}
[0.492719] (px4_msgs) StdoutLine: {'line': b'-- Up-to-date symlink: /home/lee/workspace/ros2_ex/install/px4_msgs/include/px4_msgs/px4_msgs/msg/detail/sensor_combined__rosidl_typesupport_introspection_cpp.hpp\n'}
[0.492750] (px4_msgs) StdoutLine: {'line': b'-- Up-to-date symlink: /home/lee/workspace/ros2_ex/install/px4_msgs/include/px4_msgs/px4_msgs/msg/detail/sensor_correction__rosidl_typesupport_introspection_cpp.hpp\n'}
[0.492782] (px4_msgs) StdoutLine: {'line': b'-- Up-to-date symlink: /home/lee/workspace/ros2_ex/install/px4_msgs/include/px4_msgs/px4_msgs/msg/detail/sensor_gnss_relative__rosidl_typesupport_introspection_cpp.hpp\n'}
[0.492814] (px4_msgs) StdoutLine: {'line': b'-- Up-to-date symlink: /home/lee/workspace/ros2_ex/install/px4_msgs/include/px4_msgs/px4_msgs/msg/detail/sensor_gps__rosidl_typesupport_introspection_cpp.hpp\n'}
[0.492846] (px4_msgs) StdoutLine: {'line': b'-- Up-to-date symlink: /home/lee/workspace/ros2_ex/install/px4_msgs/include/px4_msgs/px4_msgs/msg/detail/sensor_gyro__rosidl_typesupport_introspection_cpp.hpp\n'}
[0.492877] (px4_msgs) StdoutLine: {'line': b'-- Up-to-date symlink: /home/lee/workspace/ros2_ex/install/px4_msgs/include/px4_msgs/px4_msgs/msg/detail/sensor_gyro_fft__rosidl_typesupport_introspection_cpp.hpp\n'}
[0.492908] (px4_msgs) StdoutLine: {'line': b'-- Up-to-date symlink: /home/lee/workspace/ros2_ex/install/px4_msgs/include/px4_msgs/px4_msgs/msg/detail/sensor_gyro_fifo__rosidl_typesupport_introspection_cpp.hpp\n'}
[0.492939] (px4_msgs) StdoutLine: {'line': b'-- Up-to-date symlink: /home/lee/workspace/ros2_ex/install/px4_msgs/include/px4_msgs/px4_msgs/msg/detail/sensor_hygrometer__rosidl_typesupport_introspection_cpp.hpp\n'}
[0.492971] (px4_msgs) StdoutLine: {'line': b'-- Up-to-date symlink: /home/lee/workspace/ros2_ex/install/px4_msgs/include/px4_msgs/px4_msgs/msg/detail/sensor_mag__rosidl_typesupport_introspection_cpp.hpp\n'}
[0.493002] (px4_msgs) StdoutLine: {'line': b'-- Up-to-date symlink: /home/lee/workspace/ros2_ex/install/px4_msgs/include/px4_msgs/px4_msgs/msg/detail/sensor_optical_flow__rosidl_typesupport_introspection_cpp.hpp\n'}
[0.493035] (px4_msgs) StdoutLine: {'line': b'-- Up-to-date symlink: /home/lee/workspace/ros2_ex/install/px4_msgs/include/px4_msgs/px4_msgs/msg/detail/sensor_preflight_mag__rosidl_typesupport_introspection_cpp.hpp\n'}
[0.493066] (px4_msgs) StdoutLine: {'line': b'-- Up-to-date symlink: /home/lee/workspace/ros2_ex/install/px4_msgs/include/px4_msgs/px4_msgs/msg/detail/sensor_selection__rosidl_typesupport_introspection_cpp.hpp\n'}
[0.493099] (px4_msgs) StdoutLine: {'line': b'-- Up-to-date symlink: /home/lee/workspace/ros2_ex/install/px4_msgs/include/px4_msgs/px4_msgs/msg/detail/sensor_uwb__rosidl_typesupport_introspection_cpp.hpp\n'}
[0.493130] (px4_msgs) StdoutLine: {'line': b'-- Up-to-date symlink: /home/lee/workspace/ros2_ex/install/px4_msgs/include/px4_msgs/px4_msgs/msg/detail/sensors_status__rosidl_typesupport_introspection_cpp.hpp\n'}
[0.493162] (px4_msgs) StdoutLine: {'line': b'-- Up-to-date symlink: /home/lee/workspace/ros2_ex/install/px4_msgs/include/px4_msgs/px4_msgs/msg/detail/sensors_status_imu__rosidl_typesupport_introspection_cpp.hpp\n'}
[0.493193] (px4_msgs) StdoutLine: {'line': b'-- Up-to-date symlink: /home/lee/workspace/ros2_ex/install/px4_msgs/include/px4_msgs/px4_msgs/msg/detail/system_power__rosidl_typesupport_introspection_cpp.hpp\n'}
[0.493225] (px4_msgs) StdoutLine: {'line': b'-- Up-to-date symlink: /home/lee/workspace/ros2_ex/install/px4_msgs/include/px4_msgs/px4_msgs/msg/detail/takeoff_status__rosidl_typesupport_introspection_cpp.hpp\n'}
[0.493256] (px4_msgs) StdoutLine: {'line': b'-- Up-to-date symlink: /home/lee/workspace/ros2_ex/install/px4_msgs/include/px4_msgs/px4_msgs/msg/detail/task_stack_info__rosidl_typesupport_introspection_cpp.hpp\n'}
[0.493288] (px4_msgs) StdoutLine: {'line': b'-- Up-to-date symlink: /home/lee/workspace/ros2_ex/install/px4_msgs/include/px4_msgs/px4_msgs/msg/detail/tecs_status__rosidl_typesupport_introspection_cpp.hpp\n'}
[0.493321] (px4_msgs) StdoutLine: {'line': b'-- Up-to-date symlink: /home/lee/workspace/ros2_ex/install/px4_msgs/include/px4_msgs/px4_msgs/msg/detail/telemetry_status__rosidl_typesupport_introspection_cpp.hpp\n'}
[0.493353] (px4_msgs) StdoutLine: {'line': b'-- Up-to-date symlink: /home/lee/workspace/ros2_ex/install/px4_msgs/include/px4_msgs/px4_msgs/msg/detail/tiltrotor_extra_controls__rosidl_typesupport_introspection_cpp.hpp\n'}
[0.493385] (px4_msgs) StdoutLine: {'line': b'-- Up-to-date symlink: /home/lee/workspace/ros2_ex/install/px4_msgs/include/px4_msgs/px4_msgs/msg/detail/timesync_status__rosidl_typesupport_introspection_cpp.hpp\n'}
[0.493416] (px4_msgs) StdoutLine: {'line': b'-- Up-to-date symlink: /home/lee/workspace/ros2_ex/install/px4_msgs/include/px4_msgs/px4_msgs/msg/detail/trajectory_bezier__rosidl_typesupport_introspection_cpp.hpp\n'}
[0.493448] (px4_msgs) StdoutLine: {'line': b'-- Up-to-date symlink: /home/lee/workspace/ros2_ex/install/px4_msgs/include/px4_msgs/px4_msgs/msg/detail/trajectory_setpoint6dof__rosidl_typesupport_introspection_cpp.hpp\n'}
[0.493479] (px4_msgs) StdoutLine: {'line': b'-- Up-to-date symlink: /home/lee/workspace/ros2_ex/install/px4_msgs/include/px4_msgs/px4_msgs/msg/detail/trajectory_setpoint__rosidl_typesupport_introspection_cpp.hpp\n'}
[0.493511] (px4_msgs) StdoutLine: {'line': b'-- Up-to-date symlink: /home/lee/workspace/ros2_ex/install/px4_msgs/include/px4_msgs/px4_msgs/msg/detail/trajectory_waypoint__rosidl_typesupport_introspection_cpp.hpp\n'}
[0.493542] (px4_msgs) StdoutLine: {'line': b'-- Up-to-date symlink: /home/lee/workspace/ros2_ex/install/px4_msgs/include/px4_msgs/px4_msgs/msg/detail/transponder_report__rosidl_typesupport_introspection_cpp.hpp\n'}
[0.493573] (px4_msgs) StdoutLine: {'line': b'-- Up-to-date symlink: /home/lee/workspace/ros2_ex/install/px4_msgs/include/px4_msgs/px4_msgs/msg/detail/tune_control__rosidl_typesupport_introspection_cpp.hpp\n'}
[0.493605] (px4_msgs) StdoutLine: {'line': b'-- Up-to-date symlink: /home/lee/workspace/ros2_ex/install/px4_msgs/include/px4_msgs/px4_msgs/msg/detail/uavcan_parameter_request__rosidl_typesupport_introspection_cpp.hpp\n'}
[0.493637] (px4_msgs) StdoutLine: {'line': b'-- Up-to-date symlink: /home/lee/workspace/ros2_ex/install/px4_msgs/include/px4_msgs/px4_msgs/msg/detail/uavcan_parameter_value__rosidl_typesupport_introspection_cpp.hpp\n'}
[0.493669] (px4_msgs) StdoutLine: {'line': b'-- Up-to-date symlink: /home/lee/workspace/ros2_ex/install/px4_msgs/include/px4_msgs/px4_msgs/msg/detail/ulog_stream__rosidl_typesupport_introspection_cpp.hpp\n'}
[0.493700] (px4_msgs) StdoutLine: {'line': b'-- Up-to-date symlink: /home/lee/workspace/ros2_ex/install/px4_msgs/include/px4_msgs/px4_msgs/msg/detail/ulog_stream_ack__rosidl_typesupport_introspection_cpp.hpp\n'}
[0.493732] (px4_msgs) StdoutLine: {'line': b'-- Up-to-date symlink: /home/lee/workspace/ros2_ex/install/px4_msgs/include/px4_msgs/px4_msgs/msg/detail/unregister_ext_component__rosidl_typesupport_introspection_cpp.hpp\n'}
[0.493763] (px4_msgs) StdoutLine: {'line': b'-- Up-to-date symlink: /home/lee/workspace/ros2_ex/install/px4_msgs/include/px4_msgs/px4_msgs/msg/detail/vehicle_acceleration__rosidl_typesupport_introspection_cpp.hpp\n'}
[0.493795] (px4_msgs) StdoutLine: {'line': b'-- Up-to-date symlink: /home/lee/workspace/ros2_ex/install/px4_msgs/include/px4_msgs/px4_msgs/msg/detail/vehicle_air_data__rosidl_typesupport_introspection_cpp.hpp\n'}
[0.493827] (px4_msgs) StdoutLine: {'line': b'-- Up-to-date symlink: /home/lee/workspace/ros2_ex/install/px4_msgs/include/px4_msgs/px4_msgs/msg/detail/vehicle_angular_acceleration_setpoint__rosidl_typesupport_introspection_cpp.hpp\n'}
[0.493859] (px4_msgs) StdoutLine: {'line': b'-- Up-to-date symlink: /home/lee/workspace/ros2_ex/install/px4_msgs/include/px4_msgs/px4_msgs/msg/detail/vehicle_angular_velocity__rosidl_typesupport_introspection_cpp.hpp\n'}
[0.493891] (px4_msgs) StdoutLine: {'line': b'-- Up-to-date symlink: /home/lee/workspace/ros2_ex/install/px4_msgs/include/px4_msgs/px4_msgs/msg/detail/vehicle_attitude__rosidl_typesupport_introspection_cpp.hpp\n'}
[0.493924] (px4_msgs) StdoutLine: {'line': b'-- Up-to-date symlink: /home/lee/workspace/ros2_ex/install/px4_msgs/include/px4_msgs/px4_msgs/msg/detail/vehicle_attitude_setpoint__rosidl_typesupport_introspection_cpp.hpp\n'}
[0.493955] (px4_msgs) StdoutLine: {'line': b'-- Up-to-date symlink: /home/lee/workspace/ros2_ex/install/px4_msgs/include/px4_msgs/px4_msgs/msg/detail/vehicle_command__rosidl_typesupport_introspection_cpp.hpp\n'}
[0.493986] (px4_msgs) StdoutLine: {'line': b'-- Up-to-date symlink: /home/lee/workspace/ros2_ex/install/px4_msgs/include/px4_msgs/px4_msgs/msg/detail/vehicle_command_ack__rosidl_typesupport_introspection_cpp.hpp\n'}
[0.494018] (px4_msgs) StdoutLine: {'line': b'-- Up-to-date symlink: /home/lee/workspace/ros2_ex/install/px4_msgs/include/px4_msgs/px4_msgs/msg/detail/vehicle_constraints__rosidl_typesupport_introspection_cpp.hpp\n'}
[0.494049] (px4_msgs) StdoutLine: {'line': b'-- Up-to-date symlink: /home/lee/workspace/ros2_ex/install/px4_msgs/include/px4_msgs/px4_msgs/msg/detail/vehicle_control_mode__rosidl_typesupport_introspection_cpp.hpp\n'}
[0.494081] (px4_msgs) StdoutLine: {'line': b'-- Up-to-date symlink: /home/lee/workspace/ros2_ex/install/px4_msgs/include/px4_msgs/px4_msgs/msg/detail/vehicle_global_position__rosidl_typesupport_introspection_cpp.hpp\n'}
[0.494114] (px4_msgs) StdoutLine: {'line': b'-- Up-to-date symlink: /home/lee/workspace/ros2_ex/install/px4_msgs/include/px4_msgs/px4_msgs/msg/detail/vehicle_imu__rosidl_typesupport_introspection_cpp.hpp\n'}
[0.494145] (px4_msgs) StdoutLine: {'line': b'-- Up-to-date symlink: /home/lee/workspace/ros2_ex/install/px4_msgs/include/px4_msgs/px4_msgs/msg/detail/vehicle_imu_status__rosidl_typesupport_introspection_cpp.hpp\n'}
[0.494176] (px4_msgs) StdoutLine: {'line': b'-- Up-to-date symlink: /home/lee/workspace/ros2_ex/install/px4_msgs/include/px4_msgs/px4_msgs/msg/detail/vehicle_land_detected__rosidl_typesupport_introspection_cpp.hpp\n'}
[0.494208] (px4_msgs) StdoutLine: {'line': b'-- Up-to-date symlink: /home/lee/workspace/ros2_ex/install/px4_msgs/include/px4_msgs/px4_msgs/msg/detail/vehicle_local_position__rosidl_typesupport_introspection_cpp.hpp\n'}
[0.494241] (px4_msgs) StdoutLine: {'line': b'-- Up-to-date symlink: /home/lee/workspace/ros2_ex/install/px4_msgs/include/px4_msgs/px4_msgs/msg/detail/vehicle_local_position_setpoint__rosidl_typesupport_introspection_cpp.hpp\n'}
[0.494273] (px4_msgs) StdoutLine: {'line': b'-- Up-to-date symlink: /home/lee/workspace/ros2_ex/install/px4_msgs/include/px4_msgs/px4_msgs/msg/detail/vehicle_magnetometer__rosidl_typesupport_introspection_cpp.hpp\n'}
[0.494306] (px4_msgs) StdoutLine: {'line': b'-- Up-to-date symlink: /home/lee/workspace/ros2_ex/install/px4_msgs/include/px4_msgs/px4_msgs/msg/detail/vehicle_odometry__rosidl_typesupport_introspection_cpp.hpp\n'}
[0.494338] (px4_msgs) StdoutLine: {'line': b'-- Up-to-date symlink: /home/lee/workspace/ros2_ex/install/px4_msgs/include/px4_msgs/px4_msgs/msg/detail/vehicle_optical_flow__rosidl_typesupport_introspection_cpp.hpp\n'}
[0.494370] (px4_msgs) StdoutLine: {'line': b'-- Up-to-date symlink: /home/lee/workspace/ros2_ex/install/px4_msgs/include/px4_msgs/px4_msgs/msg/detail/vehicle_optical_flow_vel__rosidl_typesupport_introspection_cpp.hpp\n'}
[0.494402] (px4_msgs) StdoutLine: {'line': b'-- Up-to-date symlink: /home/lee/workspace/ros2_ex/install/px4_msgs/include/px4_msgs/px4_msgs/msg/detail/vehicle_rates_setpoint__rosidl_typesupport_introspection_cpp.hpp\n'}
[0.494434] (px4_msgs) StdoutLine: {'line': b'-- Up-to-date symlink: /home/lee/workspace/ros2_ex/install/px4_msgs/include/px4_msgs/px4_msgs/msg/detail/vehicle_roi__rosidl_typesupport_introspection_cpp.hpp\n'}
[0.494466] (px4_msgs) StdoutLine: {'line': b'-- Up-to-date symlink: /home/lee/workspace/ros2_ex/install/px4_msgs/include/px4_msgs/px4_msgs/msg/detail/vehicle_status__rosidl_typesupport_introspection_cpp.hpp\n'}
[0.494497] (px4_msgs) StdoutLine: {'line': b'-- Up-to-date symlink: /home/lee/workspace/ros2_ex/install/px4_msgs/include/px4_msgs/px4_msgs/msg/detail/vehicle_thrust_setpoint__rosidl_typesupport_introspection_cpp.hpp\n'}
[0.494529] (px4_msgs) StdoutLine: {'line': b'-- Up-to-date symlink: /home/lee/workspace/ros2_ex/install/px4_msgs/include/px4_msgs/px4_msgs/msg/detail/vehicle_torque_setpoint__rosidl_typesupport_introspection_cpp.hpp\n'}
[0.494560] (px4_msgs) StdoutLine: {'line': b'-- Up-to-date symlink: /home/lee/workspace/ros2_ex/install/px4_msgs/include/px4_msgs/px4_msgs/msg/detail/vehicle_trajectory_bezier__rosidl_typesupport_introspection_cpp.hpp\n'}
[0.494592] (px4_msgs) StdoutLine: {'line': b'-- Up-to-date symlink: /home/lee/workspace/ros2_ex/install/px4_msgs/include/px4_msgs/px4_msgs/msg/detail/vehicle_trajectory_waypoint__rosidl_typesupport_introspection_cpp.hpp\n'}
[0.494623] (px4_msgs) StdoutLine: {'line': b'-- Up-to-date symlink: /home/lee/workspace/ros2_ex/install/px4_msgs/include/px4_msgs/px4_msgs/msg/detail/velocity_limits__rosidl_typesupport_introspection_cpp.hpp\n'}
[0.494656] (px4_msgs) StdoutLine: {'line': b'-- Up-to-date symlink: /home/lee/workspace/ros2_ex/install/px4_msgs/include/px4_msgs/px4_msgs/msg/detail/vtol_vehicle_status__rosidl_typesupport_introspection_cpp.hpp\n'}
[0.494686] (px4_msgs) StdoutLine: {'line': b'-- Up-to-date symlink: /home/lee/workspace/ros2_ex/install/px4_msgs/include/px4_msgs/px4_msgs/msg/detail/wheel_encoders__rosidl_typesupport_introspection_cpp.hpp\n'}
[0.494718] (px4_msgs) StdoutLine: {'line': b'-- Up-to-date symlink: /home/lee/workspace/ros2_ex/install/px4_msgs/include/px4_msgs/px4_msgs/msg/detail/wind__rosidl_typesupport_introspection_cpp.hpp\n'}
[0.494750] (px4_msgs) StdoutLine: {'line': b'-- Up-to-date symlink: /home/lee/workspace/ros2_ex/install/px4_msgs/include/px4_msgs/px4_msgs/msg/detail/yaw_estimator_status__rosidl_typesupport_introspection_cpp.hpp\n'}
[0.494782] (px4_msgs) StdoutLine: {'line': b'-- Up-to-date symlink: /home/lee/workspace/ros2_ex/install/px4_msgs/include/px4_msgs/px4_msgs/srv/detail/vehicle_command__rosidl_typesupport_introspection_cpp.hpp\n'}
[0.494844] (px4_msgs) StdoutLine: {'line': b'-- Up-to-date symlink: /home/lee/workspace/ros2_ex/install/px4_msgs/share/px4_msgs/environment/pythonpath.sh\n'}
[0.494894] (px4_msgs) StdoutLine: {'line': b'-- Up-to-date symlink: /home/lee/workspace/ros2_ex/install/px4_msgs/share/px4_msgs/environment/pythonpath.dsv\n'}
[0.495006] (px4_msgs) StdoutLine: {'line': b'-- Up-to-date symlink: /home/lee/workspace/ros2_ex/install/px4_msgs/local/lib/python3.10/dist-packages/px4_msgs-2.0.1-py3.10.egg-info/PKG-INFO\n'}
[0.495041] (px4_msgs) StdoutLine: {'line': b'-- Up-to-date symlink: /home/lee/workspace/ros2_ex/install/px4_msgs/local/lib/python3.10/dist-packages/px4_msgs-2.0.1-py3.10.egg-info/SOURCES.txt\n'}
[0.495075] (px4_msgs) StdoutLine: {'line': b'-- Up-to-date symlink: /home/lee/workspace/ros2_ex/install/px4_msgs/local/lib/python3.10/dist-packages/px4_msgs-2.0.1-py3.10.egg-info/dependency_links.txt\n'}
[0.495108] (px4_msgs) StdoutLine: {'line': b'-- Up-to-date symlink: /home/lee/workspace/ros2_ex/install/px4_msgs/local/lib/python3.10/dist-packages/px4_msgs-2.0.1-py3.10.egg-info/top_level.txt\n'}
[0.497649] (px4_msgs) StdoutLine: {'line': b'-- Up-to-date symlink: /home/lee/workspace/ros2_ex/install/px4_msgs/local/lib/python3.10/dist-packages/px4_msgs/__init__.py\n'}
[0.497683] (px4_msgs) StdoutLine: {'line': b'-- Up-to-date symlink: /home/lee/workspace/ros2_ex/install/px4_msgs/local/lib/python3.10/dist-packages/px4_msgs/_px4_msgs_s.ep.rosidl_typesupport_c.c\n'}
[0.497713] (px4_msgs) StdoutLine: {'line': b'-- Up-to-date symlink: /home/lee/workspace/ros2_ex/install/px4_msgs/local/lib/python3.10/dist-packages/px4_msgs/_px4_msgs_s.ep.rosidl_typesupport_fastrtps_c.c\n'}
[0.497742] (px4_msgs) StdoutLine: {'line': b'-- Up-to-date symlink: /home/lee/workspace/ros2_ex/install/px4_msgs/local/lib/python3.10/dist-packages/px4_msgs/_px4_msgs_s.ep.rosidl_typesupport_introspection_c.c\n'}
[0.497770] (px4_msgs) StdoutLine: {'line': b'-- Up-to-date symlink: /home/lee/workspace/ros2_ex/install/px4_msgs/local/lib/python3.10/dist-packages/px4_msgs/libpx4_msgs__rosidl_generator_py.so\n'}
[0.497798] (px4_msgs) StdoutLine: {'line': b'-- Up-to-date symlink: /home/lee/workspace/ros2_ex/install/px4_msgs/local/lib/python3.10/dist-packages/px4_msgs/msg/__init__.py\n'}
[0.497827] (px4_msgs) StdoutLine: {'line': b'-- Up-to-date symlink: /home/lee/workspace/ros2_ex/install/px4_msgs/local/lib/python3.10/dist-packages/px4_msgs/msg/_action_request.py\n'}
[0.497860] (px4_msgs) StdoutLine: {'line': b'-- Up-to-date symlink: /home/lee/workspace/ros2_ex/install/px4_msgs/local/lib/python3.10/dist-packages/px4_msgs/msg/_action_request_s.c\n'}
[0.497891] (px4_msgs) StdoutLine: {'line': b'-- Up-to-date symlink: /home/lee/workspace/ros2_ex/install/px4_msgs/local/lib/python3.10/dist-packages/px4_msgs/msg/_actuator_armed.py\n'}
[0.497923] (px4_msgs) StdoutLine: {'line': b'-- Up-to-date symlink: /home/lee/workspace/ros2_ex/install/px4_msgs/local/lib/python3.10/dist-packages/px4_msgs/msg/_actuator_armed_s.c\n'}
[0.497955] (px4_msgs) StdoutLine: {'line': b'-- Up-to-date symlink: /home/lee/workspace/ros2_ex/install/px4_msgs/local/lib/python3.10/dist-packages/px4_msgs/msg/_actuator_controls_status.py\n'}
[0.497987] (px4_msgs) StdoutLine: {'line': b'-- Up-to-date symlink: /home/lee/workspace/ros2_ex/install/px4_msgs/local/lib/python3.10/dist-packages/px4_msgs/msg/_actuator_controls_status_s.c\n'}
[0.498019] (px4_msgs) StdoutLine: {'line': b'-- Up-to-date symlink: /home/lee/workspace/ros2_ex/install/px4_msgs/local/lib/python3.10/dist-packages/px4_msgs/msg/_actuator_motors.py\n'}
[0.498051] (px4_msgs) StdoutLine: {'line': b'-- Up-to-date symlink: /home/lee/workspace/ros2_ex/install/px4_msgs/local/lib/python3.10/dist-packages/px4_msgs/msg/_actuator_motors_s.c\n'}
[0.498083] (px4_msgs) StdoutLine: {'line': b'-- Up-to-date symlink: /home/lee/workspace/ros2_ex/install/px4_msgs/local/lib/python3.10/dist-packages/px4_msgs/msg/_actuator_outputs.py\n'}
[0.498114] (px4_msgs) StdoutLine: {'line': b'-- Up-to-date symlink: /home/lee/workspace/ros2_ex/install/px4_msgs/local/lib/python3.10/dist-packages/px4_msgs/msg/_actuator_outputs_s.c\n'}
[0.498145] (px4_msgs) StdoutLine: {'line': b'-- Up-to-date symlink: /home/lee/workspace/ros2_ex/install/px4_msgs/local/lib/python3.10/dist-packages/px4_msgs/msg/_actuator_servos.py\n'}
[0.498176] (px4_msgs) StdoutLine: {'line': b'-- Up-to-date symlink: /home/lee/workspace/ros2_ex/install/px4_msgs/local/lib/python3.10/dist-packages/px4_msgs/msg/_actuator_servos_s.c\n'}
[0.498208] (px4_msgs) StdoutLine: {'line': b'-- Up-to-date symlink: /home/lee/workspace/ros2_ex/install/px4_msgs/local/lib/python3.10/dist-packages/px4_msgs/msg/_actuator_servos_trim.py\n'}
[0.498240] (px4_msgs) StdoutLine: {'line': b'-- Up-to-date symlink: /home/lee/workspace/ros2_ex/install/px4_msgs/local/lib/python3.10/dist-packages/px4_msgs/msg/_actuator_servos_trim_s.c\n'}
[0.498273] (px4_msgs) StdoutLine: {'line': b'-- Up-to-date symlink: /home/lee/workspace/ros2_ex/install/px4_msgs/local/lib/python3.10/dist-packages/px4_msgs/msg/_actuator_test.py\n'}
[0.498311] (px4_msgs) StdoutLine: {'line': b'-- Up-to-date symlink: /home/lee/workspace/ros2_ex/install/px4_msgs/local/lib/python3.10/dist-packages/px4_msgs/msg/_actuator_test_s.c\n'}
[0.498342] (px4_msgs) StdoutLine: {'line': b'-- Up-to-date symlink: /home/lee/workspace/ros2_ex/install/px4_msgs/local/lib/python3.10/dist-packages/px4_msgs/msg/_adc_report.py\n'}
[0.498373] (px4_msgs) StdoutLine: {'line': b'-- Up-to-date symlink: /home/lee/workspace/ros2_ex/install/px4_msgs/local/lib/python3.10/dist-packages/px4_msgs/msg/_adc_report_s.c\n'}
[0.498403] (px4_msgs) StdoutLine: {'line': b'-- Up-to-date symlink: /home/lee/workspace/ros2_ex/install/px4_msgs/local/lib/python3.10/dist-packages/px4_msgs/msg/_airspeed.py\n'}
[0.498436] (px4_msgs) StdoutLine: {'line': b'-- Up-to-date symlink: /home/lee/workspace/ros2_ex/install/px4_msgs/local/lib/python3.10/dist-packages/px4_msgs/msg/_airspeed_s.c\n'}
[0.498468] (px4_msgs) StdoutLine: {'line': b'-- Up-to-date symlink: /home/lee/workspace/ros2_ex/install/px4_msgs/local/lib/python3.10/dist-packages/px4_msgs/msg/_airspeed_validated.py\n'}
[0.498499] (px4_msgs) StdoutLine: {'line': b'-- Up-to-date symlink: /home/lee/workspace/ros2_ex/install/px4_msgs/local/lib/python3.10/dist-packages/px4_msgs/msg/_airspeed_validated_s.c\n'}
[0.498530] (px4_msgs) StdoutLine: {'line': b'-- Up-to-date symlink: /home/lee/workspace/ros2_ex/install/px4_msgs/local/lib/python3.10/dist-packages/px4_msgs/msg/_airspeed_wind.py\n'}
[0.498561] (px4_msgs) StdoutLine: {'line': b'-- Up-to-date symlink: /home/lee/workspace/ros2_ex/install/px4_msgs/local/lib/python3.10/dist-packages/px4_msgs/msg/_airspeed_wind_s.c\n'}
[0.498592] (px4_msgs) StdoutLine: {'line': b'-- Up-to-date symlink: /home/lee/workspace/ros2_ex/install/px4_msgs/local/lib/python3.10/dist-packages/px4_msgs/msg/_arming_check_reply.py\n'}
[0.498624] (px4_msgs) StdoutLine: {'line': b'-- Up-to-date symlink: /home/lee/workspace/ros2_ex/install/px4_msgs/local/lib/python3.10/dist-packages/px4_msgs/msg/_arming_check_reply_s.c\n'}
[0.498655] (px4_msgs) StdoutLine: {'line': b'-- Up-to-date symlink: /home/lee/workspace/ros2_ex/install/px4_msgs/local/lib/python3.10/dist-packages/px4_msgs/msg/_arming_check_request.py\n'}
[0.498687] (px4_msgs) StdoutLine: {'line': b'-- Up-to-date symlink: /home/lee/workspace/ros2_ex/install/px4_msgs/local/lib/python3.10/dist-packages/px4_msgs/msg/_arming_check_request_s.c\n'}
[0.498718] (px4_msgs) StdoutLine: {'line': b'-- Up-to-date symlink: /home/lee/workspace/ros2_ex/install/px4_msgs/local/lib/python3.10/dist-packages/px4_msgs/msg/_autotune_attitude_control_status.py\n'}
[0.498750] (px4_msgs) StdoutLine: {'line': b'-- Up-to-date symlink: /home/lee/workspace/ros2_ex/install/px4_msgs/local/lib/python3.10/dist-packages/px4_msgs/msg/_autotune_attitude_control_status_s.c\n'}
[0.498781] (px4_msgs) StdoutLine: {'line': b'-- Up-to-date symlink: /home/lee/workspace/ros2_ex/install/px4_msgs/local/lib/python3.10/dist-packages/px4_msgs/msg/_battery_info.py\n'}
[0.498812] (px4_msgs) StdoutLine: {'line': b'-- Up-to-date symlink: /home/lee/workspace/ros2_ex/install/px4_msgs/local/lib/python3.10/dist-packages/px4_msgs/msg/_battery_info_s.c\n'}
[0.498843] (px4_msgs) StdoutLine: {'line': b'-- Up-to-date symlink: /home/lee/workspace/ros2_ex/install/px4_msgs/local/lib/python3.10/dist-packages/px4_msgs/msg/_battery_status.py\n'}
[0.498873] (px4_msgs) StdoutLine: {'line': b'-- Up-to-date symlink: /home/lee/workspace/ros2_ex/install/px4_msgs/local/lib/python3.10/dist-packages/px4_msgs/msg/_battery_status_s.c\n'}
[0.498904] (px4_msgs) StdoutLine: {'line': b'-- Up-to-date symlink: /home/lee/workspace/ros2_ex/install/px4_msgs/local/lib/python3.10/dist-packages/px4_msgs/msg/_button_event.py\n'}
[0.498935] (px4_msgs) StdoutLine: {'line': b'-- Up-to-date symlink: /home/lee/workspace/ros2_ex/install/px4_msgs/local/lib/python3.10/dist-packages/px4_msgs/msg/_button_event_s.c\n'}
[0.498965] (px4_msgs) StdoutLine: {'line': b'-- Up-to-date symlink: /home/lee/workspace/ros2_ex/install/px4_msgs/local/lib/python3.10/dist-packages/px4_msgs/msg/_camera_capture.py\n'}
[0.498996] (px4_msgs) StdoutLine: {'line': b'-- Up-to-date symlink: /home/lee/workspace/ros2_ex/install/px4_msgs/local/lib/python3.10/dist-packages/px4_msgs/msg/_camera_capture_s.c\n'}
[0.499027] (px4_msgs) StdoutLine: {'line': b'-- Up-to-date symlink: /home/lee/workspace/ros2_ex/install/px4_msgs/local/lib/python3.10/dist-packages/px4_msgs/msg/_camera_status.py\n'}
[0.499058] (px4_msgs) StdoutLine: {'line': b'-- Up-to-date symlink: /home/lee/workspace/ros2_ex/install/px4_msgs/local/lib/python3.10/dist-packages/px4_msgs/msg/_camera_status_s.c\n'}
[0.499089] (px4_msgs) StdoutLine: {'line': b'-- Up-to-date symlink: /home/lee/workspace/ros2_ex/install/px4_msgs/local/lib/python3.10/dist-packages/px4_msgs/msg/_camera_trigger.py\n'}
[0.499120] (px4_msgs) StdoutLine: {'line': b'-- Up-to-date symlink: /home/lee/workspace/ros2_ex/install/px4_msgs/local/lib/python3.10/dist-packages/px4_msgs/msg/_camera_trigger_s.c\n'}
[0.499150] (px4_msgs) StdoutLine: {'line': b'-- Up-to-date symlink: /home/lee/workspace/ros2_ex/install/px4_msgs/local/lib/python3.10/dist-packages/px4_msgs/msg/_can_interface_status.py\n'}
[0.499182] (px4_msgs) StdoutLine: {'line': b'-- Up-to-date symlink: /home/lee/workspace/ros2_ex/install/px4_msgs/local/lib/python3.10/dist-packages/px4_msgs/msg/_can_interface_status_s.c\n'}
[0.499213] (px4_msgs) StdoutLine: {'line': b'-- Up-to-date symlink: /home/lee/workspace/ros2_ex/install/px4_msgs/local/lib/python3.10/dist-packages/px4_msgs/msg/_cellular_status.py\n'}
[0.499244] (px4_msgs) StdoutLine: {'line': b'-- Up-to-date symlink: /home/lee/workspace/ros2_ex/install/px4_msgs/local/lib/python3.10/dist-packages/px4_msgs/msg/_cellular_status_s.c\n'}
[0.499274] (px4_msgs) StdoutLine: {'line': b'-- Up-to-date symlink: /home/lee/workspace/ros2_ex/install/px4_msgs/local/lib/python3.10/dist-packages/px4_msgs/msg/_collision_constraints.py\n'}
[0.499307] (px4_msgs) StdoutLine: {'line': b'-- Up-to-date symlink: /home/lee/workspace/ros2_ex/install/px4_msgs/local/lib/python3.10/dist-packages/px4_msgs/msg/_collision_constraints_s.c\n'}
[0.499339] (px4_msgs) StdoutLine: {'line': b'-- Up-to-date symlink: /home/lee/workspace/ros2_ex/install/px4_msgs/local/lib/python3.10/dist-packages/px4_msgs/msg/_collision_report.py\n'}
[0.499370] (px4_msgs) StdoutLine: {'line': b'-- Up-to-date symlink: /home/lee/workspace/ros2_ex/install/px4_msgs/local/lib/python3.10/dist-packages/px4_msgs/msg/_collision_report_s.c\n'}
[0.499401] (px4_msgs) StdoutLine: {'line': b'-- Up-to-date symlink: /home/lee/workspace/ros2_ex/install/px4_msgs/local/lib/python3.10/dist-packages/px4_msgs/msg/_config_overrides.py\n'}
[0.499432] (px4_msgs) StdoutLine: {'line': b'-- Up-to-date symlink: /home/lee/workspace/ros2_ex/install/px4_msgs/local/lib/python3.10/dist-packages/px4_msgs/msg/_config_overrides_s.c\n'}
[0.499463] (px4_msgs) StdoutLine: {'line': b'-- Up-to-date symlink: /home/lee/workspace/ros2_ex/install/px4_msgs/local/lib/python3.10/dist-packages/px4_msgs/msg/_control_allocator_status.py\n'}
[0.499494] (px4_msgs) StdoutLine: {'line': b'-- Up-to-date symlink: /home/lee/workspace/ros2_ex/install/px4_msgs/local/lib/python3.10/dist-packages/px4_msgs/msg/_control_allocator_status_s.c\n'}
[0.499526] (px4_msgs) StdoutLine: {'line': b'-- Up-to-date symlink: /home/lee/workspace/ros2_ex/install/px4_msgs/local/lib/python3.10/dist-packages/px4_msgs/msg/_cpuload.py\n'}
[0.499558] (px4_msgs) StdoutLine: {'line': b'-- Up-to-date symlink: /home/lee/workspace/ros2_ex/install/px4_msgs/local/lib/python3.10/dist-packages/px4_msgs/msg/_cpuload_s.c\n'}
[0.499589] (px4_msgs) StdoutLine: {'line': b'-- Up-to-date symlink: /home/lee/workspace/ros2_ex/install/px4_msgs/local/lib/python3.10/dist-packages/px4_msgs/msg/_dataman_request.py\n'}
[0.499620] (px4_msgs) StdoutLine: {'line': b'-- Up-to-date symlink: /home/lee/workspace/ros2_ex/install/px4_msgs/local/lib/python3.10/dist-packages/px4_msgs/msg/_dataman_request_s.c\n'}
[0.499650] (px4_msgs) StdoutLine: {'line': b'-- Up-to-date symlink: /home/lee/workspace/ros2_ex/install/px4_msgs/local/lib/python3.10/dist-packages/px4_msgs/msg/_dataman_response.py\n'}
[0.499681] (px4_msgs) StdoutLine: {'line': b'-- Up-to-date symlink: /home/lee/workspace/ros2_ex/install/px4_msgs/local/lib/python3.10/dist-packages/px4_msgs/msg/_dataman_response_s.c\n'}
[0.499713] (px4_msgs) StdoutLine: {'line': b'-- Up-to-date symlink: /home/lee/workspace/ros2_ex/install/px4_msgs/local/lib/python3.10/dist-packages/px4_msgs/msg/_debug_array.py\n'}
[0.499744] (px4_msgs) StdoutLine: {'line': b'-- Up-to-date symlink: /home/lee/workspace/ros2_ex/install/px4_msgs/local/lib/python3.10/dist-packages/px4_msgs/msg/_debug_array_s.c\n'}
[0.499776] (px4_msgs) StdoutLine: {'line': b'-- Up-to-date symlink: /home/lee/workspace/ros2_ex/install/px4_msgs/local/lib/python3.10/dist-packages/px4_msgs/msg/_debug_key_value.py\n'}
[0.499807] (px4_msgs) StdoutLine: {'line': b'-- Up-to-date symlink: /home/lee/workspace/ros2_ex/install/px4_msgs/local/lib/python3.10/dist-packages/px4_msgs/msg/_debug_key_value_s.c\n'}
[0.499839] (px4_msgs) StdoutLine: {'line': b'-- Up-to-date symlink: /home/lee/workspace/ros2_ex/install/px4_msgs/local/lib/python3.10/dist-packages/px4_msgs/msg/_debug_value.py\n'}
[0.499869] (px4_msgs) StdoutLine: {'line': b'-- Up-to-date symlink: /home/lee/workspace/ros2_ex/install/px4_msgs/local/lib/python3.10/dist-packages/px4_msgs/msg/_debug_value_s.c\n'}
[0.499900] (px4_msgs) StdoutLine: {'line': b'-- Up-to-date symlink: /home/lee/workspace/ros2_ex/install/px4_msgs/local/lib/python3.10/dist-packages/px4_msgs/msg/_debug_vect.py\n'}
[0.499931] (px4_msgs) StdoutLine: {'line': b'-- Up-to-date symlink: /home/lee/workspace/ros2_ex/install/px4_msgs/local/lib/python3.10/dist-packages/px4_msgs/msg/_debug_vect_s.c\n'}
[0.499962] (px4_msgs) StdoutLine: {'line': b'-- Up-to-date symlink: /home/lee/workspace/ros2_ex/install/px4_msgs/local/lib/python3.10/dist-packages/px4_msgs/msg/_differential_pressure.py\n'}
[0.499993] (px4_msgs) StdoutLine: {'line': b'-- Up-to-date symlink: /home/lee/workspace/ros2_ex/install/px4_msgs/local/lib/python3.10/dist-packages/px4_msgs/msg/_differential_pressure_s.c\n'}
[0.500024] (px4_msgs) StdoutLine: {'line': b'-- Up-to-date symlink: /home/lee/workspace/ros2_ex/install/px4_msgs/local/lib/python3.10/dist-packages/px4_msgs/msg/_distance_sensor.py\n'}
[0.500056] (px4_msgs) StdoutLine: {'line': b'-- Up-to-date symlink: /home/lee/workspace/ros2_ex/install/px4_msgs/local/lib/python3.10/dist-packages/px4_msgs/msg/_distance_sensor_mode_change_request.py\n'}
[0.500088] (px4_msgs) StdoutLine: {'line': b'-- Up-to-date symlink: /home/lee/workspace/ros2_ex/install/px4_msgs/local/lib/python3.10/dist-packages/px4_msgs/msg/_distance_sensor_mode_change_request_s.c\n'}
[0.500120] (px4_msgs) StdoutLine: {'line': b'-- Up-to-date symlink: /home/lee/workspace/ros2_ex/install/px4_msgs/local/lib/python3.10/dist-packages/px4_msgs/msg/_distance_sensor_s.c\n'}
[0.500150] (px4_msgs) StdoutLine: {'line': b'-- Up-to-date symlink: /home/lee/workspace/ros2_ex/install/px4_msgs/local/lib/python3.10/dist-packages/px4_msgs/msg/_dronecan_node_status.py\n'}
[0.500181] (px4_msgs) StdoutLine: {'line': b'-- Up-to-date symlink: /home/lee/workspace/ros2_ex/install/px4_msgs/local/lib/python3.10/dist-packages/px4_msgs/msg/_dronecan_node_status_s.c\n'}
[0.500201] (-) TimerEvent: {}
[0.500254] (px4_msgs) StdoutLine: {'line': b'-- Up-to-date symlink: /home/lee/workspace/ros2_ex/install/px4_msgs/local/lib/python3.10/dist-packages/px4_msgs/msg/_ekf2_timestamps.py\n'}
[0.500301] (px4_msgs) StdoutLine: {'line': b'-- Up-to-date symlink: /home/lee/workspace/ros2_ex/install/px4_msgs/local/lib/python3.10/dist-packages/px4_msgs/msg/_ekf2_timestamps_s.c\n'}
[0.500324] (px4_msgs) StdoutLine: {'line': b'-- Up-to-date symlink: /home/lee/workspace/ros2_ex/install/px4_msgs/local/lib/python3.10/dist-packages/px4_msgs/msg/_esc_report.py\n'}
[0.500359] (px4_msgs) StdoutLine: {'line': b'-- Up-to-date symlink: /home/lee/workspace/ros2_ex/install/px4_msgs/local/lib/python3.10/dist-packages/px4_msgs/msg/_esc_report_s.c\n'}
[0.500379] (px4_msgs) StdoutLine: {'line': b'-- Up-to-date symlink: /home/lee/workspace/ros2_ex/install/px4_msgs/local/lib/python3.10/dist-packages/px4_msgs/msg/_esc_status.py\n'}
[0.500515] (px4_msgs) StdoutLine: {'line': b'-- Up-to-date symlink: /home/lee/workspace/ros2_ex/install/px4_msgs/local/lib/python3.10/dist-packages/px4_msgs/msg/_esc_status_s.c\n'}
[0.500666] (px4_msgs) StdoutLine: {'line': b'-- Up-to-date symlink: /home/lee/workspace/ros2_ex/install/px4_msgs/local/lib/python3.10/dist-packages/px4_msgs/msg/_estimator_aid_source1d.py\n'}
[0.500688] (px4_msgs) StdoutLine: {'line': b'-- Up-to-date symlink: /home/lee/workspace/ros2_ex/install/px4_msgs/local/lib/python3.10/dist-packages/px4_msgs/msg/_estimator_aid_source1d_s.c\n'}
[0.500706] (px4_msgs) StdoutLine: {'line': b'-- Up-to-date symlink: /home/lee/workspace/ros2_ex/install/px4_msgs/local/lib/python3.10/dist-packages/px4_msgs/msg/_estimator_aid_source2d.py\n'}
[0.500725] (px4_msgs) StdoutLine: {'line': b'-- Up-to-date symlink: /home/lee/workspace/ros2_ex/install/px4_msgs/local/lib/python3.10/dist-packages/px4_msgs/msg/_estimator_aid_source2d_s.c\n'}
[0.500785] (px4_msgs) StdoutLine: {'line': b'-- Up-to-date symlink: /home/lee/workspace/ros2_ex/install/px4_msgs/local/lib/python3.10/dist-packages/px4_msgs/msg/_estimator_aid_source3d.py\n'}
[0.500805] (px4_msgs) StdoutLine: {'line': b'-- Up-to-date symlink: /home/lee/workspace/ros2_ex/install/px4_msgs/local/lib/python3.10/dist-packages/px4_msgs/msg/_estimator_aid_source3d_s.c\n'}
[0.500823] (px4_msgs) StdoutLine: {'line': b'-- Up-to-date symlink: /home/lee/workspace/ros2_ex/install/px4_msgs/local/lib/python3.10/dist-packages/px4_msgs/msg/_estimator_bias.py\n'}
[0.500886] (px4_msgs) StdoutLine: {'line': b'-- Up-to-date symlink: /home/lee/workspace/ros2_ex/install/px4_msgs/local/lib/python3.10/dist-packages/px4_msgs/msg/_estimator_bias3d.py\n'}
[0.500907] (px4_msgs) StdoutLine: {'line': b'-- Up-to-date symlink: /home/lee/workspace/ros2_ex/install/px4_msgs/local/lib/python3.10/dist-packages/px4_msgs/msg/_estimator_bias3d_s.c\n'}
[0.500927] (px4_msgs) StdoutLine: {'line': b'-- Up-to-date symlink: /home/lee/workspace/ros2_ex/install/px4_msgs/local/lib/python3.10/dist-packages/px4_msgs/msg/_estimator_bias_s.c\n'}
[0.500946] (px4_msgs) StdoutLine: {'line': b'-- Up-to-date symlink: /home/lee/workspace/ros2_ex/install/px4_msgs/local/lib/python3.10/dist-packages/px4_msgs/msg/_estimator_event_flags.py\n'}
[0.500980] (px4_msgs) StdoutLine: {'line': b'-- Up-to-date symlink: /home/lee/workspace/ros2_ex/install/px4_msgs/local/lib/python3.10/dist-packages/px4_msgs/msg/_estimator_event_flags_s.c\n'}
[0.501000] (px4_msgs) StdoutLine: {'line': b'-- Up-to-date symlink: /home/lee/workspace/ros2_ex/install/px4_msgs/local/lib/python3.10/dist-packages/px4_msgs/msg/_estimator_gps_status.py\n'}
[0.501020] (px4_msgs) StdoutLine: {'line': b'-- Up-to-date symlink: /home/lee/workspace/ros2_ex/install/px4_msgs/local/lib/python3.10/dist-packages/px4_msgs/msg/_estimator_gps_status_s.c\n'}
[0.501061] (px4_msgs) StdoutLine: {'line': b'-- Up-to-date symlink: /home/lee/workspace/ros2_ex/install/px4_msgs/local/lib/python3.10/dist-packages/px4_msgs/msg/_estimator_innovations.py\n'}
[0.501082] (px4_msgs) StdoutLine: {'line': b'-- Up-to-date symlink: /home/lee/workspace/ros2_ex/install/px4_msgs/local/lib/python3.10/dist-packages/px4_msgs/msg/_estimator_innovations_s.c\n'}
[0.501101] (px4_msgs) StdoutLine: {'line': b'-- Up-to-date symlink: /home/lee/workspace/ros2_ex/install/px4_msgs/local/lib/python3.10/dist-packages/px4_msgs/msg/_estimator_selector_status.py\n'}
[0.501120] (px4_msgs) StdoutLine: {'line': b'-- Up-to-date symlink: /home/lee/workspace/ros2_ex/install/px4_msgs/local/lib/python3.10/dist-packages/px4_msgs/msg/_estimator_selector_status_s.c\n'}
[0.501140] (px4_msgs) StdoutLine: {'line': b'-- Up-to-date symlink: /home/lee/workspace/ros2_ex/install/px4_msgs/local/lib/python3.10/dist-packages/px4_msgs/msg/_estimator_sensor_bias.py\n'}
[0.501159] (px4_msgs) StdoutLine: {'line': b'-- Up-to-date symlink: /home/lee/workspace/ros2_ex/install/px4_msgs/local/lib/python3.10/dist-packages/px4_msgs/msg/_estimator_sensor_bias_s.c\n'}
[0.501178] (px4_msgs) StdoutLine: {'line': b'-- Up-to-date symlink: /home/lee/workspace/ros2_ex/install/px4_msgs/local/lib/python3.10/dist-packages/px4_msgs/msg/_estimator_states.py\n'}
[0.501214] (px4_msgs) StdoutLine: {'line': b'-- Up-to-date symlink: /home/lee/workspace/ros2_ex/install/px4_msgs/local/lib/python3.10/dist-packages/px4_msgs/msg/_estimator_states_s.c\n'}
[0.501233] (px4_msgs) StdoutLine: {'line': b'-- Up-to-date symlink: /home/lee/workspace/ros2_ex/install/px4_msgs/local/lib/python3.10/dist-packages/px4_msgs/msg/_estimator_status.py\n'}
[0.501257] (px4_msgs) StdoutLine: {'line': b'-- Up-to-date symlink: /home/lee/workspace/ros2_ex/install/px4_msgs/local/lib/python3.10/dist-packages/px4_msgs/msg/_estimator_status_flags.py\n'}
[0.501286] (px4_msgs) StdoutLine: {'line': b'-- Up-to-date symlink: /home/lee/workspace/ros2_ex/install/px4_msgs/local/lib/python3.10/dist-packages/px4_msgs/msg/_estimator_status_flags_s.c\n'}
[0.501307] (px4_msgs) StdoutLine: {'line': b'-- Up-to-date symlink: /home/lee/workspace/ros2_ex/install/px4_msgs/local/lib/python3.10/dist-packages/px4_msgs/msg/_estimator_status_s.c\n'}
[0.501326] (px4_msgs) StdoutLine: {'line': b'-- Up-to-date symlink: /home/lee/workspace/ros2_ex/install/px4_msgs/local/lib/python3.10/dist-packages/px4_msgs/msg/_event.py\n'}
[0.501344] (px4_msgs) StdoutLine: {'line': b'-- Up-to-date symlink: /home/lee/workspace/ros2_ex/install/px4_msgs/local/lib/python3.10/dist-packages/px4_msgs/msg/_event_s.c\n'}
[0.501363] (px4_msgs) StdoutLine: {'line': b'-- Up-to-date symlink: /home/lee/workspace/ros2_ex/install/px4_msgs/local/lib/python3.10/dist-packages/px4_msgs/msg/_failsafe_flags.py\n'}
[0.501392] (px4_msgs) StdoutLine: {'line': b'-- Up-to-date symlink: /home/lee/workspace/ros2_ex/install/px4_msgs/local/lib/python3.10/dist-packages/px4_msgs/msg/_failsafe_flags_s.c\n'}
[0.501423] (px4_msgs) StdoutLine: {'line': b'-- Up-to-date symlink: /home/lee/workspace/ros2_ex/install/px4_msgs/local/lib/python3.10/dist-packages/px4_msgs/msg/_failure_detector_status.py\n'}
[0.501453] (px4_msgs) StdoutLine: {'line': b'-- Up-to-date symlink: /home/lee/workspace/ros2_ex/install/px4_msgs/local/lib/python3.10/dist-packages/px4_msgs/msg/_failure_detector_status_s.c\n'}
[0.501472] (px4_msgs) StdoutLine: {'line': b'-- Up-to-date symlink: /home/lee/workspace/ros2_ex/install/px4_msgs/local/lib/python3.10/dist-packages/px4_msgs/msg/_figure_eight_status.py\n'}
[0.501491] (px4_msgs) StdoutLine: {'line': b'-- Up-to-date symlink: /home/lee/workspace/ros2_ex/install/px4_msgs/local/lib/python3.10/dist-packages/px4_msgs/msg/_figure_eight_status_s.c\n'}
[0.501524] (px4_msgs) StdoutLine: {'line': b'-- Up-to-date symlink: /home/lee/workspace/ros2_ex/install/px4_msgs/local/lib/python3.10/dist-packages/px4_msgs/msg/_fixed_wing_lateral_guidance_status.py\n'}
[0.501543] (px4_msgs) StdoutLine: {'line': b'-- Up-to-date symlink: /home/lee/workspace/ros2_ex/install/px4_msgs/local/lib/python3.10/dist-packages/px4_msgs/msg/_fixed_wing_lateral_guidance_status_s.c\n'}
[0.501562] (px4_msgs) StdoutLine: {'line': b'-- Up-to-date symlink: /home/lee/workspace/ros2_ex/install/px4_msgs/local/lib/python3.10/dist-packages/px4_msgs/msg/_fixed_wing_lateral_setpoint.py\n'}
[0.501595] (px4_msgs) StdoutLine: {'line': b'-- Up-to-date symlink: /home/lee/workspace/ros2_ex/install/px4_msgs/local/lib/python3.10/dist-packages/px4_msgs/msg/_fixed_wing_lateral_setpoint_s.c\n'}
[0.501617] (px4_msgs) StdoutLine: {'line': b'-- Up-to-date symlink: /home/lee/workspace/ros2_ex/install/px4_msgs/local/lib/python3.10/dist-packages/px4_msgs/msg/_fixed_wing_lateral_status.py\n'}
[0.501643] (px4_msgs) StdoutLine: {'line': b'-- Up-to-date symlink: /home/lee/workspace/ros2_ex/install/px4_msgs/local/lib/python3.10/dist-packages/px4_msgs/msg/_fixed_wing_lateral_status_s.c\n'}
[0.501671] (px4_msgs) StdoutLine: {'line': b'-- Up-to-date symlink: /home/lee/workspace/ros2_ex/install/px4_msgs/local/lib/python3.10/dist-packages/px4_msgs/msg/_fixed_wing_longitudinal_setpoint.py\n'}
[0.501701] (px4_msgs) StdoutLine: {'line': b'-- Up-to-date symlink: /home/lee/workspace/ros2_ex/install/px4_msgs/local/lib/python3.10/dist-packages/px4_msgs/msg/_fixed_wing_longitudinal_setpoint_s.c\n'}
[0.501730] (px4_msgs) StdoutLine: {'line': b'-- Up-to-date symlink: /home/lee/workspace/ros2_ex/install/px4_msgs/local/lib/python3.10/dist-packages/px4_msgs/msg/_fixed_wing_runway_control.py\n'}
[0.501759] (px4_msgs) StdoutLine: {'line': b'-- Up-to-date symlink: /home/lee/workspace/ros2_ex/install/px4_msgs/local/lib/python3.10/dist-packages/px4_msgs/msg/_fixed_wing_runway_control_s.c\n'}
[0.501788] (px4_msgs) StdoutLine: {'line': b'-- Up-to-date symlink: /home/lee/workspace/ros2_ex/install/px4_msgs/local/lib/python3.10/dist-packages/px4_msgs/msg/_flight_phase_estimation.py\n'}
[0.501812] (px4_msgs) StdoutLine: {'line': b'-- Up-to-date symlink: /home/lee/workspace/ros2_ex/install/px4_msgs/local/lib/python3.10/dist-packages/px4_msgs/msg/_flight_phase_estimation_s.c\n'}
[0.501839] (px4_msgs) StdoutLine: {'line': b'-- Up-to-date symlink: /home/lee/workspace/ros2_ex/install/px4_msgs/local/lib/python3.10/dist-packages/px4_msgs/msg/_follow_target.py\n'}
[0.501867] (px4_msgs) StdoutLine: {'line': b'-- Up-to-date symlink: /home/lee/workspace/ros2_ex/install/px4_msgs/local/lib/python3.10/dist-packages/px4_msgs/msg/_follow_target_estimator.py\n'}
[0.501896] (px4_msgs) StdoutLine: {'line': b'-- Up-to-date symlink: /home/lee/workspace/ros2_ex/install/px4_msgs/local/lib/python3.10/dist-packages/px4_msgs/msg/_follow_target_estimator_s.c\n'}
[0.501928] (px4_msgs) StdoutLine: {'line': b'-- Up-to-date symlink: /home/lee/workspace/ros2_ex/install/px4_msgs/local/lib/python3.10/dist-packages/px4_msgs/msg/_follow_target_s.c\n'}
[0.501959] (px4_msgs) StdoutLine: {'line': b'-- Up-to-date symlink: /home/lee/workspace/ros2_ex/install/px4_msgs/local/lib/python3.10/dist-packages/px4_msgs/msg/_follow_target_status.py\n'}
[0.501989] (px4_msgs) StdoutLine: {'line': b'-- Up-to-date symlink: /home/lee/workspace/ros2_ex/install/px4_msgs/local/lib/python3.10/dist-packages/px4_msgs/msg/_follow_target_status_s.c\n'}
[0.502020] (px4_msgs) StdoutLine: {'line': b'-- Up-to-date symlink: /home/lee/workspace/ros2_ex/install/px4_msgs/local/lib/python3.10/dist-packages/px4_msgs/msg/_fuel_tank_status.py\n'}
[0.502051] (px4_msgs) StdoutLine: {'line': b'-- Up-to-date symlink: /home/lee/workspace/ros2_ex/install/px4_msgs/local/lib/python3.10/dist-packages/px4_msgs/msg/_fuel_tank_status_s.c\n'}
[0.502081] (px4_msgs) StdoutLine: {'line': b'-- Up-to-date symlink: /home/lee/workspace/ros2_ex/install/px4_msgs/local/lib/python3.10/dist-packages/px4_msgs/msg/_generator_status.py\n'}
[0.502113] (px4_msgs) StdoutLine: {'line': b'-- Up-to-date symlink: /home/lee/workspace/ros2_ex/install/px4_msgs/local/lib/python3.10/dist-packages/px4_msgs/msg/_generator_status_s.c\n'}
[0.502144] (px4_msgs) StdoutLine: {'line': b'-- Up-to-date symlink: /home/lee/workspace/ros2_ex/install/px4_msgs/local/lib/python3.10/dist-packages/px4_msgs/msg/_geofence_result.py\n'}
[0.502174] (px4_msgs) StdoutLine: {'line': b'-- Up-to-date symlink: /home/lee/workspace/ros2_ex/install/px4_msgs/local/lib/python3.10/dist-packages/px4_msgs/msg/_geofence_result_s.c\n'}
[0.502205] (px4_msgs) StdoutLine: {'line': b'-- Up-to-date symlink: /home/lee/workspace/ros2_ex/install/px4_msgs/local/lib/python3.10/dist-packages/px4_msgs/msg/_geofence_status.py\n'}
[0.502236] (px4_msgs) StdoutLine: {'line': b'-- Up-to-date symlink: /home/lee/workspace/ros2_ex/install/px4_msgs/local/lib/python3.10/dist-packages/px4_msgs/msg/_geofence_status_s.c\n'}
[0.502267] (px4_msgs) StdoutLine: {'line': b'-- Up-to-date symlink: /home/lee/workspace/ros2_ex/install/px4_msgs/local/lib/python3.10/dist-packages/px4_msgs/msg/_gimbal_controls.py\n'}
[0.502300] (px4_msgs) StdoutLine: {'line': b'-- Up-to-date symlink: /home/lee/workspace/ros2_ex/install/px4_msgs/local/lib/python3.10/dist-packages/px4_msgs/msg/_gimbal_controls_s.c\n'}
[0.502332] (px4_msgs) StdoutLine: {'line': b'-- Up-to-date symlink: /home/lee/workspace/ros2_ex/install/px4_msgs/local/lib/python3.10/dist-packages/px4_msgs/msg/_gimbal_device_attitude_status.py\n'}
[0.502363] (px4_msgs) StdoutLine: {'line': b'-- Up-to-date symlink: /home/lee/workspace/ros2_ex/install/px4_msgs/local/lib/python3.10/dist-packages/px4_msgs/msg/_gimbal_device_attitude_status_s.c\n'}
[0.502393] (px4_msgs) StdoutLine: {'line': b'-- Up-to-date symlink: /home/lee/workspace/ros2_ex/install/px4_msgs/local/lib/python3.10/dist-packages/px4_msgs/msg/_gimbal_device_information.py\n'}
[0.502424] (px4_msgs) StdoutLine: {'line': b'-- Up-to-date symlink: /home/lee/workspace/ros2_ex/install/px4_msgs/local/lib/python3.10/dist-packages/px4_msgs/msg/_gimbal_device_information_s.c\n'}
[0.502455] (px4_msgs) StdoutLine: {'line': b'-- Up-to-date symlink: /home/lee/workspace/ros2_ex/install/px4_msgs/local/lib/python3.10/dist-packages/px4_msgs/msg/_gimbal_device_set_attitude.py\n'}
[0.502485] (px4_msgs) StdoutLine: {'line': b'-- Up-to-date symlink: /home/lee/workspace/ros2_ex/install/px4_msgs/local/lib/python3.10/dist-packages/px4_msgs/msg/_gimbal_device_set_attitude_s.c\n'}
[0.502516] (px4_msgs) StdoutLine: {'line': b'-- Up-to-date symlink: /home/lee/workspace/ros2_ex/install/px4_msgs/local/lib/python3.10/dist-packages/px4_msgs/msg/_gimbal_manager_information.py\n'}
[0.502546] (px4_msgs) StdoutLine: {'line': b'-- Up-to-date symlink: /home/lee/workspace/ros2_ex/install/px4_msgs/local/lib/python3.10/dist-packages/px4_msgs/msg/_gimbal_manager_information_s.c\n'}
[0.502577] (px4_msgs) StdoutLine: {'line': b'-- Up-to-date symlink: /home/lee/workspace/ros2_ex/install/px4_msgs/local/lib/python3.10/dist-packages/px4_msgs/msg/_gimbal_manager_set_attitude.py\n'}
[0.502608] (px4_msgs) StdoutLine: {'line': b'-- Up-to-date symlink: /home/lee/workspace/ros2_ex/install/px4_msgs/local/lib/python3.10/dist-packages/px4_msgs/msg/_gimbal_manager_set_attitude_s.c\n'}
[0.502640] (px4_msgs) StdoutLine: {'line': b'-- Up-to-date symlink: /home/lee/workspace/ros2_ex/install/px4_msgs/local/lib/python3.10/dist-packages/px4_msgs/msg/_gimbal_manager_set_manual_control.py\n'}
[0.502672] (px4_msgs) StdoutLine: {'line': b'-- Up-to-date symlink: /home/lee/workspace/ros2_ex/install/px4_msgs/local/lib/python3.10/dist-packages/px4_msgs/msg/_gimbal_manager_set_manual_control_s.c\n'}
[0.502702] (px4_msgs) StdoutLine: {'line': b'-- Up-to-date symlink: /home/lee/workspace/ros2_ex/install/px4_msgs/local/lib/python3.10/dist-packages/px4_msgs/msg/_gimbal_manager_status.py\n'}
[0.502734] (px4_msgs) StdoutLine: {'line': b'-- Up-to-date symlink: /home/lee/workspace/ros2_ex/install/px4_msgs/local/lib/python3.10/dist-packages/px4_msgs/msg/_gimbal_manager_status_s.c\n'}
[0.502765] (px4_msgs) StdoutLine: {'line': b'-- Up-to-date symlink: /home/lee/workspace/ros2_ex/install/px4_msgs/local/lib/python3.10/dist-packages/px4_msgs/msg/_goto_setpoint.py\n'}
[0.502796] (px4_msgs) StdoutLine: {'line': b'-- Up-to-date symlink: /home/lee/workspace/ros2_ex/install/px4_msgs/local/lib/python3.10/dist-packages/px4_msgs/msg/_goto_setpoint_s.c\n'}
[0.502826] (px4_msgs) StdoutLine: {'line': b'-- Up-to-date symlink: /home/lee/workspace/ros2_ex/install/px4_msgs/local/lib/python3.10/dist-packages/px4_msgs/msg/_gpio_config.py\n'}
[0.502858] (px4_msgs) StdoutLine: {'line': b'-- Up-to-date symlink: /home/lee/workspace/ros2_ex/install/px4_msgs/local/lib/python3.10/dist-packages/px4_msgs/msg/_gpio_config_s.c\n'}
[0.502889] (px4_msgs) StdoutLine: {'line': b'-- Up-to-date symlink: /home/lee/workspace/ros2_ex/install/px4_msgs/local/lib/python3.10/dist-packages/px4_msgs/msg/_gpio_in.py\n'}
[0.502920] (px4_msgs) StdoutLine: {'line': b'-- Up-to-date symlink: /home/lee/workspace/ros2_ex/install/px4_msgs/local/lib/python3.10/dist-packages/px4_msgs/msg/_gpio_in_s.c\n'}
[0.502951] (px4_msgs) StdoutLine: {'line': b'-- Up-to-date symlink: /home/lee/workspace/ros2_ex/install/px4_msgs/local/lib/python3.10/dist-packages/px4_msgs/msg/_gpio_out.py\n'}
[0.502984] (px4_msgs) StdoutLine: {'line': b'-- Up-to-date symlink: /home/lee/workspace/ros2_ex/install/px4_msgs/local/lib/python3.10/dist-packages/px4_msgs/msg/_gpio_out_s.c\n'}
[0.503015] (px4_msgs) StdoutLine: {'line': b'-- Up-to-date symlink: /home/lee/workspace/ros2_ex/install/px4_msgs/local/lib/python3.10/dist-packages/px4_msgs/msg/_gpio_request.py\n'}
[0.503046] (px4_msgs) StdoutLine: {'line': b'-- Up-to-date symlink: /home/lee/workspace/ros2_ex/install/px4_msgs/local/lib/python3.10/dist-packages/px4_msgs/msg/_gpio_request_s.c\n'}
[0.503077] (px4_msgs) StdoutLine: {'line': b'-- Up-to-date symlink: /home/lee/workspace/ros2_ex/install/px4_msgs/local/lib/python3.10/dist-packages/px4_msgs/msg/_gps_dump.py\n'}
[0.503108] (px4_msgs) StdoutLine: {'line': b'-- Up-to-date symlink: /home/lee/workspace/ros2_ex/install/px4_msgs/local/lib/python3.10/dist-packages/px4_msgs/msg/_gps_dump_s.c\n'}
[0.503138] (px4_msgs) StdoutLine: {'line': b'-- Up-to-date symlink: /home/lee/workspace/ros2_ex/install/px4_msgs/local/lib/python3.10/dist-packages/px4_msgs/msg/_gps_inject_data.py\n'}
[0.503170] (px4_msgs) StdoutLine: {'line': b'-- Up-to-date symlink: /home/lee/workspace/ros2_ex/install/px4_msgs/local/lib/python3.10/dist-packages/px4_msgs/msg/_gps_inject_data_s.c\n'}
[0.503200] (px4_msgs) StdoutLine: {'line': b'-- Up-to-date symlink: /home/lee/workspace/ros2_ex/install/px4_msgs/local/lib/python3.10/dist-packages/px4_msgs/msg/_gripper.py\n'}
[0.503231] (px4_msgs) StdoutLine: {'line': b'-- Up-to-date symlink: /home/lee/workspace/ros2_ex/install/px4_msgs/local/lib/python3.10/dist-packages/px4_msgs/msg/_gripper_s.c\n'}
[0.503262] (px4_msgs) StdoutLine: {'line': b'-- Up-to-date symlink: /home/lee/workspace/ros2_ex/install/px4_msgs/local/lib/python3.10/dist-packages/px4_msgs/msg/_health_report.py\n'}
[0.503294] (px4_msgs) StdoutLine: {'line': b'-- Up-to-date symlink: /home/lee/workspace/ros2_ex/install/px4_msgs/local/lib/python3.10/dist-packages/px4_msgs/msg/_health_report_s.c\n'}
[0.503325] (px4_msgs) StdoutLine: {'line': b'-- Up-to-date symlink: /home/lee/workspace/ros2_ex/install/px4_msgs/local/lib/python3.10/dist-packages/px4_msgs/msg/_heater_status.py\n'}
[0.503355] (px4_msgs) StdoutLine: {'line': b'-- Up-to-date symlink: /home/lee/workspace/ros2_ex/install/px4_msgs/local/lib/python3.10/dist-packages/px4_msgs/msg/_heater_status_s.c\n'}
[0.503386] (px4_msgs) StdoutLine: {'line': b'-- Up-to-date symlink: /home/lee/workspace/ros2_ex/install/px4_msgs/local/lib/python3.10/dist-packages/px4_msgs/msg/_home_position.py\n'}
[0.503416] (px4_msgs) StdoutLine: {'line': b'-- Up-to-date symlink: /home/lee/workspace/ros2_ex/install/px4_msgs/local/lib/python3.10/dist-packages/px4_msgs/msg/_home_position_s.c\n'}
[0.503448] (px4_msgs) StdoutLine: {'line': b'-- Up-to-date symlink: /home/lee/workspace/ros2_ex/install/px4_msgs/local/lib/python3.10/dist-packages/px4_msgs/msg/_hover_thrust_estimate.py\n'}
[0.503480] (px4_msgs) StdoutLine: {'line': b'-- Up-to-date symlink: /home/lee/workspace/ros2_ex/install/px4_msgs/local/lib/python3.10/dist-packages/px4_msgs/msg/_hover_thrust_estimate_s.c\n'}
[0.503510] (px4_msgs) StdoutLine: {'line': b'-- Up-to-date symlink: /home/lee/workspace/ros2_ex/install/px4_msgs/local/lib/python3.10/dist-packages/px4_msgs/msg/_input_rc.py\n'}
[0.503541] (px4_msgs) StdoutLine: {'line': b'-- Up-to-date symlink: /home/lee/workspace/ros2_ex/install/px4_msgs/local/lib/python3.10/dist-packages/px4_msgs/msg/_input_rc_s.c\n'}
[0.503574] (px4_msgs) StdoutLine: {'line': b'-- Up-to-date symlink: /home/lee/workspace/ros2_ex/install/px4_msgs/local/lib/python3.10/dist-packages/px4_msgs/msg/_internal_combustion_engine_control.py\n'}
[0.503605] (px4_msgs) StdoutLine: {'line': b'-- Up-to-date symlink: /home/lee/workspace/ros2_ex/install/px4_msgs/local/lib/python3.10/dist-packages/px4_msgs/msg/_internal_combustion_engine_control_s.c\n'}
[0.503637] (px4_msgs) StdoutLine: {'line': b'-- Up-to-date symlink: /home/lee/workspace/ros2_ex/install/px4_msgs/local/lib/python3.10/dist-packages/px4_msgs/msg/_internal_combustion_engine_status.py\n'}
[0.503668] (px4_msgs) StdoutLine: {'line': b'-- Up-to-date symlink: /home/lee/workspace/ros2_ex/install/px4_msgs/local/lib/python3.10/dist-packages/px4_msgs/msg/_internal_combustion_engine_status_s.c\n'}
[0.503699] (px4_msgs) StdoutLine: {'line': b'-- Up-to-date symlink: /home/lee/workspace/ros2_ex/install/px4_msgs/local/lib/python3.10/dist-packages/px4_msgs/msg/_iridiumsbd_status.py\n'}
[0.503730] (px4_msgs) StdoutLine: {'line': b'-- Up-to-date symlink: /home/lee/workspace/ros2_ex/install/px4_msgs/local/lib/python3.10/dist-packages/px4_msgs/msg/_iridiumsbd_status_s.c\n'}
[0.503761] (px4_msgs) StdoutLine: {'line': b'-- Up-to-date symlink: /home/lee/workspace/ros2_ex/install/px4_msgs/local/lib/python3.10/dist-packages/px4_msgs/msg/_irlock_report.py\n'}
[0.503792] (px4_msgs) StdoutLine: {'line': b'-- Up-to-date symlink: /home/lee/workspace/ros2_ex/install/px4_msgs/local/lib/python3.10/dist-packages/px4_msgs/msg/_irlock_report_s.c\n'}
[0.503823] (px4_msgs) StdoutLine: {'line': b'-- Up-to-date symlink: /home/lee/workspace/ros2_ex/install/px4_msgs/local/lib/python3.10/dist-packages/px4_msgs/msg/_landing_gear.py\n'}
[0.503853] (px4_msgs) StdoutLine: {'line': b'-- Up-to-date symlink: /home/lee/workspace/ros2_ex/install/px4_msgs/local/lib/python3.10/dist-packages/px4_msgs/msg/_landing_gear_s.c\n'}
[0.503884] (px4_msgs) StdoutLine: {'line': b'-- Up-to-date symlink: /home/lee/workspace/ros2_ex/install/px4_msgs/local/lib/python3.10/dist-packages/px4_msgs/msg/_landing_gear_wheel.py\n'}
[0.503915] (px4_msgs) StdoutLine: {'line': b'-- Up-to-date symlink: /home/lee/workspace/ros2_ex/install/px4_msgs/local/lib/python3.10/dist-packages/px4_msgs/msg/_landing_gear_wheel_s.c\n'}
[0.503946] (px4_msgs) StdoutLine: {'line': b'-- Up-to-date symlink: /home/lee/workspace/ros2_ex/install/px4_msgs/local/lib/python3.10/dist-packages/px4_msgs/msg/_landing_target_innovations.py\n'}
[0.503977] (px4_msgs) StdoutLine: {'line': b'-- Up-to-date symlink: /home/lee/workspace/ros2_ex/install/px4_msgs/local/lib/python3.10/dist-packages/px4_msgs/msg/_landing_target_innovations_s.c\n'}
[0.504007] (px4_msgs) StdoutLine: {'line': b'-- Up-to-date symlink: /home/lee/workspace/ros2_ex/install/px4_msgs/local/lib/python3.10/dist-packages/px4_msgs/msg/_landing_target_pose.py\n'}
[0.504038] (px4_msgs) StdoutLine: {'line': b'-- Up-to-date symlink: /home/lee/workspace/ros2_ex/install/px4_msgs/local/lib/python3.10/dist-packages/px4_msgs/msg/_landing_target_pose_s.c\n'}
[0.504069] (px4_msgs) StdoutLine: {'line': b'-- Up-to-date symlink: /home/lee/workspace/ros2_ex/install/px4_msgs/local/lib/python3.10/dist-packages/px4_msgs/msg/_lateral_control_configuration.py\n'}
[0.504102] (px4_msgs) StdoutLine: {'line': b'-- Up-to-date symlink: /home/lee/workspace/ros2_ex/install/px4_msgs/local/lib/python3.10/dist-packages/px4_msgs/msg/_lateral_control_configuration_s.c\n'}
[0.504133] (px4_msgs) StdoutLine: {'line': b'-- Up-to-date symlink: /home/lee/workspace/ros2_ex/install/px4_msgs/local/lib/python3.10/dist-packages/px4_msgs/msg/_launch_detection_status.py\n'}
[0.504164] (px4_msgs) StdoutLine: {'line': b'-- Up-to-date symlink: /home/lee/workspace/ros2_ex/install/px4_msgs/local/lib/python3.10/dist-packages/px4_msgs/msg/_launch_detection_status_s.c\n'}
[0.504196] (px4_msgs) StdoutLine: {'line': b'-- Up-to-date symlink: /home/lee/workspace/ros2_ex/install/px4_msgs/local/lib/python3.10/dist-packages/px4_msgs/msg/_led_control.py\n'}
[0.504226] (px4_msgs) StdoutLine: {'line': b'-- Up-to-date symlink: /home/lee/workspace/ros2_ex/install/px4_msgs/local/lib/python3.10/dist-packages/px4_msgs/msg/_led_control_s.c\n'}
[0.504258] (px4_msgs) StdoutLine: {'line': b'-- Up-to-date symlink: /home/lee/workspace/ros2_ex/install/px4_msgs/local/lib/python3.10/dist-packages/px4_msgs/msg/_log_message.py\n'}
[0.504290] (px4_msgs) StdoutLine: {'line': b'-- Up-to-date symlink: /home/lee/workspace/ros2_ex/install/px4_msgs/local/lib/python3.10/dist-packages/px4_msgs/msg/_log_message_s.c\n'}
[0.504321] (px4_msgs) StdoutLine: {'line': b'-- Up-to-date symlink: /home/lee/workspace/ros2_ex/install/px4_msgs/local/lib/python3.10/dist-packages/px4_msgs/msg/_logger_status.py\n'}
[0.504352] (px4_msgs) StdoutLine: {'line': b'-- Up-to-date symlink: /home/lee/workspace/ros2_ex/install/px4_msgs/local/lib/python3.10/dist-packages/px4_msgs/msg/_logger_status_s.c\n'}
[0.504383] (px4_msgs) StdoutLine: {'line': b'-- Up-to-date symlink: /home/lee/workspace/ros2_ex/install/px4_msgs/local/lib/python3.10/dist-packages/px4_msgs/msg/_longitudinal_control_configuration.py\n'}
[0.504414] (px4_msgs) StdoutLine: {'line': b'-- Up-to-date symlink: /home/lee/workspace/ros2_ex/install/px4_msgs/local/lib/python3.10/dist-packages/px4_msgs/msg/_longitudinal_control_configuration_s.c\n'}
[0.504446] (px4_msgs) StdoutLine: {'line': b'-- Up-to-date symlink: /home/lee/workspace/ros2_ex/install/px4_msgs/local/lib/python3.10/dist-packages/px4_msgs/msg/_mag_worker_data.py\n'}
[0.504477] (px4_msgs) StdoutLine: {'line': b'-- Up-to-date symlink: /home/lee/workspace/ros2_ex/install/px4_msgs/local/lib/python3.10/dist-packages/px4_msgs/msg/_mag_worker_data_s.c\n'}
[0.504508] (px4_msgs) StdoutLine: {'line': b'-- Up-to-date symlink: /home/lee/workspace/ros2_ex/install/px4_msgs/local/lib/python3.10/dist-packages/px4_msgs/msg/_magnetometer_bias_estimate.py\n'}
[0.504538] (px4_msgs) StdoutLine: {'line': b'-- Up-to-date symlink: /home/lee/workspace/ros2_ex/install/px4_msgs/local/lib/python3.10/dist-packages/px4_msgs/msg/_magnetometer_bias_estimate_s.c\n'}
[0.504569] (px4_msgs) StdoutLine: {'line': b'-- Up-to-date symlink: /home/lee/workspace/ros2_ex/install/px4_msgs/local/lib/python3.10/dist-packages/px4_msgs/msg/_manual_control_setpoint.py\n'}
[0.504600] (px4_msgs) StdoutLine: {'line': b'-- Up-to-date symlink: /home/lee/workspace/ros2_ex/install/px4_msgs/local/lib/python3.10/dist-packages/px4_msgs/msg/_manual_control_setpoint_s.c\n'}
[0.504632] (px4_msgs) StdoutLine: {'line': b'-- Up-to-date symlink: /home/lee/workspace/ros2_ex/install/px4_msgs/local/lib/python3.10/dist-packages/px4_msgs/msg/_manual_control_switches.py\n'}
[0.504662] (px4_msgs) StdoutLine: {'line': b'-- Up-to-date symlink: /home/lee/workspace/ros2_ex/install/px4_msgs/local/lib/python3.10/dist-packages/px4_msgs/msg/_manual_control_switches_s.c\n'}
[0.504693] (px4_msgs) StdoutLine: {'line': b'-- Up-to-date symlink: /home/lee/workspace/ros2_ex/install/px4_msgs/local/lib/python3.10/dist-packages/px4_msgs/msg/_mavlink_log.py\n'}
[0.504724] (px4_msgs) StdoutLine: {'line': b'-- Up-to-date symlink: /home/lee/workspace/ros2_ex/install/px4_msgs/local/lib/python3.10/dist-packages/px4_msgs/msg/_mavlink_log_s.c\n'}
[0.504755] (px4_msgs) StdoutLine: {'line': b'-- Up-to-date symlink: /home/lee/workspace/ros2_ex/install/px4_msgs/local/lib/python3.10/dist-packages/px4_msgs/msg/_mavlink_tunnel.py\n'}
[0.504785] (px4_msgs) StdoutLine: {'line': b'-- Up-to-date symlink: /home/lee/workspace/ros2_ex/install/px4_msgs/local/lib/python3.10/dist-packages/px4_msgs/msg/_mavlink_tunnel_s.c\n'}
[0.504817] (px4_msgs) StdoutLine: {'line': b'-- Up-to-date symlink: /home/lee/workspace/ros2_ex/install/px4_msgs/local/lib/python3.10/dist-packages/px4_msgs/msg/_message_format_request.py\n'}
[0.504848] (px4_msgs) StdoutLine: {'line': b'-- Up-to-date symlink: /home/lee/workspace/ros2_ex/install/px4_msgs/local/lib/python3.10/dist-packages/px4_msgs/msg/_message_format_request_s.c\n'}
[0.504881] (px4_msgs) StdoutLine: {'line': b'-- Up-to-date symlink: /home/lee/workspace/ros2_ex/install/px4_msgs/local/lib/python3.10/dist-packages/px4_msgs/msg/_message_format_response.py\n'}
[0.504912] (px4_msgs) StdoutLine: {'line': b'-- Up-to-date symlink: /home/lee/workspace/ros2_ex/install/px4_msgs/local/lib/python3.10/dist-packages/px4_msgs/msg/_message_format_response_s.c\n'}
[0.504942] (px4_msgs) StdoutLine: {'line': b'-- Up-to-date symlink: /home/lee/workspace/ros2_ex/install/px4_msgs/local/lib/python3.10/dist-packages/px4_msgs/msg/_mission.py\n'}
[0.504974] (px4_msgs) StdoutLine: {'line': b'-- Up-to-date symlink: /home/lee/workspace/ros2_ex/install/px4_msgs/local/lib/python3.10/dist-packages/px4_msgs/msg/_mission_result.py\n'}
[0.505005] (px4_msgs) StdoutLine: {'line': b'-- Up-to-date symlink: /home/lee/workspace/ros2_ex/install/px4_msgs/local/lib/python3.10/dist-packages/px4_msgs/msg/_mission_result_s.c\n'}
[0.505036] (px4_msgs) StdoutLine: {'line': b'-- Up-to-date symlink: /home/lee/workspace/ros2_ex/install/px4_msgs/local/lib/python3.10/dist-packages/px4_msgs/msg/_mission_s.c\n'}
[0.505066] (px4_msgs) StdoutLine: {'line': b'-- Up-to-date symlink: /home/lee/workspace/ros2_ex/install/px4_msgs/local/lib/python3.10/dist-packages/px4_msgs/msg/_mode_completed.py\n'}
[0.505098] (px4_msgs) StdoutLine: {'line': b'-- Up-to-date symlink: /home/lee/workspace/ros2_ex/install/px4_msgs/local/lib/python3.10/dist-packages/px4_msgs/msg/_mode_completed_s.c\n'}
[0.505129] (px4_msgs) StdoutLine: {'line': b'-- Up-to-date symlink: /home/lee/workspace/ros2_ex/install/px4_msgs/local/lib/python3.10/dist-packages/px4_msgs/msg/_mount_orientation.py\n'}
[0.505160] (px4_msgs) StdoutLine: {'line': b'-- Up-to-date symlink: /home/lee/workspace/ros2_ex/install/px4_msgs/local/lib/python3.10/dist-packages/px4_msgs/msg/_mount_orientation_s.c\n'}
[0.505192] (px4_msgs) StdoutLine: {'line': b'-- Up-to-date symlink: /home/lee/workspace/ros2_ex/install/px4_msgs/local/lib/python3.10/dist-packages/px4_msgs/msg/_navigator_mission_item.py\n'}
[0.505224] (px4_msgs) StdoutLine: {'line': b'-- Up-to-date symlink: /home/lee/workspace/ros2_ex/install/px4_msgs/local/lib/python3.10/dist-packages/px4_msgs/msg/_navigator_mission_item_s.c\n'}
[0.505255] (px4_msgs) StdoutLine: {'line': b'-- Up-to-date symlink: /home/lee/workspace/ros2_ex/install/px4_msgs/local/lib/python3.10/dist-packages/px4_msgs/msg/_navigator_status.py\n'}
[0.505289] (px4_msgs) StdoutLine: {'line': b'-- Up-to-date symlink: /home/lee/workspace/ros2_ex/install/px4_msgs/local/lib/python3.10/dist-packages/px4_msgs/msg/_navigator_status_s.c\n'}
[0.505320] (px4_msgs) StdoutLine: {'line': b'-- Up-to-date symlink: /home/lee/workspace/ros2_ex/install/px4_msgs/local/lib/python3.10/dist-packages/px4_msgs/msg/_normalized_unsigned_setpoint.py\n'}
[0.505352] (px4_msgs) StdoutLine: {'line': b'-- Up-to-date symlink: /home/lee/workspace/ros2_ex/install/px4_msgs/local/lib/python3.10/dist-packages/px4_msgs/msg/_normalized_unsigned_setpoint_s.c\n'}
[0.505384] (px4_msgs) StdoutLine: {'line': b'-- Up-to-date symlink: /home/lee/workspace/ros2_ex/install/px4_msgs/local/lib/python3.10/dist-packages/px4_msgs/msg/_npfg_status.py\n'}
[0.505414] (px4_msgs) StdoutLine: {'line': b'-- Up-to-date symlink: /home/lee/workspace/ros2_ex/install/px4_msgs/local/lib/python3.10/dist-packages/px4_msgs/msg/_npfg_status_s.c\n'}
[0.505446] (px4_msgs) StdoutLine: {'line': b'-- Up-to-date symlink: /home/lee/workspace/ros2_ex/install/px4_msgs/local/lib/python3.10/dist-packages/px4_msgs/msg/_obstacle_distance.py\n'}
[0.505477] (px4_msgs) StdoutLine: {'line': b'-- Up-to-date symlink: /home/lee/workspace/ros2_ex/install/px4_msgs/local/lib/python3.10/dist-packages/px4_msgs/msg/_obstacle_distance_s.c\n'}
[0.505509] (px4_msgs) StdoutLine: {'line': b'-- Up-to-date symlink: /home/lee/workspace/ros2_ex/install/px4_msgs/local/lib/python3.10/dist-packages/px4_msgs/msg/_offboard_control_mode.py\n'}
[0.505540] (px4_msgs) StdoutLine: {'line': b'-- Up-to-date symlink: /home/lee/workspace/ros2_ex/install/px4_msgs/local/lib/python3.10/dist-packages/px4_msgs/msg/_offboard_control_mode_s.c\n'}
[0.505571] (px4_msgs) StdoutLine: {'line': b'-- Up-to-date symlink: /home/lee/workspace/ros2_ex/install/px4_msgs/local/lib/python3.10/dist-packages/px4_msgs/msg/_onboard_computer_status.py\n'}
[0.505602] (px4_msgs) StdoutLine: {'line': b'-- Up-to-date symlink: /home/lee/workspace/ros2_ex/install/px4_msgs/local/lib/python3.10/dist-packages/px4_msgs/msg/_onboard_computer_status_s.c\n'}
[0.505633] (px4_msgs) StdoutLine: {'line': b'-- Up-to-date symlink: /home/lee/workspace/ros2_ex/install/px4_msgs/local/lib/python3.10/dist-packages/px4_msgs/msg/_open_drone_id_arm_status.py\n'}
[0.505664] (px4_msgs) StdoutLine: {'line': b'-- Up-to-date symlink: /home/lee/workspace/ros2_ex/install/px4_msgs/local/lib/python3.10/dist-packages/px4_msgs/msg/_open_drone_id_arm_status_s.c\n'}
[0.505695] (px4_msgs) StdoutLine: {'line': b'-- Up-to-date symlink: /home/lee/workspace/ros2_ex/install/px4_msgs/local/lib/python3.10/dist-packages/px4_msgs/msg/_open_drone_id_operator_id.py\n'}
[0.505725] (px4_msgs) StdoutLine: {'line': b'-- Up-to-date symlink: /home/lee/workspace/ros2_ex/install/px4_msgs/local/lib/python3.10/dist-packages/px4_msgs/msg/_open_drone_id_operator_id_s.c\n'}
[0.505777] (px4_msgs) StdoutLine: {'line': b'-- Up-to-date symlink: /home/lee/workspace/ros2_ex/install/px4_msgs/local/lib/python3.10/dist-packages/px4_msgs/msg/_open_drone_id_self_id.py\n'}
[0.505808] (px4_msgs) StdoutLine: {'line': b'-- Up-to-date symlink: /home/lee/workspace/ros2_ex/install/px4_msgs/local/lib/python3.10/dist-packages/px4_msgs/msg/_open_drone_id_self_id_s.c\n'}
[0.505845] (px4_msgs) StdoutLine: {'line': b'-- Up-to-date symlink: /home/lee/workspace/ros2_ex/install/px4_msgs/local/lib/python3.10/dist-packages/px4_msgs/msg/_open_drone_id_system.py\n'}
[0.505882] (px4_msgs) StdoutLine: {'line': b'-- Up-to-date symlink: /home/lee/workspace/ros2_ex/install/px4_msgs/local/lib/python3.10/dist-packages/px4_msgs/msg/_open_drone_id_system_s.c\n'}
[0.505923] (px4_msgs) StdoutLine: {'line': b'-- Up-to-date symlink: /home/lee/workspace/ros2_ex/install/px4_msgs/local/lib/python3.10/dist-packages/px4_msgs/msg/_orb_test.py\n'}
[0.505942] (px4_msgs) StdoutLine: {'line': b'-- Up-to-date symlink: /home/lee/workspace/ros2_ex/install/px4_msgs/local/lib/python3.10/dist-packages/px4_msgs/msg/_orb_test_large.py\n'}
[0.505979] (px4_msgs) StdoutLine: {'line': b'-- Up-to-date symlink: /home/lee/workspace/ros2_ex/install/px4_msgs/local/lib/python3.10/dist-packages/px4_msgs/msg/_orb_test_large_s.c\n'}
[0.506016] (px4_msgs) StdoutLine: {'line': b'-- Up-to-date symlink: /home/lee/workspace/ros2_ex/install/px4_msgs/local/lib/python3.10/dist-packages/px4_msgs/msg/_orb_test_medium.py\n'}
[0.506046] (px4_msgs) StdoutLine: {'line': b'-- Up-to-date symlink: /home/lee/workspace/ros2_ex/install/px4_msgs/local/lib/python3.10/dist-packages/px4_msgs/msg/_orb_test_medium_s.c\n'}
[0.506086] (px4_msgs) StdoutLine: {'line': b'-- Up-to-date symlink: /home/lee/workspace/ros2_ex/install/px4_msgs/local/lib/python3.10/dist-packages/px4_msgs/msg/_orb_test_s.c\n'}
[0.506105] (px4_msgs) StdoutLine: {'line': b'-- Up-to-date symlink: /home/lee/workspace/ros2_ex/install/px4_msgs/local/lib/python3.10/dist-packages/px4_msgs/msg/_orbit_status.py\n'}
[0.506146] (px4_msgs) StdoutLine: {'line': b'-- Up-to-date symlink: /home/lee/workspace/ros2_ex/install/px4_msgs/local/lib/python3.10/dist-packages/px4_msgs/msg/_orbit_status_s.c\n'}
[0.506175] (px4_msgs) StdoutLine: {'line': b'-- Up-to-date symlink: /home/lee/workspace/ros2_ex/install/px4_msgs/local/lib/python3.10/dist-packages/px4_msgs/msg/_parameter_reset_request.py\n'}
[0.506195] (px4_msgs) StdoutLine: {'line': b'-- Up-to-date symlink: /home/lee/workspace/ros2_ex/install/px4_msgs/local/lib/python3.10/dist-packages/px4_msgs/msg/_parameter_reset_request_s.c\n'}
[0.506235] (px4_msgs) StdoutLine: {'line': b'-- Up-to-date symlink: /home/lee/workspace/ros2_ex/install/px4_msgs/local/lib/python3.10/dist-packages/px4_msgs/msg/_parameter_set_used_request.py\n'}
[0.506254] (px4_msgs) StdoutLine: {'line': b'-- Up-to-date symlink: /home/lee/workspace/ros2_ex/install/px4_msgs/local/lib/python3.10/dist-packages/px4_msgs/msg/_parameter_set_used_request_s.c\n'}
[0.506287] (px4_msgs) StdoutLine: {'line': b'-- Up-to-date symlink: /home/lee/workspace/ros2_ex/install/px4_msgs/local/lib/python3.10/dist-packages/px4_msgs/msg/_parameter_set_value_request.py\n'}
[0.506316] (px4_msgs) StdoutLine: {'line': b'-- Up-to-date symlink: /home/lee/workspace/ros2_ex/install/px4_msgs/local/lib/python3.10/dist-packages/px4_msgs/msg/_parameter_set_value_request_s.c\n'}
[0.506350] (px4_msgs) StdoutLine: {'line': b'-- Up-to-date symlink: /home/lee/workspace/ros2_ex/install/px4_msgs/local/lib/python3.10/dist-packages/px4_msgs/msg/_parameter_set_value_response.py\n'}
[0.506378] (px4_msgs) StdoutLine: {'line': b'-- Up-to-date symlink: /home/lee/workspace/ros2_ex/install/px4_msgs/local/lib/python3.10/dist-packages/px4_msgs/msg/_parameter_set_value_response_s.c\n'}
[0.506411] (px4_msgs) StdoutLine: {'line': b'-- Up-to-date symlink: /home/lee/workspace/ros2_ex/install/px4_msgs/local/lib/python3.10/dist-packages/px4_msgs/msg/_parameter_update.py\n'}
[0.506440] (px4_msgs) StdoutLine: {'line': b'-- Up-to-date symlink: /home/lee/workspace/ros2_ex/install/px4_msgs/local/lib/python3.10/dist-packages/px4_msgs/msg/_parameter_update_s.c\n'}
[0.506469] (px4_msgs) StdoutLine: {'line': b'-- Up-to-date symlink: /home/lee/workspace/ros2_ex/install/px4_msgs/local/lib/python3.10/dist-packages/px4_msgs/msg/_ping.py\n'}
[0.506502] (px4_msgs) StdoutLine: {'line': b'-- Up-to-date symlink: /home/lee/workspace/ros2_ex/install/px4_msgs/local/lib/python3.10/dist-packages/px4_msgs/msg/_ping_s.c\n'}
[0.506537] (px4_msgs) StdoutLine: {'line': b'-- Up-to-date symlink: /home/lee/workspace/ros2_ex/install/px4_msgs/local/lib/python3.10/dist-packages/px4_msgs/msg/_position_controller_landing_status.py\n'}
[0.506566] (px4_msgs) StdoutLine: {'line': b'-- Up-to-date symlink: /home/lee/workspace/ros2_ex/install/px4_msgs/local/lib/python3.10/dist-packages/px4_msgs/msg/_position_controller_landing_status_s.c\n'}
[0.506593] (px4_msgs) StdoutLine: {'line': b'-- Up-to-date symlink: /home/lee/workspace/ros2_ex/install/px4_msgs/local/lib/python3.10/dist-packages/px4_msgs/msg/_position_controller_status.py\n'}
[0.506627] (px4_msgs) StdoutLine: {'line': b'-- Up-to-date symlink: /home/lee/workspace/ros2_ex/install/px4_msgs/local/lib/python3.10/dist-packages/px4_msgs/msg/_position_controller_status_s.c\n'}
[0.506657] (px4_msgs) StdoutLine: {'line': b'-- Up-to-date symlink: /home/lee/workspace/ros2_ex/install/px4_msgs/local/lib/python3.10/dist-packages/px4_msgs/msg/_position_setpoint.py\n'}
[0.506691] (px4_msgs) StdoutLine: {'line': b'-- Up-to-date symlink: /home/lee/workspace/ros2_ex/install/px4_msgs/local/lib/python3.10/dist-packages/px4_msgs/msg/_position_setpoint_s.c\n'}
[0.506725] (px4_msgs) StdoutLine: {'line': b'-- Up-to-date symlink: /home/lee/workspace/ros2_ex/install/px4_msgs/local/lib/python3.10/dist-packages/px4_msgs/msg/_position_setpoint_triplet.py\n'}
[0.506760] (px4_msgs) StdoutLine: {'line': b'-- Up-to-date symlink: /home/lee/workspace/ros2_ex/install/px4_msgs/local/lib/python3.10/dist-packages/px4_msgs/msg/_position_setpoint_triplet_s.c\n'}
[0.506788] (px4_msgs) StdoutLine: {'line': b'-- Up-to-date symlink: /home/lee/workspace/ros2_ex/install/px4_msgs/local/lib/python3.10/dist-packages/px4_msgs/msg/_power_button_state.py\n'}
[0.506823] (px4_msgs) StdoutLine: {'line': b'-- Up-to-date symlink: /home/lee/workspace/ros2_ex/install/px4_msgs/local/lib/python3.10/dist-packages/px4_msgs/msg/_power_button_state_s.c\n'}
[0.506851] (px4_msgs) StdoutLine: {'line': b'-- Up-to-date symlink: /home/lee/workspace/ros2_ex/install/px4_msgs/local/lib/python3.10/dist-packages/px4_msgs/msg/_power_monitor.py\n'}
[0.506877] (px4_msgs) StdoutLine: {'line': b'-- Up-to-date symlink: /home/lee/workspace/ros2_ex/install/px4_msgs/local/lib/python3.10/dist-packages/px4_msgs/msg/_power_monitor_s.c\n'}
[0.506910] (px4_msgs) StdoutLine: {'line': b'-- Up-to-date symlink: /home/lee/workspace/ros2_ex/install/px4_msgs/local/lib/python3.10/dist-packages/px4_msgs/msg/_pps_capture.py\n'}
[0.506944] (px4_msgs) StdoutLine: {'line': b'-- Up-to-date symlink: /home/lee/workspace/ros2_ex/install/px4_msgs/local/lib/python3.10/dist-packages/px4_msgs/msg/_pps_capture_s.c\n'}
[0.506972] (px4_msgs) StdoutLine: {'line': b'-- Up-to-date symlink: /home/lee/workspace/ros2_ex/install/px4_msgs/local/lib/python3.10/dist-packages/px4_msgs/msg/_pure_pursuit_status.py\n'}
[0.507005] (px4_msgs) StdoutLine: {'line': b'-- Up-to-date symlink: /home/lee/workspace/ros2_ex/install/px4_msgs/local/lib/python3.10/dist-packages/px4_msgs/msg/_pure_pursuit_status_s.c\n'}
[0.507048] (px4_msgs) StdoutLine: {'line': b'-- Up-to-date symlink: /home/lee/workspace/ros2_ex/install/px4_msgs/local/lib/python3.10/dist-packages/px4_msgs/msg/_pwm_input.py\n'}
[0.507068] (px4_msgs) StdoutLine: {'line': b'-- Up-to-date symlink: /home/lee/workspace/ros2_ex/install/px4_msgs/local/lib/python3.10/dist-packages/px4_msgs/msg/_pwm_input_s.c\n'}
[0.507094] (px4_msgs) StdoutLine: {'line': b'-- Up-to-date symlink: /home/lee/workspace/ros2_ex/install/px4_msgs/local/lib/python3.10/dist-packages/px4_msgs/msg/_px4io_status.py\n'}
[0.507122] (px4_msgs) StdoutLine: {'line': b'-- Up-to-date symlink: /home/lee/workspace/ros2_ex/install/px4_msgs/local/lib/python3.10/dist-packages/px4_msgs/msg/_px4io_status_s.c\n'}
[0.507148] (px4_msgs) StdoutLine: {'line': b'-- Up-to-date symlink: /home/lee/workspace/ros2_ex/install/px4_msgs/local/lib/python3.10/dist-packages/px4_msgs/msg/_qshell_req.py\n'}
[0.507180] (px4_msgs) StdoutLine: {'line': b'-- Up-to-date symlink: /home/lee/workspace/ros2_ex/install/px4_msgs/local/lib/python3.10/dist-packages/px4_msgs/msg/_qshell_req_s.c\n'}
[0.507206] (px4_msgs) StdoutLine: {'line': b'-- Up-to-date symlink: /home/lee/workspace/ros2_ex/install/px4_msgs/local/lib/python3.10/dist-packages/px4_msgs/msg/_qshell_retval.py\n'}
[0.507238] (px4_msgs) StdoutLine: {'line': b'-- Up-to-date symlink: /home/lee/workspace/ros2_ex/install/px4_msgs/local/lib/python3.10/dist-packages/px4_msgs/msg/_qshell_retval_s.c\n'}
[0.507270] (px4_msgs) StdoutLine: {'line': b'-- Up-to-date symlink: /home/lee/workspace/ros2_ex/install/px4_msgs/local/lib/python3.10/dist-packages/px4_msgs/msg/_radio_status.py\n'}
[0.507309] (px4_msgs) StdoutLine: {'line': b'-- Up-to-date symlink: /home/lee/workspace/ros2_ex/install/px4_msgs/local/lib/python3.10/dist-packages/px4_msgs/msg/_radio_status_s.c\n'}
[0.507336] (px4_msgs) StdoutLine: {'line': b'-- Up-to-date symlink: /home/lee/workspace/ros2_ex/install/px4_msgs/local/lib/python3.10/dist-packages/px4_msgs/msg/_rate_ctrl_status.py\n'}
[0.507363] (px4_msgs) StdoutLine: {'line': b'-- Up-to-date symlink: /home/lee/workspace/ros2_ex/install/px4_msgs/local/lib/python3.10/dist-packages/px4_msgs/msg/_rate_ctrl_status_s.c\n'}
[0.507395] (px4_msgs) StdoutLine: {'line': b'-- Up-to-date symlink: /home/lee/workspace/ros2_ex/install/px4_msgs/local/lib/python3.10/dist-packages/px4_msgs/msg/_rc_channels.py\n'}
[0.507429] (px4_msgs) StdoutLine: {'line': b'-- Up-to-date symlink: /home/lee/workspace/ros2_ex/install/px4_msgs/local/lib/python3.10/dist-packages/px4_msgs/msg/_rc_channels_s.c\n'}
[0.507458] (px4_msgs) StdoutLine: {'line': b'-- Up-to-date symlink: /home/lee/workspace/ros2_ex/install/px4_msgs/local/lib/python3.10/dist-packages/px4_msgs/msg/_rc_parameter_map.py\n'}
[0.507491] (px4_msgs) StdoutLine: {'line': b'-- Up-to-date symlink: /home/lee/workspace/ros2_ex/install/px4_msgs/local/lib/python3.10/dist-packages/px4_msgs/msg/_rc_parameter_map_s.c\n'}
[0.507524] (px4_msgs) StdoutLine: {'line': b'-- Up-to-date symlink: /home/lee/workspace/ros2_ex/install/px4_msgs/local/lib/python3.10/dist-packages/px4_msgs/msg/_register_ext_component_reply.py\n'}
[0.507552] (px4_msgs) StdoutLine: {'line': b'-- Up-to-date symlink: /home/lee/workspace/ros2_ex/install/px4_msgs/local/lib/python3.10/dist-packages/px4_msgs/msg/_register_ext_component_reply_s.c\n'}
[0.507584] (px4_msgs) StdoutLine: {'line': b'-- Up-to-date symlink: /home/lee/workspace/ros2_ex/install/px4_msgs/local/lib/python3.10/dist-packages/px4_msgs/msg/_register_ext_component_request.py\n'}
[0.507618] (px4_msgs) StdoutLine: {'line': b'-- Up-to-date symlink: /home/lee/workspace/ros2_ex/install/px4_msgs/local/lib/python3.10/dist-packages/px4_msgs/msg/_register_ext_component_request_s.c\n'}
[0.507646] (px4_msgs) StdoutLine: {'line': b'-- Up-to-date symlink: /home/lee/workspace/ros2_ex/install/px4_msgs/local/lib/python3.10/dist-packages/px4_msgs/msg/_rover_attitude_setpoint.py\n'}
[0.507674] (px4_msgs) StdoutLine: {'line': b'-- Up-to-date symlink: /home/lee/workspace/ros2_ex/install/px4_msgs/local/lib/python3.10/dist-packages/px4_msgs/msg/_rover_attitude_setpoint_s.c\n'}
[0.507706] (px4_msgs) StdoutLine: {'line': b'-- Up-to-date symlink: /home/lee/workspace/ros2_ex/install/px4_msgs/local/lib/python3.10/dist-packages/px4_msgs/msg/_rover_attitude_status.py\n'}
[0.507735] (px4_msgs) StdoutLine: {'line': b'-- Up-to-date symlink: /home/lee/workspace/ros2_ex/install/px4_msgs/local/lib/python3.10/dist-packages/px4_msgs/msg/_rover_attitude_status_s.c\n'}
[0.507767] (px4_msgs) StdoutLine: {'line': b'-- Up-to-date symlink: /home/lee/workspace/ros2_ex/install/px4_msgs/local/lib/python3.10/dist-packages/px4_msgs/msg/_rover_position_setpoint.py\n'}
[0.507801] (px4_msgs) StdoutLine: {'line': b'-- Up-to-date symlink: /home/lee/workspace/ros2_ex/install/px4_msgs/local/lib/python3.10/dist-packages/px4_msgs/msg/_rover_position_setpoint_s.c\n'}
[0.507837] (px4_msgs) StdoutLine: {'line': b'-- Up-to-date symlink: /home/lee/workspace/ros2_ex/install/px4_msgs/local/lib/python3.10/dist-packages/px4_msgs/msg/_rover_rate_setpoint.py\n'}
[0.507865] (px4_msgs) StdoutLine: {'line': b'-- Up-to-date symlink: /home/lee/workspace/ros2_ex/install/px4_msgs/local/lib/python3.10/dist-packages/px4_msgs/msg/_rover_rate_setpoint_s.c\n'}
[0.507895] (px4_msgs) StdoutLine: {'line': b'-- Up-to-date symlink: /home/lee/workspace/ros2_ex/install/px4_msgs/local/lib/python3.10/dist-packages/px4_msgs/msg/_rover_rate_status.py\n'}
[0.507922] (px4_msgs) StdoutLine: {'line': b'-- Up-to-date symlink: /home/lee/workspace/ros2_ex/install/px4_msgs/local/lib/python3.10/dist-packages/px4_msgs/msg/_rover_rate_status_s.c\n'}
[0.507948] (px4_msgs) StdoutLine: {'line': b'-- Up-to-date symlink: /home/lee/workspace/ros2_ex/install/px4_msgs/local/lib/python3.10/dist-packages/px4_msgs/msg/_rover_steering_setpoint.py\n'}
[0.507979] (px4_msgs) StdoutLine: {'line': b'-- Up-to-date symlink: /home/lee/workspace/ros2_ex/install/px4_msgs/local/lib/python3.10/dist-packages/px4_msgs/msg/_rover_steering_setpoint_s.c\n'}
[0.508012] (px4_msgs) StdoutLine: {'line': b'-- Up-to-date symlink: /home/lee/workspace/ros2_ex/install/px4_msgs/local/lib/python3.10/dist-packages/px4_msgs/msg/_rover_throttle_setpoint.py\n'}
[0.508046] (px4_msgs) StdoutLine: {'line': b'-- Up-to-date symlink: /home/lee/workspace/ros2_ex/install/px4_msgs/local/lib/python3.10/dist-packages/px4_msgs/msg/_rover_throttle_setpoint_s.c\n'}
[0.508072] (px4_msgs) StdoutLine: {'line': b'-- Up-to-date symlink: /home/lee/workspace/ros2_ex/install/px4_msgs/local/lib/python3.10/dist-packages/px4_msgs/msg/_rover_velocity_setpoint.py\n'}
[0.508104] (px4_msgs) StdoutLine: {'line': b'-- Up-to-date symlink: /home/lee/workspace/ros2_ex/install/px4_msgs/local/lib/python3.10/dist-packages/px4_msgs/msg/_rover_velocity_setpoint_s.c\n'}
[0.508137] (px4_msgs) StdoutLine: {'line': b'-- Up-to-date symlink: /home/lee/workspace/ros2_ex/install/px4_msgs/local/lib/python3.10/dist-packages/px4_msgs/msg/_rover_velocity_status.py\n'}
[0.508171] (px4_msgs) StdoutLine: {'line': b'-- Up-to-date symlink: /home/lee/workspace/ros2_ex/install/px4_msgs/local/lib/python3.10/dist-packages/px4_msgs/msg/_rover_velocity_status_s.c\n'}
[0.508205] (px4_msgs) StdoutLine: {'line': b'-- Up-to-date symlink: /home/lee/workspace/ros2_ex/install/px4_msgs/local/lib/python3.10/dist-packages/px4_msgs/msg/_rpm.py\n'}
[0.508234] (px4_msgs) StdoutLine: {'line': b'-- Up-to-date symlink: /home/lee/workspace/ros2_ex/install/px4_msgs/local/lib/python3.10/dist-packages/px4_msgs/msg/_rpm_s.c\n'}
[0.508262] (px4_msgs) StdoutLine: {'line': b'-- Up-to-date symlink: /home/lee/workspace/ros2_ex/install/px4_msgs/local/lib/python3.10/dist-packages/px4_msgs/msg/_rtl_status.py\n'}
[0.508295] (px4_msgs) StdoutLine: {'line': b'-- Up-to-date symlink: /home/lee/workspace/ros2_ex/install/px4_msgs/local/lib/python3.10/dist-packages/px4_msgs/msg/_rtl_status_s.c\n'}
[0.508342] (px4_msgs) StdoutLine: {'line': b'-- Up-to-date symlink: /home/lee/workspace/ros2_ex/install/px4_msgs/local/lib/python3.10/dist-packages/px4_msgs/msg/_rtl_time_estimate.py\n'}
[0.508372] (px4_msgs) StdoutLine: {'line': b'-- Up-to-date symlink: /home/lee/workspace/ros2_ex/install/px4_msgs/local/lib/python3.10/dist-packages/px4_msgs/msg/_rtl_time_estimate_s.c\n'}
[0.508415] (px4_msgs) StdoutLine: {'line': b'-- Up-to-date symlink: /home/lee/workspace/ros2_ex/install/px4_msgs/local/lib/python3.10/dist-packages/px4_msgs/msg/_satellite_info.py\n'}
[0.508448] (px4_msgs) StdoutLine: {'line': b'-- Up-to-date symlink: /home/lee/workspace/ros2_ex/install/px4_msgs/local/lib/python3.10/dist-packages/px4_msgs/msg/_satellite_info_s.c\n'}
[0.508467] (px4_msgs) StdoutLine: {'line': b'-- Up-to-date symlink: /home/lee/workspace/ros2_ex/install/px4_msgs/local/lib/python3.10/dist-packages/px4_msgs/msg/_sensor_accel.py\n'}
[0.508498] (px4_msgs) StdoutLine: {'line': b'-- Up-to-date symlink: /home/lee/workspace/ros2_ex/install/px4_msgs/local/lib/python3.10/dist-packages/px4_msgs/msg/_sensor_accel_fifo.py\n'}
[0.508517] (px4_msgs) StdoutLine: {'line': b'-- Up-to-date symlink: /home/lee/workspace/ros2_ex/install/px4_msgs/local/lib/python3.10/dist-packages/px4_msgs/msg/_sensor_accel_fifo_s.c\n'}
[0.508545] (px4_msgs) StdoutLine: {'line': b'-- Up-to-date symlink: /home/lee/workspace/ros2_ex/install/px4_msgs/local/lib/python3.10/dist-packages/px4_msgs/msg/_sensor_accel_s.c\n'}
[0.508572] (px4_msgs) StdoutLine: {'line': b'-- Up-to-date symlink: /home/lee/workspace/ros2_ex/install/px4_msgs/local/lib/python3.10/dist-packages/px4_msgs/msg/_sensor_airflow.py\n'}
[0.508600] (px4_msgs) StdoutLine: {'line': b'-- Up-to-date symlink: /home/lee/workspace/ros2_ex/install/px4_msgs/local/lib/python3.10/dist-packages/px4_msgs/msg/_sensor_airflow_s.c\n'}
[0.508629] (px4_msgs) StdoutLine: {'line': b'-- Up-to-date symlink: /home/lee/workspace/ros2_ex/install/px4_msgs/local/lib/python3.10/dist-packages/px4_msgs/msg/_sensor_baro.py\n'}
[0.508713] (px4_msgs) StdoutLine: {'line': b'-- Up-to-date symlink: /home/lee/workspace/ros2_ex/install/px4_msgs/local/lib/python3.10/dist-packages/px4_msgs/msg/_sensor_baro_s.c\n'}
[0.508775] (px4_msgs) StdoutLine: {'line': b'-- Up-to-date symlink: /home/lee/workspace/ros2_ex/install/px4_msgs/local/lib/python3.10/dist-packages/px4_msgs/msg/_sensor_combined.py\n'}
[0.508800] (px4_msgs) StdoutLine: {'line': b'-- Up-to-date symlink: /home/lee/workspace/ros2_ex/install/px4_msgs/local/lib/python3.10/dist-packages/px4_msgs/msg/_sensor_combined_s.c\n'}
[0.508826] (px4_msgs) StdoutLine: {'line': b'-- Up-to-date symlink: /home/lee/workspace/ros2_ex/install/px4_msgs/local/lib/python3.10/dist-packages/px4_msgs/msg/_sensor_correction.py\n'}
[0.508846] (px4_msgs) StdoutLine: {'line': b'-- Up-to-date symlink: /home/lee/workspace/ros2_ex/install/px4_msgs/local/lib/python3.10/dist-packages/px4_msgs/msg/_sensor_correction_s.c\n'}
[0.508881] (px4_msgs) StdoutLine: {'line': b'-- Up-to-date symlink: /home/lee/workspace/ros2_ex/install/px4_msgs/local/lib/python3.10/dist-packages/px4_msgs/msg/_sensor_gnss_relative.py\n'}
[0.508905] (px4_msgs) StdoutLine: {'line': b'-- Up-to-date symlink: /home/lee/workspace/ros2_ex/install/px4_msgs/local/lib/python3.10/dist-packages/px4_msgs/msg/_sensor_gnss_relative_s.c\n'}
[0.508926] (px4_msgs) StdoutLine: {'line': b'-- Up-to-date symlink: /home/lee/workspace/ros2_ex/install/px4_msgs/local/lib/python3.10/dist-packages/px4_msgs/msg/_sensor_gps.py\n'}
[0.508962] (px4_msgs) StdoutLine: {'line': b'-- Up-to-date symlink: /home/lee/workspace/ros2_ex/install/px4_msgs/local/lib/python3.10/dist-packages/px4_msgs/msg/_sensor_gps_s.c\n'}
[0.508995] (px4_msgs) StdoutLine: {'line': b'-- Up-to-date symlink: /home/lee/workspace/ros2_ex/install/px4_msgs/local/lib/python3.10/dist-packages/px4_msgs/msg/_sensor_gyro.py\n'}
[0.509015] (px4_msgs) StdoutLine: {'line': b'-- Up-to-date symlink: /home/lee/workspace/ros2_ex/install/px4_msgs/local/lib/python3.10/dist-packages/px4_msgs/msg/_sensor_gyro_fft.py\n'}
[0.509054] (px4_msgs) StdoutLine: {'line': b'-- Up-to-date symlink: /home/lee/workspace/ros2_ex/install/px4_msgs/local/lib/python3.10/dist-packages/px4_msgs/msg/_sensor_gyro_fft_s.c\n'}
[0.509083] (px4_msgs) StdoutLine: {'line': b'-- Up-to-date symlink: /home/lee/workspace/ros2_ex/install/px4_msgs/local/lib/python3.10/dist-packages/px4_msgs/msg/_sensor_gyro_fifo.py\n'}
[0.509103] (px4_msgs) StdoutLine: {'line': b'-- Up-to-date symlink: /home/lee/workspace/ros2_ex/install/px4_msgs/local/lib/python3.10/dist-packages/px4_msgs/msg/_sensor_gyro_fifo_s.c\n'}
[0.509139] (px4_msgs) StdoutLine: {'line': b'-- Up-to-date symlink: /home/lee/workspace/ros2_ex/install/px4_msgs/local/lib/python3.10/dist-packages/px4_msgs/msg/_sensor_gyro_s.c\n'}
[0.509174] (px4_msgs) StdoutLine: {'line': b'-- Up-to-date symlink: /home/lee/workspace/ros2_ex/install/px4_msgs/local/lib/python3.10/dist-packages/px4_msgs/msg/_sensor_hygrometer.py\n'}
[0.509194] (px4_msgs) StdoutLine: {'line': b'-- Up-to-date symlink: /home/lee/workspace/ros2_ex/install/px4_msgs/local/lib/python3.10/dist-packages/px4_msgs/msg/_sensor_hygrometer_s.c\n'}
[0.509220] (px4_msgs) StdoutLine: {'line': b'-- Up-to-date symlink: /home/lee/workspace/ros2_ex/install/px4_msgs/local/lib/python3.10/dist-packages/px4_msgs/msg/_sensor_mag.py\n'}
[0.509239] (px4_msgs) StdoutLine: {'line': b'-- Up-to-date symlink: /home/lee/workspace/ros2_ex/install/px4_msgs/local/lib/python3.10/dist-packages/px4_msgs/msg/_sensor_mag_s.c\n'}
[0.509270] (px4_msgs) StdoutLine: {'line': b'-- Up-to-date symlink: /home/lee/workspace/ros2_ex/install/px4_msgs/local/lib/python3.10/dist-packages/px4_msgs/msg/_sensor_optical_flow.py\n'}
[0.509295] (px4_msgs) StdoutLine: {'line': b'-- Up-to-date symlink: /home/lee/workspace/ros2_ex/install/px4_msgs/local/lib/python3.10/dist-packages/px4_msgs/msg/_sensor_optical_flow_s.c\n'}
[0.509324] (px4_msgs) StdoutLine: {'line': b'-- Up-to-date symlink: /home/lee/workspace/ros2_ex/install/px4_msgs/local/lib/python3.10/dist-packages/px4_msgs/msg/_sensor_preflight_mag.py\n'}
[0.509353] (px4_msgs) StdoutLine: {'line': b'-- Up-to-date symlink: /home/lee/workspace/ros2_ex/install/px4_msgs/local/lib/python3.10/dist-packages/px4_msgs/msg/_sensor_preflight_mag_s.c\n'}
[0.509382] (px4_msgs) StdoutLine: {'line': b'-- Up-to-date symlink: /home/lee/workspace/ros2_ex/install/px4_msgs/local/lib/python3.10/dist-packages/px4_msgs/msg/_sensor_selection.py\n'}
[0.509410] (px4_msgs) StdoutLine: {'line': b'-- Up-to-date symlink: /home/lee/workspace/ros2_ex/install/px4_msgs/local/lib/python3.10/dist-packages/px4_msgs/msg/_sensor_selection_s.c\n'}
[0.509439] (px4_msgs) StdoutLine: {'line': b'-- Up-to-date symlink: /home/lee/workspace/ros2_ex/install/px4_msgs/local/lib/python3.10/dist-packages/px4_msgs/msg/_sensor_uwb.py\n'}
[0.509464] (px4_msgs) StdoutLine: {'line': b'-- Up-to-date symlink: /home/lee/workspace/ros2_ex/install/px4_msgs/local/lib/python3.10/dist-packages/px4_msgs/msg/_sensor_uwb_s.c\n'}
[0.509489] (px4_msgs) StdoutLine: {'line': b'-- Up-to-date symlink: /home/lee/workspace/ros2_ex/install/px4_msgs/local/lib/python3.10/dist-packages/px4_msgs/msg/_sensors_status.py\n'}
[0.509518] (px4_msgs) StdoutLine: {'line': b'-- Up-to-date symlink: /home/lee/workspace/ros2_ex/install/px4_msgs/local/lib/python3.10/dist-packages/px4_msgs/msg/_sensors_status_imu.py\n'}
[0.509549] (px4_msgs) StdoutLine: {'line': b'-- Up-to-date symlink: /home/lee/workspace/ros2_ex/install/px4_msgs/local/lib/python3.10/dist-packages/px4_msgs/msg/_sensors_status_imu_s.c\n'}
[0.509582] (px4_msgs) StdoutLine: {'line': b'-- Up-to-date symlink: /home/lee/workspace/ros2_ex/install/px4_msgs/local/lib/python3.10/dist-packages/px4_msgs/msg/_sensors_status_s.c\n'}
[0.509612] (px4_msgs) StdoutLine: {'line': b'-- Up-to-date symlink: /home/lee/workspace/ros2_ex/install/px4_msgs/local/lib/python3.10/dist-packages/px4_msgs/msg/_system_power.py\n'}
[0.509643] (px4_msgs) StdoutLine: {'line': b'-- Up-to-date symlink: /home/lee/workspace/ros2_ex/install/px4_msgs/local/lib/python3.10/dist-packages/px4_msgs/msg/_system_power_s.c\n'}
[0.509674] (px4_msgs) StdoutLine: {'line': b'-- Up-to-date symlink: /home/lee/workspace/ros2_ex/install/px4_msgs/local/lib/python3.10/dist-packages/px4_msgs/msg/_takeoff_status.py\n'}
[0.509706] (px4_msgs) StdoutLine: {'line': b'-- Up-to-date symlink: /home/lee/workspace/ros2_ex/install/px4_msgs/local/lib/python3.10/dist-packages/px4_msgs/msg/_takeoff_status_s.c\n'}
[0.509736] (px4_msgs) StdoutLine: {'line': b'-- Up-to-date symlink: /home/lee/workspace/ros2_ex/install/px4_msgs/local/lib/python3.10/dist-packages/px4_msgs/msg/_task_stack_info.py\n'}
[0.509767] (px4_msgs) StdoutLine: {'line': b'-- Up-to-date symlink: /home/lee/workspace/ros2_ex/install/px4_msgs/local/lib/python3.10/dist-packages/px4_msgs/msg/_task_stack_info_s.c\n'}
[0.509798] (px4_msgs) StdoutLine: {'line': b'-- Up-to-date symlink: /home/lee/workspace/ros2_ex/install/px4_msgs/local/lib/python3.10/dist-packages/px4_msgs/msg/_tecs_status.py\n'}
[0.509829] (px4_msgs) StdoutLine: {'line': b'-- Up-to-date symlink: /home/lee/workspace/ros2_ex/install/px4_msgs/local/lib/python3.10/dist-packages/px4_msgs/msg/_tecs_status_s.c\n'}
[0.509861] (px4_msgs) StdoutLine: {'line': b'-- Up-to-date symlink: /home/lee/workspace/ros2_ex/install/px4_msgs/local/lib/python3.10/dist-packages/px4_msgs/msg/_telemetry_status.py\n'}
[0.509892] (px4_msgs) StdoutLine: {'line': b'-- Up-to-date symlink: /home/lee/workspace/ros2_ex/install/px4_msgs/local/lib/python3.10/dist-packages/px4_msgs/msg/_telemetry_status_s.c\n'}
[0.509923] (px4_msgs) StdoutLine: {'line': b'-- Up-to-date symlink: /home/lee/workspace/ros2_ex/install/px4_msgs/local/lib/python3.10/dist-packages/px4_msgs/msg/_tiltrotor_extra_controls.py\n'}
[0.509954] (px4_msgs) StdoutLine: {'line': b'-- Up-to-date symlink: /home/lee/workspace/ros2_ex/install/px4_msgs/local/lib/python3.10/dist-packages/px4_msgs/msg/_tiltrotor_extra_controls_s.c\n'}
[0.509986] (px4_msgs) StdoutLine: {'line': b'-- Up-to-date symlink: /home/lee/workspace/ros2_ex/install/px4_msgs/local/lib/python3.10/dist-packages/px4_msgs/msg/_timesync_status.py\n'}
[0.510017] (px4_msgs) StdoutLine: {'line': b'-- Up-to-date symlink: /home/lee/workspace/ros2_ex/install/px4_msgs/local/lib/python3.10/dist-packages/px4_msgs/msg/_timesync_status_s.c\n'}
[0.510049] (px4_msgs) StdoutLine: {'line': b'-- Up-to-date symlink: /home/lee/workspace/ros2_ex/install/px4_msgs/local/lib/python3.10/dist-packages/px4_msgs/msg/_trajectory_bezier.py\n'}
[0.510079] (px4_msgs) StdoutLine: {'line': b'-- Up-to-date symlink: /home/lee/workspace/ros2_ex/install/px4_msgs/local/lib/python3.10/dist-packages/px4_msgs/msg/_trajectory_bezier_s.c\n'}
[0.510111] (px4_msgs) StdoutLine: {'line': b'-- Up-to-date symlink: /home/lee/workspace/ros2_ex/install/px4_msgs/local/lib/python3.10/dist-packages/px4_msgs/msg/_trajectory_setpoint.py\n'}
[0.510143] (px4_msgs) StdoutLine: {'line': b'-- Up-to-date symlink: /home/lee/workspace/ros2_ex/install/px4_msgs/local/lib/python3.10/dist-packages/px4_msgs/msg/_trajectory_setpoint6dof.py\n'}
[0.510175] (px4_msgs) StdoutLine: {'line': b'-- Up-to-date symlink: /home/lee/workspace/ros2_ex/install/px4_msgs/local/lib/python3.10/dist-packages/px4_msgs/msg/_trajectory_setpoint6dof_s.c\n'}
[0.510207] (px4_msgs) StdoutLine: {'line': b'-- Up-to-date symlink: /home/lee/workspace/ros2_ex/install/px4_msgs/local/lib/python3.10/dist-packages/px4_msgs/msg/_trajectory_setpoint_s.c\n'}
[0.510239] (px4_msgs) StdoutLine: {'line': b'-- Up-to-date symlink: /home/lee/workspace/ros2_ex/install/px4_msgs/local/lib/python3.10/dist-packages/px4_msgs/msg/_trajectory_waypoint.py\n'}
[0.510269] (px4_msgs) StdoutLine: {'line': b'-- Up-to-date symlink: /home/lee/workspace/ros2_ex/install/px4_msgs/local/lib/python3.10/dist-packages/px4_msgs/msg/_trajectory_waypoint_s.c\n'}
[0.510302] (px4_msgs) StdoutLine: {'line': b'-- Up-to-date symlink: /home/lee/workspace/ros2_ex/install/px4_msgs/local/lib/python3.10/dist-packages/px4_msgs/msg/_transponder_report.py\n'}
[0.510333] (px4_msgs) StdoutLine: {'line': b'-- Up-to-date symlink: /home/lee/workspace/ros2_ex/install/px4_msgs/local/lib/python3.10/dist-packages/px4_msgs/msg/_transponder_report_s.c\n'}
[0.510363] (px4_msgs) StdoutLine: {'line': b'-- Up-to-date symlink: /home/lee/workspace/ros2_ex/install/px4_msgs/local/lib/python3.10/dist-packages/px4_msgs/msg/_tune_control.py\n'}
[0.510394] (px4_msgs) StdoutLine: {'line': b'-- Up-to-date symlink: /home/lee/workspace/ros2_ex/install/px4_msgs/local/lib/python3.10/dist-packages/px4_msgs/msg/_tune_control_s.c\n'}
[0.510425] (px4_msgs) StdoutLine: {'line': b'-- Up-to-date symlink: /home/lee/workspace/ros2_ex/install/px4_msgs/local/lib/python3.10/dist-packages/px4_msgs/msg/_uavcan_parameter_request.py\n'}
[0.510458] (px4_msgs) StdoutLine: {'line': b'-- Up-to-date symlink: /home/lee/workspace/ros2_ex/install/px4_msgs/local/lib/python3.10/dist-packages/px4_msgs/msg/_uavcan_parameter_request_s.c\n'}
[0.510489] (px4_msgs) StdoutLine: {'line': b'-- Up-to-date symlink: /home/lee/workspace/ros2_ex/install/px4_msgs/local/lib/python3.10/dist-packages/px4_msgs/msg/_uavcan_parameter_value.py\n'}
[0.510521] (px4_msgs) StdoutLine: {'line': b'-- Up-to-date symlink: /home/lee/workspace/ros2_ex/install/px4_msgs/local/lib/python3.10/dist-packages/px4_msgs/msg/_uavcan_parameter_value_s.c\n'}
[0.510553] (px4_msgs) StdoutLine: {'line': b'-- Up-to-date symlink: /home/lee/workspace/ros2_ex/install/px4_msgs/local/lib/python3.10/dist-packages/px4_msgs/msg/_ulog_stream.py\n'}
[0.510584] (px4_msgs) StdoutLine: {'line': b'-- Up-to-date symlink: /home/lee/workspace/ros2_ex/install/px4_msgs/local/lib/python3.10/dist-packages/px4_msgs/msg/_ulog_stream_ack.py\n'}
[0.510616] (px4_msgs) StdoutLine: {'line': b'-- Up-to-date symlink: /home/lee/workspace/ros2_ex/install/px4_msgs/local/lib/python3.10/dist-packages/px4_msgs/msg/_ulog_stream_ack_s.c\n'}
[0.510647] (px4_msgs) StdoutLine: {'line': b'-- Up-to-date symlink: /home/lee/workspace/ros2_ex/install/px4_msgs/local/lib/python3.10/dist-packages/px4_msgs/msg/_ulog_stream_s.c\n'}
[0.510679] (px4_msgs) StdoutLine: {'line': b'-- Up-to-date symlink: /home/lee/workspace/ros2_ex/install/px4_msgs/local/lib/python3.10/dist-packages/px4_msgs/msg/_unregister_ext_component.py\n'}
[0.510710] (px4_msgs) StdoutLine: {'line': b'-- Up-to-date symlink: /home/lee/workspace/ros2_ex/install/px4_msgs/local/lib/python3.10/dist-packages/px4_msgs/msg/_unregister_ext_component_s.c\n'}
[0.510741] (px4_msgs) StdoutLine: {'line': b'-- Up-to-date symlink: /home/lee/workspace/ros2_ex/install/px4_msgs/local/lib/python3.10/dist-packages/px4_msgs/msg/_vehicle_acceleration.py\n'}
[0.510772] (px4_msgs) StdoutLine: {'line': b'-- Up-to-date symlink: /home/lee/workspace/ros2_ex/install/px4_msgs/local/lib/python3.10/dist-packages/px4_msgs/msg/_vehicle_acceleration_s.c\n'}
[0.510803] (px4_msgs) StdoutLine: {'line': b'-- Up-to-date symlink: /home/lee/workspace/ros2_ex/install/px4_msgs/local/lib/python3.10/dist-packages/px4_msgs/msg/_vehicle_air_data.py\n'}
[0.510834] (px4_msgs) StdoutLine: {'line': b'-- Up-to-date symlink: /home/lee/workspace/ros2_ex/install/px4_msgs/local/lib/python3.10/dist-packages/px4_msgs/msg/_vehicle_air_data_s.c\n'}
[0.510867] (px4_msgs) StdoutLine: {'line': b'-- Up-to-date symlink: /home/lee/workspace/ros2_ex/install/px4_msgs/local/lib/python3.10/dist-packages/px4_msgs/msg/_vehicle_angular_acceleration_setpoint.py\n'}
[0.510899] (px4_msgs) StdoutLine: {'line': b'-- Up-to-date symlink: /home/lee/workspace/ros2_ex/install/px4_msgs/local/lib/python3.10/dist-packages/px4_msgs/msg/_vehicle_angular_acceleration_setpoint_s.c\n'}
[0.510930] (px4_msgs) StdoutLine: {'line': b'-- Up-to-date symlink: /home/lee/workspace/ros2_ex/install/px4_msgs/local/lib/python3.10/dist-packages/px4_msgs/msg/_vehicle_angular_velocity.py\n'}
[0.510962] (px4_msgs) StdoutLine: {'line': b'-- Up-to-date symlink: /home/lee/workspace/ros2_ex/install/px4_msgs/local/lib/python3.10/dist-packages/px4_msgs/msg/_vehicle_angular_velocity_s.c\n'}
[0.510993] (px4_msgs) StdoutLine: {'line': b'-- Up-to-date symlink: /home/lee/workspace/ros2_ex/install/px4_msgs/local/lib/python3.10/dist-packages/px4_msgs/msg/_vehicle_attitude.py\n'}
[0.511025] (px4_msgs) StdoutLine: {'line': b'-- Up-to-date symlink: /home/lee/workspace/ros2_ex/install/px4_msgs/local/lib/python3.10/dist-packages/px4_msgs/msg/_vehicle_attitude_s.c\n'}
[0.511057] (px4_msgs) StdoutLine: {'line': b'-- Up-to-date symlink: /home/lee/workspace/ros2_ex/install/px4_msgs/local/lib/python3.10/dist-packages/px4_msgs/msg/_vehicle_attitude_setpoint.py\n'}
[0.511088] (px4_msgs) StdoutLine: {'line': b'-- Up-to-date symlink: /home/lee/workspace/ros2_ex/install/px4_msgs/local/lib/python3.10/dist-packages/px4_msgs/msg/_vehicle_attitude_setpoint_s.c\n'}
[0.511120] (px4_msgs) StdoutLine: {'line': b'-- Up-to-date symlink: /home/lee/workspace/ros2_ex/install/px4_msgs/local/lib/python3.10/dist-packages/px4_msgs/msg/_vehicle_command.py\n'}
[0.511151] (px4_msgs) StdoutLine: {'line': b'-- Up-to-date symlink: /home/lee/workspace/ros2_ex/install/px4_msgs/local/lib/python3.10/dist-packages/px4_msgs/msg/_vehicle_command_ack.py\n'}
[0.511183] (px4_msgs) StdoutLine: {'line': b'-- Up-to-date symlink: /home/lee/workspace/ros2_ex/install/px4_msgs/local/lib/python3.10/dist-packages/px4_msgs/msg/_vehicle_command_ack_s.c\n'}
[0.511223] (px4_msgs) StdoutLine: {'line': b'-- Up-to-date symlink: /home/lee/workspace/ros2_ex/install/px4_msgs/local/lib/python3.10/dist-packages/px4_msgs/msg/_vehicle_command_s.c\n'}
[0.511250] (px4_msgs) StdoutLine: {'line': b'-- Up-to-date symlink: /home/lee/workspace/ros2_ex/install/px4_msgs/local/lib/python3.10/dist-packages/px4_msgs/msg/_vehicle_constraints.py\n'}
[0.511284] (px4_msgs) StdoutLine: {'line': b'-- Up-to-date symlink: /home/lee/workspace/ros2_ex/install/px4_msgs/local/lib/python3.10/dist-packages/px4_msgs/msg/_vehicle_constraints_s.c\n'}
[0.511316] (px4_msgs) StdoutLine: {'line': b'-- Up-to-date symlink: /home/lee/workspace/ros2_ex/install/px4_msgs/local/lib/python3.10/dist-packages/px4_msgs/msg/_vehicle_control_mode.py\n'}
[0.511343] (px4_msgs) StdoutLine: {'line': b'-- Up-to-date symlink: /home/lee/workspace/ros2_ex/install/px4_msgs/local/lib/python3.10/dist-packages/px4_msgs/msg/_vehicle_control_mode_s.c\n'}
[0.511374] (px4_msgs) StdoutLine: {'line': b'-- Up-to-date symlink: /home/lee/workspace/ros2_ex/install/px4_msgs/local/lib/python3.10/dist-packages/px4_msgs/msg/_vehicle_global_position.py\n'}
[0.511406] (px4_msgs) StdoutLine: {'line': b'-- Up-to-date symlink: /home/lee/workspace/ros2_ex/install/px4_msgs/local/lib/python3.10/dist-packages/px4_msgs/msg/_vehicle_global_position_s.c\n'}
[0.511439] (px4_msgs) StdoutLine: {'line': b'-- Up-to-date symlink: /home/lee/workspace/ros2_ex/install/px4_msgs/local/lib/python3.10/dist-packages/px4_msgs/msg/_vehicle_imu.py\n'}
[0.511470] (px4_msgs) StdoutLine: {'line': b'-- Up-to-date symlink: /home/lee/workspace/ros2_ex/install/px4_msgs/local/lib/python3.10/dist-packages/px4_msgs/msg/_vehicle_imu_s.c\n'}
[0.511501] (px4_msgs) StdoutLine: {'line': b'-- Up-to-date symlink: /home/lee/workspace/ros2_ex/install/px4_msgs/local/lib/python3.10/dist-packages/px4_msgs/msg/_vehicle_imu_status.py\n'}
[0.511533] (px4_msgs) StdoutLine: {'line': b'-- Up-to-date symlink: /home/lee/workspace/ros2_ex/install/px4_msgs/local/lib/python3.10/dist-packages/px4_msgs/msg/_vehicle_imu_status_s.c\n'}
[0.511564] (px4_msgs) StdoutLine: {'line': b'-- Up-to-date symlink: /home/lee/workspace/ros2_ex/install/px4_msgs/local/lib/python3.10/dist-packages/px4_msgs/msg/_vehicle_land_detected.py\n'}
[0.511595] (px4_msgs) StdoutLine: {'line': b'-- Up-to-date symlink: /home/lee/workspace/ros2_ex/install/px4_msgs/local/lib/python3.10/dist-packages/px4_msgs/msg/_vehicle_land_detected_s.c\n'}
[0.511627] (px4_msgs) StdoutLine: {'line': b'-- Up-to-date symlink: /home/lee/workspace/ros2_ex/install/px4_msgs/local/lib/python3.10/dist-packages/px4_msgs/msg/_vehicle_local_position.py\n'}
[0.511659] (px4_msgs) StdoutLine: {'line': b'-- Up-to-date symlink: /home/lee/workspace/ros2_ex/install/px4_msgs/local/lib/python3.10/dist-packages/px4_msgs/msg/_vehicle_local_position_s.c\n'}
[0.511691] (px4_msgs) StdoutLine: {'line': b'-- Up-to-date symlink: /home/lee/workspace/ros2_ex/install/px4_msgs/local/lib/python3.10/dist-packages/px4_msgs/msg/_vehicle_local_position_setpoint.py\n'}
[0.511723] (px4_msgs) StdoutLine: {'line': b'-- Up-to-date symlink: /home/lee/workspace/ros2_ex/install/px4_msgs/local/lib/python3.10/dist-packages/px4_msgs/msg/_vehicle_local_position_setpoint_s.c\n'}
[0.511755] (px4_msgs) StdoutLine: {'line': b'-- Up-to-date symlink: /home/lee/workspace/ros2_ex/install/px4_msgs/local/lib/python3.10/dist-packages/px4_msgs/msg/_vehicle_magnetometer.py\n'}
[0.511789] (px4_msgs) StdoutLine: {'line': b'-- Up-to-date symlink: /home/lee/workspace/ros2_ex/install/px4_msgs/local/lib/python3.10/dist-packages/px4_msgs/msg/_vehicle_magnetometer_s.c\n'}
[0.511821] (px4_msgs) StdoutLine: {'line': b'-- Up-to-date symlink: /home/lee/workspace/ros2_ex/install/px4_msgs/local/lib/python3.10/dist-packages/px4_msgs/msg/_vehicle_odometry.py\n'}
[0.511853] (px4_msgs) StdoutLine: {'line': b'-- Up-to-date symlink: /home/lee/workspace/ros2_ex/install/px4_msgs/local/lib/python3.10/dist-packages/px4_msgs/msg/_vehicle_odometry_s.c\n'}
[0.511885] (px4_msgs) StdoutLine: {'line': b'-- Up-to-date symlink: /home/lee/workspace/ros2_ex/install/px4_msgs/local/lib/python3.10/dist-packages/px4_msgs/msg/_vehicle_optical_flow.py\n'}
[0.511917] (px4_msgs) StdoutLine: {'line': b'-- Up-to-date symlink: /home/lee/workspace/ros2_ex/install/px4_msgs/local/lib/python3.10/dist-packages/px4_msgs/msg/_vehicle_optical_flow_s.c\n'}
[0.511948] (px4_msgs) StdoutLine: {'line': b'-- Up-to-date symlink: /home/lee/workspace/ros2_ex/install/px4_msgs/local/lib/python3.10/dist-packages/px4_msgs/msg/_vehicle_optical_flow_vel.py\n'}
[0.511980] (px4_msgs) StdoutLine: {'line': b'-- Up-to-date symlink: /home/lee/workspace/ros2_ex/install/px4_msgs/local/lib/python3.10/dist-packages/px4_msgs/msg/_vehicle_optical_flow_vel_s.c\n'}
[0.512012] (px4_msgs) StdoutLine: {'line': b'-- Up-to-date symlink: /home/lee/workspace/ros2_ex/install/px4_msgs/local/lib/python3.10/dist-packages/px4_msgs/msg/_vehicle_rates_setpoint.py\n'}
[0.512045] (px4_msgs) StdoutLine: {'line': b'-- Up-to-date symlink: /home/lee/workspace/ros2_ex/install/px4_msgs/local/lib/python3.10/dist-packages/px4_msgs/msg/_vehicle_rates_setpoint_s.c\n'}
[0.512077] (px4_msgs) StdoutLine: {'line': b'-- Up-to-date symlink: /home/lee/workspace/ros2_ex/install/px4_msgs/local/lib/python3.10/dist-packages/px4_msgs/msg/_vehicle_roi.py\n'}
[0.512109] (px4_msgs) StdoutLine: {'line': b'-- Up-to-date symlink: /home/lee/workspace/ros2_ex/install/px4_msgs/local/lib/python3.10/dist-packages/px4_msgs/msg/_vehicle_roi_s.c\n'}
[0.512142] (px4_msgs) StdoutLine: {'line': b'-- Up-to-date symlink: /home/lee/workspace/ros2_ex/install/px4_msgs/local/lib/python3.10/dist-packages/px4_msgs/msg/_vehicle_status.py\n'}
[0.512174] (px4_msgs) StdoutLine: {'line': b'-- Up-to-date symlink: /home/lee/workspace/ros2_ex/install/px4_msgs/local/lib/python3.10/dist-packages/px4_msgs/msg/_vehicle_status_s.c\n'}
[0.512206] (px4_msgs) StdoutLine: {'line': b'-- Up-to-date symlink: /home/lee/workspace/ros2_ex/install/px4_msgs/local/lib/python3.10/dist-packages/px4_msgs/msg/_vehicle_thrust_setpoint.py\n'}
[0.512237] (px4_msgs) StdoutLine: {'line': b'-- Up-to-date symlink: /home/lee/workspace/ros2_ex/install/px4_msgs/local/lib/python3.10/dist-packages/px4_msgs/msg/_vehicle_thrust_setpoint_s.c\n'}
[0.512269] (px4_msgs) StdoutLine: {'line': b'-- Up-to-date symlink: /home/lee/workspace/ros2_ex/install/px4_msgs/local/lib/python3.10/dist-packages/px4_msgs/msg/_vehicle_torque_setpoint.py\n'}
[0.512304] (px4_msgs) StdoutLine: {'line': b'-- Up-to-date symlink: /home/lee/workspace/ros2_ex/install/px4_msgs/local/lib/python3.10/dist-packages/px4_msgs/msg/_vehicle_torque_setpoint_s.c\n'}
[0.512334] (px4_msgs) StdoutLine: {'line': b'-- Up-to-date symlink: /home/lee/workspace/ros2_ex/install/px4_msgs/local/lib/python3.10/dist-packages/px4_msgs/msg/_vehicle_trajectory_bezier.py\n'}
[0.512365] (px4_msgs) StdoutLine: {'line': b'-- Up-to-date symlink: /home/lee/workspace/ros2_ex/install/px4_msgs/local/lib/python3.10/dist-packages/px4_msgs/msg/_vehicle_trajectory_bezier_s.c\n'}
[0.512397] (px4_msgs) StdoutLine: {'line': b'-- Up-to-date symlink: /home/lee/workspace/ros2_ex/install/px4_msgs/local/lib/python3.10/dist-packages/px4_msgs/msg/_vehicle_trajectory_waypoint.py\n'}
[0.512428] (px4_msgs) StdoutLine: {'line': b'-- Up-to-date symlink: /home/lee/workspace/ros2_ex/install/px4_msgs/local/lib/python3.10/dist-packages/px4_msgs/msg/_vehicle_trajectory_waypoint_s.c\n'}
[0.512459] (px4_msgs) StdoutLine: {'line': b'-- Up-to-date symlink: /home/lee/workspace/ros2_ex/install/px4_msgs/local/lib/python3.10/dist-packages/px4_msgs/msg/_velocity_limits.py\n'}
[0.512491] (px4_msgs) StdoutLine: {'line': b'-- Up-to-date symlink: /home/lee/workspace/ros2_ex/install/px4_msgs/local/lib/python3.10/dist-packages/px4_msgs/msg/_velocity_limits_s.c\n'}
[0.512522] (px4_msgs) StdoutLine: {'line': b'-- Up-to-date symlink: /home/lee/workspace/ros2_ex/install/px4_msgs/local/lib/python3.10/dist-packages/px4_msgs/msg/_vtol_vehicle_status.py\n'}
[0.512554] (px4_msgs) StdoutLine: {'line': b'-- Up-to-date symlink: /home/lee/workspace/ros2_ex/install/px4_msgs/local/lib/python3.10/dist-packages/px4_msgs/msg/_vtol_vehicle_status_s.c\n'}
[0.512585] (px4_msgs) StdoutLine: {'line': b'-- Up-to-date symlink: /home/lee/workspace/ros2_ex/install/px4_msgs/local/lib/python3.10/dist-packages/px4_msgs/msg/_wheel_encoders.py\n'}
[0.512616] (px4_msgs) StdoutLine: {'line': b'-- Up-to-date symlink: /home/lee/workspace/ros2_ex/install/px4_msgs/local/lib/python3.10/dist-packages/px4_msgs/msg/_wheel_encoders_s.c\n'}
[0.512648] (px4_msgs) StdoutLine: {'line': b'-- Up-to-date symlink: /home/lee/workspace/ros2_ex/install/px4_msgs/local/lib/python3.10/dist-packages/px4_msgs/msg/_wind.py\n'}
[0.512679] (px4_msgs) StdoutLine: {'line': b'-- Up-to-date symlink: /home/lee/workspace/ros2_ex/install/px4_msgs/local/lib/python3.10/dist-packages/px4_msgs/msg/_wind_s.c\n'}
[0.512712] (px4_msgs) StdoutLine: {'line': b'-- Up-to-date symlink: /home/lee/workspace/ros2_ex/install/px4_msgs/local/lib/python3.10/dist-packages/px4_msgs/msg/_yaw_estimator_status.py\n'}
[0.512743] (px4_msgs) StdoutLine: {'line': b'-- Up-to-date symlink: /home/lee/workspace/ros2_ex/install/px4_msgs/local/lib/python3.10/dist-packages/px4_msgs/msg/_yaw_estimator_status_s.c\n'}
[0.512777] (px4_msgs) StdoutLine: {'line': b'-- Up-to-date symlink: /home/lee/workspace/ros2_ex/install/px4_msgs/local/lib/python3.10/dist-packages/px4_msgs/px4_msgs_s__rosidl_typesupport_c.cpython-310-x86_64-linux-gnu.so\n'}
[0.512811] (px4_msgs) StdoutLine: {'line': b'-- Up-to-date symlink: /home/lee/workspace/ros2_ex/install/px4_msgs/local/lib/python3.10/dist-packages/px4_msgs/px4_msgs_s__rosidl_typesupport_fastrtps_c.cpython-310-x86_64-linux-gnu.so\n'}
[0.512844] (px4_msgs) StdoutLine: {'line': b'-- Up-to-date symlink: /home/lee/workspace/ros2_ex/install/px4_msgs/local/lib/python3.10/dist-packages/px4_msgs/px4_msgs_s__rosidl_typesupport_introspection_c.cpython-310-x86_64-linux-gnu.so\n'}
[0.512874] (px4_msgs) StdoutLine: {'line': b'-- Up-to-date symlink: /home/lee/workspace/ros2_ex/install/px4_msgs/local/lib/python3.10/dist-packages/px4_msgs/srv/__init__.py\n'}
[0.512906] (px4_msgs) StdoutLine: {'line': b'-- Up-to-date symlink: /home/lee/workspace/ros2_ex/install/px4_msgs/local/lib/python3.10/dist-packages/px4_msgs/srv/_vehicle_command.py\n'}
[0.512937] (px4_msgs) StdoutLine: {'line': b'-- Up-to-date symlink: /home/lee/workspace/ros2_ex/install/px4_msgs/local/lib/python3.10/dist-packages/px4_msgs/srv/_vehicle_command_s.c\n'}
[0.513058] (px4_msgs) StdoutLine: {'line': b'-- Up-to-date symlink: /home/lee/workspace/ros2_ex/install/px4_msgs/local/lib/python3.10/dist-packages/px4_msgs/px4_msgs_s__rosidl_typesupport_fastrtps_c.cpython-310-x86_64-linux-gnu.so\n'}
[0.513146] (px4_msgs) StdoutLine: {'line': b'-- Up-to-date symlink: /home/lee/workspace/ros2_ex/install/px4_msgs/local/lib/python3.10/dist-packages/px4_msgs/px4_msgs_s__rosidl_typesupport_introspection_c.cpython-310-x86_64-linux-gnu.so\n'}
[0.513231] (px4_msgs) StdoutLine: {'line': b'-- Up-to-date symlink: /home/lee/workspace/ros2_ex/install/px4_msgs/local/lib/python3.10/dist-packages/px4_msgs/px4_msgs_s__rosidl_typesupport_c.cpython-310-x86_64-linux-gnu.so\n'}
[0.513289] (px4_msgs) StdoutLine: {'line': b'-- Up-to-date symlink: /home/lee/workspace/ros2_ex/install/px4_msgs/share/px4_msgs/msg/ActionRequest.idl\n'}
[0.513339] (px4_msgs) StdoutLine: {'line': b'-- Up-to-date symlink: /home/lee/workspace/ros2_ex/install/px4_msgs/share/px4_msgs/msg/ActuatorArmed.idl\n'}
[0.513386] (px4_msgs) StdoutLine: {'line': b'-- Up-to-date symlink: /home/lee/workspace/ros2_ex/install/px4_msgs/share/px4_msgs/msg/ActuatorControlsStatus.idl\n'}
[0.513433] (px4_msgs) StdoutLine: {'line': b'-- Up-to-date symlink: /home/lee/workspace/ros2_ex/install/px4_msgs/share/px4_msgs/msg/ActuatorMotors.idl\n'}
[0.513478] (px4_msgs) StdoutLine: {'line': b'-- Up-to-date symlink: /home/lee/workspace/ros2_ex/install/px4_msgs/share/px4_msgs/msg/ActuatorOutputs.idl\n'}
[0.513522] (px4_msgs) StdoutLine: {'line': b'-- Up-to-date symlink: /home/lee/workspace/ros2_ex/install/px4_msgs/share/px4_msgs/msg/ActuatorServos.idl\n'}
[0.513567] (px4_msgs) StdoutLine: {'line': b'-- Up-to-date symlink: /home/lee/workspace/ros2_ex/install/px4_msgs/share/px4_msgs/msg/ActuatorServosTrim.idl\n'}
[0.513612] (px4_msgs) StdoutLine: {'line': b'-- Up-to-date symlink: /home/lee/workspace/ros2_ex/install/px4_msgs/share/px4_msgs/msg/ActuatorTest.idl\n'}
[0.513657] (px4_msgs) StdoutLine: {'line': b'-- Up-to-date symlink: /home/lee/workspace/ros2_ex/install/px4_msgs/share/px4_msgs/msg/AdcReport.idl\n'}
[0.513701] (px4_msgs) StdoutLine: {'line': b'-- Up-to-date symlink: /home/lee/workspace/ros2_ex/install/px4_msgs/share/px4_msgs/msg/Airspeed.idl\n'}
[0.513746] (px4_msgs) StdoutLine: {'line': b'-- Up-to-date symlink: /home/lee/workspace/ros2_ex/install/px4_msgs/share/px4_msgs/msg/AirspeedValidated.idl\n'}
[0.513790] (px4_msgs) StdoutLine: {'line': b'-- Up-to-date symlink: /home/lee/workspace/ros2_ex/install/px4_msgs/share/px4_msgs/msg/AirspeedWind.idl\n'}
[0.513836] (px4_msgs) StdoutLine: {'line': b'-- Up-to-date symlink: /home/lee/workspace/ros2_ex/install/px4_msgs/share/px4_msgs/msg/AutotuneAttitudeControlStatus.idl\n'}
[0.513881] (px4_msgs) StdoutLine: {'line': b'-- Up-to-date symlink: /home/lee/workspace/ros2_ex/install/px4_msgs/share/px4_msgs/msg/BatteryStatus.idl\n'}
[0.513926] (px4_msgs) StdoutLine: {'line': b'-- Up-to-date symlink: /home/lee/workspace/ros2_ex/install/px4_msgs/share/px4_msgs/msg/ButtonEvent.idl\n'}
[0.513971] (px4_msgs) StdoutLine: {'line': b'-- Up-to-date symlink: /home/lee/workspace/ros2_ex/install/px4_msgs/share/px4_msgs/msg/CameraCapture.idl\n'}
[0.514014] (px4_msgs) StdoutLine: {'line': b'-- Up-to-date symlink: /home/lee/workspace/ros2_ex/install/px4_msgs/share/px4_msgs/msg/CameraStatus.idl\n'}
[0.514059] (px4_msgs) StdoutLine: {'line': b'-- Up-to-date symlink: /home/lee/workspace/ros2_ex/install/px4_msgs/share/px4_msgs/msg/CameraTrigger.idl\n'}
[0.514102] (px4_msgs) StdoutLine: {'line': b'-- Up-to-date symlink: /home/lee/workspace/ros2_ex/install/px4_msgs/share/px4_msgs/msg/CellularStatus.idl\n'}
[0.514148] (px4_msgs) StdoutLine: {'line': b'-- Up-to-date symlink: /home/lee/workspace/ros2_ex/install/px4_msgs/share/px4_msgs/msg/CollisionConstraints.idl\n'}
[0.514192] (px4_msgs) StdoutLine: {'line': b'-- Up-to-date symlink: /home/lee/workspace/ros2_ex/install/px4_msgs/share/px4_msgs/msg/CollisionReport.idl\n'}
[0.514235] (px4_msgs) StdoutLine: {'line': b'-- Up-to-date symlink: /home/lee/workspace/ros2_ex/install/px4_msgs/share/px4_msgs/msg/ControlAllocatorStatus.idl\n'}
[0.514279] (px4_msgs) StdoutLine: {'line': b'-- Up-to-date symlink: /home/lee/workspace/ros2_ex/install/px4_msgs/share/px4_msgs/msg/Cpuload.idl\n'}
[0.514324] (px4_msgs) StdoutLine: {'line': b'-- Up-to-date symlink: /home/lee/workspace/ros2_ex/install/px4_msgs/share/px4_msgs/msg/DebugArray.idl\n'}
[0.514367] (px4_msgs) StdoutLine: {'line': b'-- Up-to-date symlink: /home/lee/workspace/ros2_ex/install/px4_msgs/share/px4_msgs/msg/DebugKeyValue.idl\n'}
[0.514410] (px4_msgs) StdoutLine: {'line': b'-- Up-to-date symlink: /home/lee/workspace/ros2_ex/install/px4_msgs/share/px4_msgs/msg/DebugValue.idl\n'}
[0.514453] (px4_msgs) StdoutLine: {'line': b'-- Up-to-date symlink: /home/lee/workspace/ros2_ex/install/px4_msgs/share/px4_msgs/msg/DebugVect.idl\n'}
[0.514497] (px4_msgs) StdoutLine: {'line': b'-- Up-to-date symlink: /home/lee/workspace/ros2_ex/install/px4_msgs/share/px4_msgs/msg/DifferentialPressure.idl\n'}
[0.514540] (px4_msgs) StdoutLine: {'line': b'-- Up-to-date symlink: /home/lee/workspace/ros2_ex/install/px4_msgs/share/px4_msgs/msg/DistanceSensor.idl\n'}
[0.514582] (px4_msgs) StdoutLine: {'line': b'-- Up-to-date symlink: /home/lee/workspace/ros2_ex/install/px4_msgs/share/px4_msgs/msg/Ekf2Timestamps.idl\n'}
[0.514625] (px4_msgs) StdoutLine: {'line': b'-- Up-to-date symlink: /home/lee/workspace/ros2_ex/install/px4_msgs/share/px4_msgs/msg/EscReport.idl\n'}
[0.514666] (px4_msgs) StdoutLine: {'line': b'-- Up-to-date symlink: /home/lee/workspace/ros2_ex/install/px4_msgs/share/px4_msgs/msg/EscStatus.idl\n'}
[0.514709] (px4_msgs) StdoutLine: {'line': b'-- Up-to-date symlink: /home/lee/workspace/ros2_ex/install/px4_msgs/share/px4_msgs/msg/EstimatorAidSource1d.idl\n'}
[0.514752] (px4_msgs) StdoutLine: {'line': b'-- Up-to-date symlink: /home/lee/workspace/ros2_ex/install/px4_msgs/share/px4_msgs/msg/EstimatorAidSource2d.idl\n'}
[0.514794] (px4_msgs) StdoutLine: {'line': b'-- Up-to-date symlink: /home/lee/workspace/ros2_ex/install/px4_msgs/share/px4_msgs/msg/EstimatorAidSource3d.idl\n'}
[0.514836] (px4_msgs) StdoutLine: {'line': b'-- Up-to-date symlink: /home/lee/workspace/ros2_ex/install/px4_msgs/share/px4_msgs/msg/EstimatorBias.idl\n'}
[0.514880] (px4_msgs) StdoutLine: {'line': b'-- Up-to-date symlink: /home/lee/workspace/ros2_ex/install/px4_msgs/share/px4_msgs/msg/EstimatorBias3d.idl\n'}
[0.514921] (px4_msgs) StdoutLine: {'line': b'-- Up-to-date symlink: /home/lee/workspace/ros2_ex/install/px4_msgs/share/px4_msgs/msg/EstimatorEventFlags.idl\n'}
[0.514963] (px4_msgs) StdoutLine: {'line': b'-- Up-to-date symlink: /home/lee/workspace/ros2_ex/install/px4_msgs/share/px4_msgs/msg/EstimatorGpsStatus.idl\n'}
[0.515006] (px4_msgs) StdoutLine: {'line': b'-- Up-to-date symlink: /home/lee/workspace/ros2_ex/install/px4_msgs/share/px4_msgs/msg/EstimatorInnovations.idl\n'}
[0.515049] (px4_msgs) StdoutLine: {'line': b'-- Up-to-date symlink: /home/lee/workspace/ros2_ex/install/px4_msgs/share/px4_msgs/msg/EstimatorSelectorStatus.idl\n'}
[0.515091] (px4_msgs) StdoutLine: {'line': b'-- Up-to-date symlink: /home/lee/workspace/ros2_ex/install/px4_msgs/share/px4_msgs/msg/EstimatorSensorBias.idl\n'}
[0.515133] (px4_msgs) StdoutLine: {'line': b'-- Up-to-date symlink: /home/lee/workspace/ros2_ex/install/px4_msgs/share/px4_msgs/msg/EstimatorStates.idl\n'}
[0.515175] (px4_msgs) StdoutLine: {'line': b'-- Up-to-date symlink: /home/lee/workspace/ros2_ex/install/px4_msgs/share/px4_msgs/msg/EstimatorStatus.idl\n'}
[0.515216] (px4_msgs) StdoutLine: {'line': b'-- Up-to-date symlink: /home/lee/workspace/ros2_ex/install/px4_msgs/share/px4_msgs/msg/EstimatorStatusFlags.idl\n'}
[0.515259] (px4_msgs) StdoutLine: {'line': b'-- Up-to-date symlink: /home/lee/workspace/ros2_ex/install/px4_msgs/share/px4_msgs/msg/Event.idl\n'}
[0.515303] (px4_msgs) StdoutLine: {'line': b'-- Up-to-date symlink: /home/lee/workspace/ros2_ex/install/px4_msgs/share/px4_msgs/msg/FailsafeFlags.idl\n'}
[0.515346] (px4_msgs) StdoutLine: {'line': b'-- Up-to-date symlink: /home/lee/workspace/ros2_ex/install/px4_msgs/share/px4_msgs/msg/FailureDetectorStatus.idl\n'}
[0.515389] (px4_msgs) StdoutLine: {'line': b'-- Up-to-date symlink: /home/lee/workspace/ros2_ex/install/px4_msgs/share/px4_msgs/msg/FollowTarget.idl\n'}
[0.515432] (px4_msgs) StdoutLine: {'line': b'-- Up-to-date symlink: /home/lee/workspace/ros2_ex/install/px4_msgs/share/px4_msgs/msg/FollowTargetEstimator.idl\n'}
[0.515476] (px4_msgs) StdoutLine: {'line': b'-- Up-to-date symlink: /home/lee/workspace/ros2_ex/install/px4_msgs/share/px4_msgs/msg/FollowTargetStatus.idl\n'}
[0.515518] (px4_msgs) StdoutLine: {'line': b'-- Up-to-date symlink: /home/lee/workspace/ros2_ex/install/px4_msgs/share/px4_msgs/msg/GeneratorStatus.idl\n'}
[0.515561] (px4_msgs) StdoutLine: {'line': b'-- Up-to-date symlink: /home/lee/workspace/ros2_ex/install/px4_msgs/share/px4_msgs/msg/GeofenceResult.idl\n'}
[0.515603] (px4_msgs) StdoutLine: {'line': b'-- Up-to-date symlink: /home/lee/workspace/ros2_ex/install/px4_msgs/share/px4_msgs/msg/GimbalControls.idl\n'}
[0.515647] (px4_msgs) StdoutLine: {'line': b'-- Up-to-date symlink: /home/lee/workspace/ros2_ex/install/px4_msgs/share/px4_msgs/msg/GimbalDeviceAttitudeStatus.idl\n'}
[0.515691] (px4_msgs) StdoutLine: {'line': b'-- Up-to-date symlink: /home/lee/workspace/ros2_ex/install/px4_msgs/share/px4_msgs/msg/GimbalDeviceInformation.idl\n'}
[0.515734] (px4_msgs) StdoutLine: {'line': b'-- Up-to-date symlink: /home/lee/workspace/ros2_ex/install/px4_msgs/share/px4_msgs/msg/GimbalDeviceSetAttitude.idl\n'}
[0.515777] (px4_msgs) StdoutLine: {'line': b'-- Up-to-date symlink: /home/lee/workspace/ros2_ex/install/px4_msgs/share/px4_msgs/msg/GimbalManagerInformation.idl\n'}
[0.515820] (px4_msgs) StdoutLine: {'line': b'-- Up-to-date symlink: /home/lee/workspace/ros2_ex/install/px4_msgs/share/px4_msgs/msg/GimbalManagerSetAttitude.idl\n'}
[0.515865] (px4_msgs) StdoutLine: {'line': b'-- Up-to-date symlink: /home/lee/workspace/ros2_ex/install/px4_msgs/share/px4_msgs/msg/GimbalManagerSetManualControl.idl\n'}
[0.515909] (px4_msgs) StdoutLine: {'line': b'-- Up-to-date symlink: /home/lee/workspace/ros2_ex/install/px4_msgs/share/px4_msgs/msg/GimbalManagerStatus.idl\n'}
[0.515954] (px4_msgs) StdoutLine: {'line': b'-- Up-to-date symlink: /home/lee/workspace/ros2_ex/install/px4_msgs/share/px4_msgs/msg/GpsDump.idl\n'}
[0.515997] (px4_msgs) StdoutLine: {'line': b'-- Up-to-date symlink: /home/lee/workspace/ros2_ex/install/px4_msgs/share/px4_msgs/msg/GpsInjectData.idl\n'}
[0.516040] (px4_msgs) StdoutLine: {'line': b'-- Up-to-date symlink: /home/lee/workspace/ros2_ex/install/px4_msgs/share/px4_msgs/msg/Gripper.idl\n'}
[0.516083] (px4_msgs) StdoutLine: {'line': b'-- Up-to-date symlink: /home/lee/workspace/ros2_ex/install/px4_msgs/share/px4_msgs/msg/HealthReport.idl\n'}
[0.516126] (px4_msgs) StdoutLine: {'line': b'-- Up-to-date symlink: /home/lee/workspace/ros2_ex/install/px4_msgs/share/px4_msgs/msg/HeaterStatus.idl\n'}
[0.516169] (px4_msgs) StdoutLine: {'line': b'-- Up-to-date symlink: /home/lee/workspace/ros2_ex/install/px4_msgs/share/px4_msgs/msg/HomePosition.idl\n'}
[0.516211] (px4_msgs) StdoutLine: {'line': b'-- Up-to-date symlink: /home/lee/workspace/ros2_ex/install/px4_msgs/share/px4_msgs/msg/HoverThrustEstimate.idl\n'}
[0.516254] (px4_msgs) StdoutLine: {'line': b'-- Up-to-date symlink: /home/lee/workspace/ros2_ex/install/px4_msgs/share/px4_msgs/msg/InputRc.idl\n'}
[0.516301] (px4_msgs) StdoutLine: {'line': b'-- Up-to-date symlink: /home/lee/workspace/ros2_ex/install/px4_msgs/share/px4_msgs/msg/InternalCombustionEngineStatus.idl\n'}
[0.516345] (px4_msgs) StdoutLine: {'line': b'-- Up-to-date symlink: /home/lee/workspace/ros2_ex/install/px4_msgs/share/px4_msgs/msg/IridiumsbdStatus.idl\n'}
[0.516388] (px4_msgs) StdoutLine: {'line': b'-- Up-to-date symlink: /home/lee/workspace/ros2_ex/install/px4_msgs/share/px4_msgs/msg/IrlockReport.idl\n'}
[0.516432] (px4_msgs) StdoutLine: {'line': b'-- Up-to-date symlink: /home/lee/workspace/ros2_ex/install/px4_msgs/share/px4_msgs/msg/LandingGear.idl\n'}
[0.516473] (px4_msgs) StdoutLine: {'line': b'-- Up-to-date symlink: /home/lee/workspace/ros2_ex/install/px4_msgs/share/px4_msgs/msg/LandingGearWheel.idl\n'}
[0.516517] (px4_msgs) StdoutLine: {'line': b'-- Up-to-date symlink: /home/lee/workspace/ros2_ex/install/px4_msgs/share/px4_msgs/msg/LandingTargetInnovations.idl\n'}
[0.516559] (px4_msgs) StdoutLine: {'line': b'-- Up-to-date symlink: /home/lee/workspace/ros2_ex/install/px4_msgs/share/px4_msgs/msg/LandingTargetPose.idl\n'}
[0.516601] (px4_msgs) StdoutLine: {'line': b'-- Up-to-date symlink: /home/lee/workspace/ros2_ex/install/px4_msgs/share/px4_msgs/msg/LaunchDetectionStatus.idl\n'}
[0.516644] (px4_msgs) StdoutLine: {'line': b'-- Up-to-date symlink: /home/lee/workspace/ros2_ex/install/px4_msgs/share/px4_msgs/msg/LedControl.idl\n'}
[0.516686] (px4_msgs) StdoutLine: {'line': b'-- Up-to-date symlink: /home/lee/workspace/ros2_ex/install/px4_msgs/share/px4_msgs/msg/LogMessage.idl\n'}
[0.516727] (px4_msgs) StdoutLine: {'line': b'-- Up-to-date symlink: /home/lee/workspace/ros2_ex/install/px4_msgs/share/px4_msgs/msg/LoggerStatus.idl\n'}
[0.516770] (px4_msgs) StdoutLine: {'line': b'-- Up-to-date symlink: /home/lee/workspace/ros2_ex/install/px4_msgs/share/px4_msgs/msg/MagWorkerData.idl\n'}
[0.516813] (px4_msgs) StdoutLine: {'line': b'-- Up-to-date symlink: /home/lee/workspace/ros2_ex/install/px4_msgs/share/px4_msgs/msg/MagnetometerBiasEstimate.idl\n'}
[0.516857] (px4_msgs) StdoutLine: {'line': b'-- Up-to-date symlink: /home/lee/workspace/ros2_ex/install/px4_msgs/share/px4_msgs/msg/ManualControlSetpoint.idl\n'}
[0.516900] (px4_msgs) StdoutLine: {'line': b'-- Up-to-date symlink: /home/lee/workspace/ros2_ex/install/px4_msgs/share/px4_msgs/msg/ManualControlSwitches.idl\n'}
[0.516943] (px4_msgs) StdoutLine: {'line': b'-- Up-to-date symlink: /home/lee/workspace/ros2_ex/install/px4_msgs/share/px4_msgs/msg/MavlinkLog.idl\n'}
[0.516985] (px4_msgs) StdoutLine: {'line': b'-- Up-to-date symlink: /home/lee/workspace/ros2_ex/install/px4_msgs/share/px4_msgs/msg/MavlinkTunnel.idl\n'}
[0.517028] (px4_msgs) StdoutLine: {'line': b'-- Up-to-date symlink: /home/lee/workspace/ros2_ex/install/px4_msgs/share/px4_msgs/msg/Mission.idl\n'}
[0.517072] (px4_msgs) StdoutLine: {'line': b'-- Up-to-date symlink: /home/lee/workspace/ros2_ex/install/px4_msgs/share/px4_msgs/msg/MissionResult.idl\n'}
[0.517115] (px4_msgs) StdoutLine: {'line': b'-- Up-to-date symlink: /home/lee/workspace/ros2_ex/install/px4_msgs/share/px4_msgs/msg/ModeCompleted.idl\n'}
[0.517158] (px4_msgs) StdoutLine: {'line': b'-- Up-to-date symlink: /home/lee/workspace/ros2_ex/install/px4_msgs/share/px4_msgs/msg/MountOrientation.idl\n'}
[0.517200] (px4_msgs) StdoutLine: {'line': b'-- Up-to-date symlink: /home/lee/workspace/ros2_ex/install/px4_msgs/share/px4_msgs/msg/NavigatorMissionItem.idl\n'}
[0.517243] (px4_msgs) StdoutLine: {'line': b'-- Up-to-date symlink: /home/lee/workspace/ros2_ex/install/px4_msgs/share/px4_msgs/msg/NormalizedUnsignedSetpoint.idl\n'}
[0.517287] (px4_msgs) StdoutLine: {'line': b'-- Up-to-date symlink: /home/lee/workspace/ros2_ex/install/px4_msgs/share/px4_msgs/msg/NpfgStatus.idl\n'}
[0.517332] (px4_msgs) StdoutLine: {'line': b'-- Up-to-date symlink: /home/lee/workspace/ros2_ex/install/px4_msgs/share/px4_msgs/msg/ObstacleDistance.idl\n'}
[0.517375] (px4_msgs) StdoutLine: {'line': b'-- Up-to-date symlink: /home/lee/workspace/ros2_ex/install/px4_msgs/share/px4_msgs/msg/OffboardControlMode.idl\n'}
[0.517419] (px4_msgs) StdoutLine: {'line': b'-- Up-to-date symlink: /home/lee/workspace/ros2_ex/install/px4_msgs/share/px4_msgs/msg/OnboardComputerStatus.idl\n'}
[0.517463] (px4_msgs) StdoutLine: {'line': b'-- Up-to-date symlink: /home/lee/workspace/ros2_ex/install/px4_msgs/share/px4_msgs/msg/OrbTest.idl\n'}
[0.517507] (px4_msgs) StdoutLine: {'line': b'-- Up-to-date symlink: /home/lee/workspace/ros2_ex/install/px4_msgs/share/px4_msgs/msg/OrbTestLarge.idl\n'}
[0.517550] (px4_msgs) StdoutLine: {'line': b'-- Up-to-date symlink: /home/lee/workspace/ros2_ex/install/px4_msgs/share/px4_msgs/msg/OrbTestMedium.idl\n'}
[0.517594] (px4_msgs) StdoutLine: {'line': b'-- Up-to-date symlink: /home/lee/workspace/ros2_ex/install/px4_msgs/share/px4_msgs/msg/OrbitStatus.idl\n'}
[0.517638] (px4_msgs) StdoutLine: {'line': b'-- Up-to-date symlink: /home/lee/workspace/ros2_ex/install/px4_msgs/share/px4_msgs/msg/ParameterUpdate.idl\n'}
[0.517682] (px4_msgs) StdoutLine: {'line': b'-- Up-to-date symlink: /home/lee/workspace/ros2_ex/install/px4_msgs/share/px4_msgs/msg/Ping.idl\n'}
[0.517727] (px4_msgs) StdoutLine: {'line': b'-- Up-to-date symlink: /home/lee/workspace/ros2_ex/install/px4_msgs/share/px4_msgs/msg/PositionControllerLandingStatus.idl\n'}
[0.517771] (px4_msgs) StdoutLine: {'line': b'-- Up-to-date symlink: /home/lee/workspace/ros2_ex/install/px4_msgs/share/px4_msgs/msg/PositionControllerStatus.idl\n'}
[0.517815] (px4_msgs) StdoutLine: {'line': b'-- Up-to-date symlink: /home/lee/workspace/ros2_ex/install/px4_msgs/share/px4_msgs/msg/PositionSetpoint.idl\n'}
[0.517858] (px4_msgs) StdoutLine: {'line': b'-- Up-to-date symlink: /home/lee/workspace/ros2_ex/install/px4_msgs/share/px4_msgs/msg/PositionSetpointTriplet.idl\n'}
[0.517901] (px4_msgs) StdoutLine: {'line': b'-- Up-to-date symlink: /home/lee/workspace/ros2_ex/install/px4_msgs/share/px4_msgs/msg/PowerButtonState.idl\n'}
[0.517944] (px4_msgs) StdoutLine: {'line': b'-- Up-to-date symlink: /home/lee/workspace/ros2_ex/install/px4_msgs/share/px4_msgs/msg/PowerMonitor.idl\n'}
[0.517988] (px4_msgs) StdoutLine: {'line': b'-- Up-to-date symlink: /home/lee/workspace/ros2_ex/install/px4_msgs/share/px4_msgs/msg/PpsCapture.idl\n'}
[0.518031] (px4_msgs) StdoutLine: {'line': b'-- Up-to-date symlink: /home/lee/workspace/ros2_ex/install/px4_msgs/share/px4_msgs/msg/PwmInput.idl\n'}
[0.518073] (px4_msgs) StdoutLine: {'line': b'-- Up-to-date symlink: /home/lee/workspace/ros2_ex/install/px4_msgs/share/px4_msgs/msg/Px4ioStatus.idl\n'}
[0.518118] (px4_msgs) StdoutLine: {'line': b'-- Up-to-date symlink: /home/lee/workspace/ros2_ex/install/px4_msgs/share/px4_msgs/msg/QshellReq.idl\n'}
[0.518159] (px4_msgs) StdoutLine: {'line': b'-- Up-to-date symlink: /home/lee/workspace/ros2_ex/install/px4_msgs/share/px4_msgs/msg/QshellRetval.idl\n'}
[0.518203] (px4_msgs) StdoutLine: {'line': b'-- Up-to-date symlink: /home/lee/workspace/ros2_ex/install/px4_msgs/share/px4_msgs/msg/RadioStatus.idl\n'}
[0.518246] (px4_msgs) StdoutLine: {'line': b'-- Up-to-date symlink: /home/lee/workspace/ros2_ex/install/px4_msgs/share/px4_msgs/msg/RateCtrlStatus.idl\n'}
[0.518290] (px4_msgs) StdoutLine: {'line': b'-- Up-to-date symlink: /home/lee/workspace/ros2_ex/install/px4_msgs/share/px4_msgs/msg/RcChannels.idl\n'}
[0.518333] (px4_msgs) StdoutLine: {'line': b'-- Up-to-date symlink: /home/lee/workspace/ros2_ex/install/px4_msgs/share/px4_msgs/msg/RcParameterMap.idl\n'}
[0.518376] (px4_msgs) StdoutLine: {'line': b'-- Up-to-date symlink: /home/lee/workspace/ros2_ex/install/px4_msgs/share/px4_msgs/msg/Rpm.idl\n'}
[0.518426] (px4_msgs) StdoutLine: {'line': b'-- Up-to-date symlink: /home/lee/workspace/ros2_ex/install/px4_msgs/share/px4_msgs/msg/RtlTimeEstimate.idl\n'}
[0.518463] (px4_msgs) StdoutLine: {'line': b'-- Up-to-date symlink: /home/lee/workspace/ros2_ex/install/px4_msgs/share/px4_msgs/msg/SatelliteInfo.idl\n'}
[0.518505] (px4_msgs) StdoutLine: {'line': b'-- Up-to-date symlink: /home/lee/workspace/ros2_ex/install/px4_msgs/share/px4_msgs/msg/SensorAccel.idl\n'}
[0.518547] (px4_msgs) StdoutLine: {'line': b'-- Up-to-date symlink: /home/lee/workspace/ros2_ex/install/px4_msgs/share/px4_msgs/msg/SensorAccelFifo.idl\n'}
[0.518590] (px4_msgs) StdoutLine: {'line': b'-- Up-to-date symlink: /home/lee/workspace/ros2_ex/install/px4_msgs/share/px4_msgs/msg/SensorBaro.idl\n'}
[0.518634] (px4_msgs) StdoutLine: {'line': b'-- Up-to-date symlink: /home/lee/workspace/ros2_ex/install/px4_msgs/share/px4_msgs/msg/SensorCombined.idl\n'}
[0.518676] (px4_msgs) StdoutLine: {'line': b'-- Up-to-date symlink: /home/lee/workspace/ros2_ex/install/px4_msgs/share/px4_msgs/msg/SensorCorrection.idl\n'}
[0.518720] (px4_msgs) StdoutLine: {'line': b'-- Up-to-date symlink: /home/lee/workspace/ros2_ex/install/px4_msgs/share/px4_msgs/msg/SensorGnssRelative.idl\n'}
[0.518764] (px4_msgs) StdoutLine: {'line': b'-- Up-to-date symlink: /home/lee/workspace/ros2_ex/install/px4_msgs/share/px4_msgs/msg/SensorGps.idl\n'}
[0.518808] (px4_msgs) StdoutLine: {'line': b'-- Up-to-date symlink: /home/lee/workspace/ros2_ex/install/px4_msgs/share/px4_msgs/msg/SensorGyro.idl\n'}
[0.518852] (px4_msgs) StdoutLine: {'line': b'-- Up-to-date symlink: /home/lee/workspace/ros2_ex/install/px4_msgs/share/px4_msgs/msg/SensorGyroFft.idl\n'}
[0.518896] (px4_msgs) StdoutLine: {'line': b'-- Up-to-date symlink: /home/lee/workspace/ros2_ex/install/px4_msgs/share/px4_msgs/msg/SensorGyroFifo.idl\n'}
[0.518939] (px4_msgs) StdoutLine: {'line': b'-- Up-to-date symlink: /home/lee/workspace/ros2_ex/install/px4_msgs/share/px4_msgs/msg/SensorHygrometer.idl\n'}
[0.518983] (px4_msgs) StdoutLine: {'line': b'-- Up-to-date symlink: /home/lee/workspace/ros2_ex/install/px4_msgs/share/px4_msgs/msg/SensorMag.idl\n'}
[0.519026] (px4_msgs) StdoutLine: {'line': b'-- Up-to-date symlink: /home/lee/workspace/ros2_ex/install/px4_msgs/share/px4_msgs/msg/SensorOpticalFlow.idl\n'}
[0.519069] (px4_msgs) StdoutLine: {'line': b'-- Up-to-date symlink: /home/lee/workspace/ros2_ex/install/px4_msgs/share/px4_msgs/msg/SensorPreflightMag.idl\n'}
[0.519111] (px4_msgs) StdoutLine: {'line': b'-- Up-to-date symlink: /home/lee/workspace/ros2_ex/install/px4_msgs/share/px4_msgs/msg/SensorSelection.idl\n'}
[0.519155] (px4_msgs) StdoutLine: {'line': b'-- Up-to-date symlink: /home/lee/workspace/ros2_ex/install/px4_msgs/share/px4_msgs/msg/SensorUwb.idl\n'}
[0.519200] (px4_msgs) StdoutLine: {'line': b'-- Up-to-date symlink: /home/lee/workspace/ros2_ex/install/px4_msgs/share/px4_msgs/msg/SensorsStatus.idl\n'}
[0.519244] (px4_msgs) StdoutLine: {'line': b'-- Up-to-date symlink: /home/lee/workspace/ros2_ex/install/px4_msgs/share/px4_msgs/msg/SensorsStatusImu.idl\n'}
[0.519289] (px4_msgs) StdoutLine: {'line': b'-- Up-to-date symlink: /home/lee/workspace/ros2_ex/install/px4_msgs/share/px4_msgs/msg/SystemPower.idl\n'}
[0.519333] (px4_msgs) StdoutLine: {'line': b'-- Up-to-date symlink: /home/lee/workspace/ros2_ex/install/px4_msgs/share/px4_msgs/msg/TakeoffStatus.idl\n'}
[0.519376] (px4_msgs) StdoutLine: {'line': b'-- Up-to-date symlink: /home/lee/workspace/ros2_ex/install/px4_msgs/share/px4_msgs/msg/TaskStackInfo.idl\n'}
[0.519417] (px4_msgs) StdoutLine: {'line': b'-- Up-to-date symlink: /home/lee/workspace/ros2_ex/install/px4_msgs/share/px4_msgs/msg/TecsStatus.idl\n'}
[0.519460] (px4_msgs) StdoutLine: {'line': b'-- Up-to-date symlink: /home/lee/workspace/ros2_ex/install/px4_msgs/share/px4_msgs/msg/TelemetryStatus.idl\n'}
[0.519503] (px4_msgs) StdoutLine: {'line': b'-- Up-to-date symlink: /home/lee/workspace/ros2_ex/install/px4_msgs/share/px4_msgs/msg/TiltrotorExtraControls.idl\n'}
[0.519546] (px4_msgs) StdoutLine: {'line': b'-- Up-to-date symlink: /home/lee/workspace/ros2_ex/install/px4_msgs/share/px4_msgs/msg/TimesyncStatus.idl\n'}
[0.519588] (px4_msgs) StdoutLine: {'line': b'-- Up-to-date symlink: /home/lee/workspace/ros2_ex/install/px4_msgs/share/px4_msgs/msg/TrajectoryBezier.idl\n'}
[0.519630] (px4_msgs) StdoutLine: {'line': b'-- Up-to-date symlink: /home/lee/workspace/ros2_ex/install/px4_msgs/share/px4_msgs/msg/TrajectorySetpoint.idl\n'}
[0.519672] (px4_msgs) StdoutLine: {'line': b'-- Up-to-date symlink: /home/lee/workspace/ros2_ex/install/px4_msgs/share/px4_msgs/msg/TrajectoryWaypoint.idl\n'}
[0.519714] (px4_msgs) StdoutLine: {'line': b'-- Up-to-date symlink: /home/lee/workspace/ros2_ex/install/px4_msgs/share/px4_msgs/msg/TransponderReport.idl\n'}
[0.519755] (px4_msgs) StdoutLine: {'line': b'-- Up-to-date symlink: /home/lee/workspace/ros2_ex/install/px4_msgs/share/px4_msgs/msg/TuneControl.idl\n'}
[0.519799] (px4_msgs) StdoutLine: {'line': b'-- Up-to-date symlink: /home/lee/workspace/ros2_ex/install/px4_msgs/share/px4_msgs/msg/UavcanParameterRequest.idl\n'}
[0.519841] (px4_msgs) StdoutLine: {'line': b'-- Up-to-date symlink: /home/lee/workspace/ros2_ex/install/px4_msgs/share/px4_msgs/msg/UavcanParameterValue.idl\n'}
[0.519884] (px4_msgs) StdoutLine: {'line': b'-- Up-to-date symlink: /home/lee/workspace/ros2_ex/install/px4_msgs/share/px4_msgs/msg/UlogStream.idl\n'}
[0.519927] (px4_msgs) StdoutLine: {'line': b'-- Up-to-date symlink: /home/lee/workspace/ros2_ex/install/px4_msgs/share/px4_msgs/msg/UlogStreamAck.idl\n'}
[0.519970] (px4_msgs) StdoutLine: {'line': b'-- Up-to-date symlink: /home/lee/workspace/ros2_ex/install/px4_msgs/share/px4_msgs/msg/VehicleAcceleration.idl\n'}
[0.520011] (px4_msgs) StdoutLine: {'line': b'-- Up-to-date symlink: /home/lee/workspace/ros2_ex/install/px4_msgs/share/px4_msgs/msg/VehicleAirData.idl\n'}
[0.520055] (px4_msgs) StdoutLine: {'line': b'-- Up-to-date symlink: /home/lee/workspace/ros2_ex/install/px4_msgs/share/px4_msgs/msg/VehicleAngularAccelerationSetpoint.idl\n'}
[0.520099] (px4_msgs) StdoutLine: {'line': b'-- Up-to-date symlink: /home/lee/workspace/ros2_ex/install/px4_msgs/share/px4_msgs/msg/VehicleAngularVelocity.idl\n'}
[0.520142] (px4_msgs) StdoutLine: {'line': b'-- Up-to-date symlink: /home/lee/workspace/ros2_ex/install/px4_msgs/share/px4_msgs/msg/VehicleAttitude.idl\n'}
[0.520185] (px4_msgs) StdoutLine: {'line': b'-- Up-to-date symlink: /home/lee/workspace/ros2_ex/install/px4_msgs/share/px4_msgs/msg/VehicleAttitudeSetpoint.idl\n'}
[0.520228] (px4_msgs) StdoutLine: {'line': b'-- Up-to-date symlink: /home/lee/workspace/ros2_ex/install/px4_msgs/share/px4_msgs/msg/VehicleCommand.idl\n'}
[0.520270] (px4_msgs) StdoutLine: {'line': b'-- Up-to-date symlink: /home/lee/workspace/ros2_ex/install/px4_msgs/share/px4_msgs/msg/VehicleCommandAck.idl\n'}
[0.520314] (px4_msgs) StdoutLine: {'line': b'-- Up-to-date symlink: /home/lee/workspace/ros2_ex/install/px4_msgs/share/px4_msgs/msg/VehicleConstraints.idl\n'}
[0.520356] (px4_msgs) StdoutLine: {'line': b'-- Up-to-date symlink: /home/lee/workspace/ros2_ex/install/px4_msgs/share/px4_msgs/msg/VehicleControlMode.idl\n'}
[0.520399] (px4_msgs) StdoutLine: {'line': b'-- Up-to-date symlink: /home/lee/workspace/ros2_ex/install/px4_msgs/share/px4_msgs/msg/VehicleGlobalPosition.idl\n'}
[0.520442] (px4_msgs) StdoutLine: {'line': b'-- Up-to-date symlink: /home/lee/workspace/ros2_ex/install/px4_msgs/share/px4_msgs/msg/VehicleImu.idl\n'}
[0.520486] (px4_msgs) StdoutLine: {'line': b'-- Up-to-date symlink: /home/lee/workspace/ros2_ex/install/px4_msgs/share/px4_msgs/msg/VehicleImuStatus.idl\n'}
[0.520528] (px4_msgs) StdoutLine: {'line': b'-- Up-to-date symlink: /home/lee/workspace/ros2_ex/install/px4_msgs/share/px4_msgs/msg/VehicleLandDetected.idl\n'}
[0.520571] (px4_msgs) StdoutLine: {'line': b'-- Up-to-date symlink: /home/lee/workspace/ros2_ex/install/px4_msgs/share/px4_msgs/msg/VehicleLocalPosition.idl\n'}
[0.520615] (px4_msgs) StdoutLine: {'line': b'-- Up-to-date symlink: /home/lee/workspace/ros2_ex/install/px4_msgs/share/px4_msgs/msg/VehicleLocalPositionSetpoint.idl\n'}
[0.520657] (px4_msgs) StdoutLine: {'line': b'-- Up-to-date symlink: /home/lee/workspace/ros2_ex/install/px4_msgs/share/px4_msgs/msg/VehicleMagnetometer.idl\n'}
[0.520698] (px4_msgs) StdoutLine: {'line': b'-- Up-to-date symlink: /home/lee/workspace/ros2_ex/install/px4_msgs/share/px4_msgs/msg/VehicleOdometry.idl\n'}
[0.520739] (px4_msgs) StdoutLine: {'line': b'-- Up-to-date symlink: /home/lee/workspace/ros2_ex/install/px4_msgs/share/px4_msgs/msg/VehicleOpticalFlow.idl\n'}
[0.520782] (px4_msgs) StdoutLine: {'line': b'-- Up-to-date symlink: /home/lee/workspace/ros2_ex/install/px4_msgs/share/px4_msgs/msg/VehicleOpticalFlowVel.idl\n'}
[0.520824] (px4_msgs) StdoutLine: {'line': b'-- Up-to-date symlink: /home/lee/workspace/ros2_ex/install/px4_msgs/share/px4_msgs/msg/VehicleRatesSetpoint.idl\n'}
[0.520865] (px4_msgs) StdoutLine: {'line': b'-- Up-to-date symlink: /home/lee/workspace/ros2_ex/install/px4_msgs/share/px4_msgs/msg/VehicleRoi.idl\n'}
[0.520907] (px4_msgs) StdoutLine: {'line': b'-- Up-to-date symlink: /home/lee/workspace/ros2_ex/install/px4_msgs/share/px4_msgs/msg/VehicleStatus.idl\n'}
[0.520951] (px4_msgs) StdoutLine: {'line': b'-- Up-to-date symlink: /home/lee/workspace/ros2_ex/install/px4_msgs/share/px4_msgs/msg/VehicleThrustSetpoint.idl\n'}
[0.520993] (px4_msgs) StdoutLine: {'line': b'-- Up-to-date symlink: /home/lee/workspace/ros2_ex/install/px4_msgs/share/px4_msgs/msg/VehicleTorqueSetpoint.idl\n'}
[0.521035] (px4_msgs) StdoutLine: {'line': b'-- Up-to-date symlink: /home/lee/workspace/ros2_ex/install/px4_msgs/share/px4_msgs/msg/VehicleTrajectoryBezier.idl\n'}
[0.521077] (px4_msgs) StdoutLine: {'line': b'-- Up-to-date symlink: /home/lee/workspace/ros2_ex/install/px4_msgs/share/px4_msgs/msg/VehicleTrajectoryWaypoint.idl\n'}
[0.521120] (px4_msgs) StdoutLine: {'line': b'-- Up-to-date symlink: /home/lee/workspace/ros2_ex/install/px4_msgs/share/px4_msgs/msg/VtolVehicleStatus.idl\n'}
[0.521163] (px4_msgs) StdoutLine: {'line': b'-- Up-to-date symlink: /home/lee/workspace/ros2_ex/install/px4_msgs/share/px4_msgs/msg/Wind.idl\n'}
[0.521206] (px4_msgs) StdoutLine: {'line': b'-- Up-to-date symlink: /home/lee/workspace/ros2_ex/install/px4_msgs/share/px4_msgs/msg/YawEstimatorStatus.idl\n'}
[0.521250] (px4_msgs) StdoutLine: {'line': b'-- Up-to-date symlink: /home/lee/workspace/ros2_ex/install/px4_msgs/share/px4_msgs/msg/ActionRequest.msg\n'}
[0.521295] (px4_msgs) StdoutLine: {'line': b'-- Up-to-date symlink: /home/lee/workspace/ros2_ex/install/px4_msgs/share/px4_msgs/msg/ActuatorArmed.msg\n'}
[0.521338] (px4_msgs) StdoutLine: {'line': b'-- Up-to-date symlink: /home/lee/workspace/ros2_ex/install/px4_msgs/share/px4_msgs/msg/ActuatorControlsStatus.msg\n'}
[0.521380] (px4_msgs) StdoutLine: {'line': b'-- Up-to-date symlink: /home/lee/workspace/ros2_ex/install/px4_msgs/share/px4_msgs/msg/ActuatorMotors.msg\n'}
[0.521422] (px4_msgs) StdoutLine: {'line': b'-- Up-to-date symlink: /home/lee/workspace/ros2_ex/install/px4_msgs/share/px4_msgs/msg/ActuatorOutputs.msg\n'}
[0.521462] (px4_msgs) StdoutLine: {'line': b'-- Up-to-date symlink: /home/lee/workspace/ros2_ex/install/px4_msgs/share/px4_msgs/msg/ActuatorServos.msg\n'}
[0.521504] (px4_msgs) StdoutLine: {'line': b'-- Up-to-date symlink: /home/lee/workspace/ros2_ex/install/px4_msgs/share/px4_msgs/msg/ActuatorServosTrim.msg\n'}
[0.521546] (px4_msgs) StdoutLine: {'line': b'-- Up-to-date symlink: /home/lee/workspace/ros2_ex/install/px4_msgs/share/px4_msgs/msg/ActuatorTest.msg\n'}
[0.521587] (px4_msgs) StdoutLine: {'line': b'-- Up-to-date symlink: /home/lee/workspace/ros2_ex/install/px4_msgs/share/px4_msgs/msg/AdcReport.msg\n'}
[0.521628] (px4_msgs) StdoutLine: {'line': b'-- Up-to-date symlink: /home/lee/workspace/ros2_ex/install/px4_msgs/share/px4_msgs/msg/Airspeed.msg\n'}
[0.521672] (px4_msgs) StdoutLine: {'line': b'-- Up-to-date symlink: /home/lee/workspace/ros2_ex/install/px4_msgs/share/px4_msgs/msg/AirspeedValidated.msg\n'}
[0.521713] (px4_msgs) StdoutLine: {'line': b'-- Up-to-date symlink: /home/lee/workspace/ros2_ex/install/px4_msgs/share/px4_msgs/msg/AirspeedWind.msg\n'}
[0.521756] (px4_msgs) StdoutLine: {'line': b'-- Up-to-date symlink: /home/lee/workspace/ros2_ex/install/px4_msgs/share/px4_msgs/msg/AutotuneAttitudeControlStatus.msg\n'}
[0.521798] (px4_msgs) StdoutLine: {'line': b'-- Up-to-date symlink: /home/lee/workspace/ros2_ex/install/px4_msgs/share/px4_msgs/msg/BatteryStatus.msg\n'}
[0.521839] (px4_msgs) StdoutLine: {'line': b'-- Up-to-date symlink: /home/lee/workspace/ros2_ex/install/px4_msgs/share/px4_msgs/msg/ButtonEvent.msg\n'}
[0.521880] (px4_msgs) StdoutLine: {'line': b'-- Up-to-date symlink: /home/lee/workspace/ros2_ex/install/px4_msgs/share/px4_msgs/msg/CameraCapture.msg\n'}
[0.521922] (px4_msgs) StdoutLine: {'line': b'-- Up-to-date symlink: /home/lee/workspace/ros2_ex/install/px4_msgs/share/px4_msgs/msg/CameraStatus.msg\n'}
[0.521963] (px4_msgs) StdoutLine: {'line': b'-- Up-to-date symlink: /home/lee/workspace/ros2_ex/install/px4_msgs/share/px4_msgs/msg/CameraTrigger.msg\n'}
[0.522004] (px4_msgs) StdoutLine: {'line': b'-- Up-to-date symlink: /home/lee/workspace/ros2_ex/install/px4_msgs/share/px4_msgs/msg/CellularStatus.msg\n'}
[0.522047] (px4_msgs) StdoutLine: {'line': b'-- Up-to-date symlink: /home/lee/workspace/ros2_ex/install/px4_msgs/share/px4_msgs/msg/CollisionConstraints.msg\n'}
[0.522089] (px4_msgs) StdoutLine: {'line': b'-- Up-to-date symlink: /home/lee/workspace/ros2_ex/install/px4_msgs/share/px4_msgs/msg/CollisionReport.msg\n'}
[0.522130] (px4_msgs) StdoutLine: {'line': b'-- Up-to-date symlink: /home/lee/workspace/ros2_ex/install/px4_msgs/share/px4_msgs/msg/ControlAllocatorStatus.msg\n'}
[0.522172] (px4_msgs) StdoutLine: {'line': b'-- Up-to-date symlink: /home/lee/workspace/ros2_ex/install/px4_msgs/share/px4_msgs/msg/Cpuload.msg\n'}
[0.522213] (px4_msgs) StdoutLine: {'line': b'-- Up-to-date symlink: /home/lee/workspace/ros2_ex/install/px4_msgs/share/px4_msgs/msg/DebugArray.msg\n'}
[0.522255] (px4_msgs) StdoutLine: {'line': b'-- Up-to-date symlink: /home/lee/workspace/ros2_ex/install/px4_msgs/share/px4_msgs/msg/DebugKeyValue.msg\n'}
[0.522298] (px4_msgs) StdoutLine: {'line': b'-- Up-to-date symlink: /home/lee/workspace/ros2_ex/install/px4_msgs/share/px4_msgs/msg/DebugValue.msg\n'}
[0.522341] (px4_msgs) StdoutLine: {'line': b'-- Up-to-date symlink: /home/lee/workspace/ros2_ex/install/px4_msgs/share/px4_msgs/msg/DebugVect.msg\n'}
[0.522383] (px4_msgs) StdoutLine: {'line': b'-- Up-to-date symlink: /home/lee/workspace/ros2_ex/install/px4_msgs/share/px4_msgs/msg/DifferentialPressure.msg\n'}
[0.522425] (px4_msgs) StdoutLine: {'line': b'-- Up-to-date symlink: /home/lee/workspace/ros2_ex/install/px4_msgs/share/px4_msgs/msg/DistanceSensor.msg\n'}
[0.522466] (px4_msgs) StdoutLine: {'line': b'-- Up-to-date symlink: /home/lee/workspace/ros2_ex/install/px4_msgs/share/px4_msgs/msg/Ekf2Timestamps.msg\n'}
[0.522507] (px4_msgs) StdoutLine: {'line': b'-- Up-to-date symlink: /home/lee/workspace/ros2_ex/install/px4_msgs/share/px4_msgs/msg/EscReport.msg\n'}
[0.522549] (px4_msgs) StdoutLine: {'line': b'-- Up-to-date symlink: /home/lee/workspace/ros2_ex/install/px4_msgs/share/px4_msgs/msg/EscStatus.msg\n'}
[0.522591] (px4_msgs) StdoutLine: {'line': b'-- Up-to-date symlink: /home/lee/workspace/ros2_ex/install/px4_msgs/share/px4_msgs/msg/EstimatorAidSource1d.msg\n'}
[0.522634] (px4_msgs) StdoutLine: {'line': b'-- Up-to-date symlink: /home/lee/workspace/ros2_ex/install/px4_msgs/share/px4_msgs/msg/EstimatorAidSource2d.msg\n'}
[0.522677] (px4_msgs) StdoutLine: {'line': b'-- Up-to-date symlink: /home/lee/workspace/ros2_ex/install/px4_msgs/share/px4_msgs/msg/EstimatorAidSource3d.msg\n'}
[0.522718] (px4_msgs) StdoutLine: {'line': b'-- Up-to-date symlink: /home/lee/workspace/ros2_ex/install/px4_msgs/share/px4_msgs/msg/EstimatorBias.msg\n'}
[0.522761] (px4_msgs) StdoutLine: {'line': b'-- Up-to-date symlink: /home/lee/workspace/ros2_ex/install/px4_msgs/share/px4_msgs/msg/EstimatorBias3d.msg\n'}
[0.522800] (px4_msgs) StdoutLine: {'line': b'-- Up-to-date symlink: /home/lee/workspace/ros2_ex/install/px4_msgs/share/px4_msgs/msg/EstimatorEventFlags.msg\n'}
[0.522841] (px4_msgs) StdoutLine: {'line': b'-- Up-to-date symlink: /home/lee/workspace/ros2_ex/install/px4_msgs/share/px4_msgs/msg/EstimatorGpsStatus.msg\n'}
[0.522882] (px4_msgs) StdoutLine: {'line': b'-- Up-to-date symlink: /home/lee/workspace/ros2_ex/install/px4_msgs/share/px4_msgs/msg/EstimatorInnovations.msg\n'}
[0.522925] (px4_msgs) StdoutLine: {'line': b'-- Up-to-date symlink: /home/lee/workspace/ros2_ex/install/px4_msgs/share/px4_msgs/msg/EstimatorSelectorStatus.msg\n'}
[0.522967] (px4_msgs) StdoutLine: {'line': b'-- Up-to-date symlink: /home/lee/workspace/ros2_ex/install/px4_msgs/share/px4_msgs/msg/EstimatorSensorBias.msg\n'}
[0.523009] (px4_msgs) StdoutLine: {'line': b'-- Up-to-date symlink: /home/lee/workspace/ros2_ex/install/px4_msgs/share/px4_msgs/msg/EstimatorStates.msg\n'}
[0.523051] (px4_msgs) StdoutLine: {'line': b'-- Up-to-date symlink: /home/lee/workspace/ros2_ex/install/px4_msgs/share/px4_msgs/msg/EstimatorStatus.msg\n'}
[0.523093] (px4_msgs) StdoutLine: {'line': b'-- Up-to-date symlink: /home/lee/workspace/ros2_ex/install/px4_msgs/share/px4_msgs/msg/EstimatorStatusFlags.msg\n'}
[0.523137] (px4_msgs) StdoutLine: {'line': b'-- Up-to-date symlink: /home/lee/workspace/ros2_ex/install/px4_msgs/share/px4_msgs/msg/Event.msg\n'}
[0.523180] (px4_msgs) StdoutLine: {'line': b'-- Up-to-date symlink: /home/lee/workspace/ros2_ex/install/px4_msgs/share/px4_msgs/msg/FailsafeFlags.msg\n'}
[0.523223] (px4_msgs) StdoutLine: {'line': b'-- Up-to-date symlink: /home/lee/workspace/ros2_ex/install/px4_msgs/share/px4_msgs/msg/FailureDetectorStatus.msg\n'}
[0.523266] (px4_msgs) StdoutLine: {'line': b'-- Up-to-date symlink: /home/lee/workspace/ros2_ex/install/px4_msgs/share/px4_msgs/msg/FollowTarget.msg\n'}
[0.523311] (px4_msgs) StdoutLine: {'line': b'-- Up-to-date symlink: /home/lee/workspace/ros2_ex/install/px4_msgs/share/px4_msgs/msg/FollowTargetEstimator.msg\n'}
[0.523354] (px4_msgs) StdoutLine: {'line': b'-- Up-to-date symlink: /home/lee/workspace/ros2_ex/install/px4_msgs/share/px4_msgs/msg/FollowTargetStatus.msg\n'}
[0.523397] (px4_msgs) StdoutLine: {'line': b'-- Up-to-date symlink: /home/lee/workspace/ros2_ex/install/px4_msgs/share/px4_msgs/msg/GeneratorStatus.msg\n'}
[0.523438] (px4_msgs) StdoutLine: {'line': b'-- Up-to-date symlink: /home/lee/workspace/ros2_ex/install/px4_msgs/share/px4_msgs/msg/GeofenceResult.msg\n'}
[0.523480] (px4_msgs) StdoutLine: {'line': b'-- Up-to-date symlink: /home/lee/workspace/ros2_ex/install/px4_msgs/share/px4_msgs/msg/GimbalControls.msg\n'}
[0.523522] (px4_msgs) StdoutLine: {'line': b'-- Up-to-date symlink: /home/lee/workspace/ros2_ex/install/px4_msgs/share/px4_msgs/msg/GimbalDeviceAttitudeStatus.msg\n'}
[0.523566] (px4_msgs) StdoutLine: {'line': b'-- Up-to-date symlink: /home/lee/workspace/ros2_ex/install/px4_msgs/share/px4_msgs/msg/GimbalDeviceInformation.msg\n'}
[0.523608] (px4_msgs) StdoutLine: {'line': b'-- Up-to-date symlink: /home/lee/workspace/ros2_ex/install/px4_msgs/share/px4_msgs/msg/GimbalDeviceSetAttitude.msg\n'}
[0.523650] (px4_msgs) StdoutLine: {'line': b'-- Up-to-date symlink: /home/lee/workspace/ros2_ex/install/px4_msgs/share/px4_msgs/msg/GimbalManagerInformation.msg\n'}
[0.523692] (px4_msgs) StdoutLine: {'line': b'-- Up-to-date symlink: /home/lee/workspace/ros2_ex/install/px4_msgs/share/px4_msgs/msg/GimbalManagerSetAttitude.msg\n'}
[0.523734] (px4_msgs) StdoutLine: {'line': b'-- Up-to-date symlink: /home/lee/workspace/ros2_ex/install/px4_msgs/share/px4_msgs/msg/GimbalManagerSetManualControl.msg\n'}
[0.523779] (px4_msgs) StdoutLine: {'line': b'-- Up-to-date symlink: /home/lee/workspace/ros2_ex/install/px4_msgs/share/px4_msgs/msg/GimbalManagerStatus.msg\n'}
[0.523822] (px4_msgs) StdoutLine: {'line': b'-- Up-to-date symlink: /home/lee/workspace/ros2_ex/install/px4_msgs/share/px4_msgs/msg/GpsDump.msg\n'}
[0.523864] (px4_msgs) StdoutLine: {'line': b'-- Up-to-date symlink: /home/lee/workspace/ros2_ex/install/px4_msgs/share/px4_msgs/msg/GpsInjectData.msg\n'}
[0.523906] (px4_msgs) StdoutLine: {'line': b'-- Up-to-date symlink: /home/lee/workspace/ros2_ex/install/px4_msgs/share/px4_msgs/msg/Gripper.msg\n'}
[0.523948] (px4_msgs) StdoutLine: {'line': b'-- Up-to-date symlink: /home/lee/workspace/ros2_ex/install/px4_msgs/share/px4_msgs/msg/HealthReport.msg\n'}
[0.523990] (px4_msgs) StdoutLine: {'line': b'-- Up-to-date symlink: /home/lee/workspace/ros2_ex/install/px4_msgs/share/px4_msgs/msg/HeaterStatus.msg\n'}
[0.524030] (px4_msgs) StdoutLine: {'line': b'-- Up-to-date symlink: /home/lee/workspace/ros2_ex/install/px4_msgs/share/px4_msgs/msg/HomePosition.msg\n'}
[0.524072] (px4_msgs) StdoutLine: {'line': b'-- Up-to-date symlink: /home/lee/workspace/ros2_ex/install/px4_msgs/share/px4_msgs/msg/HoverThrustEstimate.msg\n'}
[0.524113] (px4_msgs) StdoutLine: {'line': b'-- Up-to-date symlink: /home/lee/workspace/ros2_ex/install/px4_msgs/share/px4_msgs/msg/InputRc.msg\n'}
[0.524157] (px4_msgs) StdoutLine: {'line': b'-- Up-to-date symlink: /home/lee/workspace/ros2_ex/install/px4_msgs/share/px4_msgs/msg/InternalCombustionEngineStatus.msg\n'}
[0.524198] (px4_msgs) StdoutLine: {'line': b'-- Up-to-date symlink: /home/lee/workspace/ros2_ex/install/px4_msgs/share/px4_msgs/msg/IridiumsbdStatus.msg\n'}
[0.524240] (px4_msgs) StdoutLine: {'line': b'-- Up-to-date symlink: /home/lee/workspace/ros2_ex/install/px4_msgs/share/px4_msgs/msg/IrlockReport.msg\n'}
[0.524284] (px4_msgs) StdoutLine: {'line': b'-- Up-to-date symlink: /home/lee/workspace/ros2_ex/install/px4_msgs/share/px4_msgs/msg/LandingGear.msg\n'}
[0.524326] (px4_msgs) StdoutLine: {'line': b'-- Up-to-date symlink: /home/lee/workspace/ros2_ex/install/px4_msgs/share/px4_msgs/msg/LandingGearWheel.msg\n'}
[0.524369] (px4_msgs) StdoutLine: {'line': b'-- Up-to-date symlink: /home/lee/workspace/ros2_ex/install/px4_msgs/share/px4_msgs/msg/LandingTargetInnovations.msg\n'}
[0.524410] (px4_msgs) StdoutLine: {'line': b'-- Up-to-date symlink: /home/lee/workspace/ros2_ex/install/px4_msgs/share/px4_msgs/msg/LandingTargetPose.msg\n'}
[0.524452] (px4_msgs) StdoutLine: {'line': b'-- Up-to-date symlink: /home/lee/workspace/ros2_ex/install/px4_msgs/share/px4_msgs/msg/LaunchDetectionStatus.msg\n'}
[0.524495] (px4_msgs) StdoutLine: {'line': b'-- Up-to-date symlink: /home/lee/workspace/ros2_ex/install/px4_msgs/share/px4_msgs/msg/LedControl.msg\n'}
[0.524537] (px4_msgs) StdoutLine: {'line': b'-- Up-to-date symlink: /home/lee/workspace/ros2_ex/install/px4_msgs/share/px4_msgs/msg/LogMessage.msg\n'}
[0.524578] (px4_msgs) StdoutLine: {'line': b'-- Up-to-date symlink: /home/lee/workspace/ros2_ex/install/px4_msgs/share/px4_msgs/msg/LoggerStatus.msg\n'}
[0.524620] (px4_msgs) StdoutLine: {'line': b'-- Up-to-date symlink: /home/lee/workspace/ros2_ex/install/px4_msgs/share/px4_msgs/msg/MagWorkerData.msg\n'}
[0.524664] (px4_msgs) StdoutLine: {'line': b'-- Up-to-date symlink: /home/lee/workspace/ros2_ex/install/px4_msgs/share/px4_msgs/msg/MagnetometerBiasEstimate.msg\n'}
[0.524706] (px4_msgs) StdoutLine: {'line': b'-- Up-to-date symlink: /home/lee/workspace/ros2_ex/install/px4_msgs/share/px4_msgs/msg/ManualControlSetpoint.msg\n'}
[0.524747] (px4_msgs) StdoutLine: {'line': b'-- Up-to-date symlink: /home/lee/workspace/ros2_ex/install/px4_msgs/share/px4_msgs/msg/ManualControlSwitches.msg\n'}
[0.524789] (px4_msgs) StdoutLine: {'line': b'-- Up-to-date symlink: /home/lee/workspace/ros2_ex/install/px4_msgs/share/px4_msgs/msg/MavlinkLog.msg\n'}
[0.524833] (px4_msgs) StdoutLine: {'line': b'-- Up-to-date symlink: /home/lee/workspace/ros2_ex/install/px4_msgs/share/px4_msgs/msg/MavlinkTunnel.msg\n'}
[0.524874] (px4_msgs) StdoutLine: {'line': b'-- Up-to-date symlink: /home/lee/workspace/ros2_ex/install/px4_msgs/share/px4_msgs/msg/Mission.msg\n'}
[0.524916] (px4_msgs) StdoutLine: {'line': b'-- Up-to-date symlink: /home/lee/workspace/ros2_ex/install/px4_msgs/share/px4_msgs/msg/MissionResult.msg\n'}
[0.524958] (px4_msgs) StdoutLine: {'line': b'-- Up-to-date symlink: /home/lee/workspace/ros2_ex/install/px4_msgs/share/px4_msgs/msg/ModeCompleted.msg\n'}
[0.525001] (px4_msgs) StdoutLine: {'line': b'-- Up-to-date symlink: /home/lee/workspace/ros2_ex/install/px4_msgs/share/px4_msgs/msg/MountOrientation.msg\n'}
[0.525044] (px4_msgs) StdoutLine: {'line': b'-- Up-to-date symlink: /home/lee/workspace/ros2_ex/install/px4_msgs/share/px4_msgs/msg/NavigatorMissionItem.msg\n'}
[0.525089] (px4_msgs) StdoutLine: {'line': b'-- Up-to-date symlink: /home/lee/workspace/ros2_ex/install/px4_msgs/share/px4_msgs/msg/NormalizedUnsignedSetpoint.msg\n'}
[0.525130] (px4_msgs) StdoutLine: {'line': b'-- Up-to-date symlink: /home/lee/workspace/ros2_ex/install/px4_msgs/share/px4_msgs/msg/NpfgStatus.msg\n'}
[0.525172] (px4_msgs) StdoutLine: {'line': b'-- Up-to-date symlink: /home/lee/workspace/ros2_ex/install/px4_msgs/share/px4_msgs/msg/ObstacleDistance.msg\n'}
[0.525215] (px4_msgs) StdoutLine: {'line': b'-- Up-to-date symlink: /home/lee/workspace/ros2_ex/install/px4_msgs/share/px4_msgs/msg/OffboardControlMode.msg\n'}
[0.525256] (px4_msgs) StdoutLine: {'line': b'-- Up-to-date symlink: /home/lee/workspace/ros2_ex/install/px4_msgs/share/px4_msgs/msg/OnboardComputerStatus.msg\n'}
[0.525425] (px4_msgs) StdoutLine: {'line': b'-- Up-to-date symlink: /home/lee/workspace/ros2_ex/install/px4_msgs/share/px4_msgs/msg/OrbTest.msg\n'}
[0.525449] (px4_msgs) StdoutLine: {'line': b'-- Up-to-date symlink: /home/lee/workspace/ros2_ex/install/px4_msgs/share/px4_msgs/msg/OrbTestLarge.msg\n'}
[0.525468] (px4_msgs) StdoutLine: {'line': b'-- Up-to-date symlink: /home/lee/workspace/ros2_ex/install/px4_msgs/share/px4_msgs/msg/OrbTestMedium.msg\n'}
[0.525661] (px4_msgs) StdoutLine: {'line': b'-- Up-to-date symlink: /home/lee/workspace/ros2_ex/install/px4_msgs/share/px4_msgs/msg/OrbitStatus.msg\n'}
[0.525870] (px4_msgs) StdoutLine: {'line': b'-- Up-to-date symlink: /home/lee/workspace/ros2_ex/install/px4_msgs/share/px4_msgs/msg/ParameterUpdate.msg\n'}
[0.525890] (px4_msgs) StdoutLine: {'line': b'-- Up-to-date symlink: /home/lee/workspace/ros2_ex/install/px4_msgs/share/px4_msgs/msg/Ping.msg\n'}
[0.525908] (px4_msgs) StdoutLine: {'line': b'-- Up-to-date symlink: /home/lee/workspace/ros2_ex/install/px4_msgs/share/px4_msgs/msg/PositionControllerLandingStatus.msg\n'}
[0.525926] (px4_msgs) StdoutLine: {'line': b'-- Up-to-date symlink: /home/lee/workspace/ros2_ex/install/px4_msgs/share/px4_msgs/msg/PositionControllerStatus.msg\n'}
[0.525944] (px4_msgs) StdoutLine: {'line': b'-- Up-to-date symlink: /home/lee/workspace/ros2_ex/install/px4_msgs/share/px4_msgs/msg/PositionSetpoint.msg\n'}
[0.526129] (px4_msgs) StdoutLine: {'line': b'-- Up-to-date symlink: /home/lee/workspace/ros2_ex/install/px4_msgs/share/px4_msgs/msg/PositionSetpointTriplet.msg\n'}
[0.526150] (px4_msgs) StdoutLine: {'line': b'-- Up-to-date symlink: /home/lee/workspace/ros2_ex/install/px4_msgs/share/px4_msgs/msg/PowerButtonState.msg\n'}
[0.526170] (px4_msgs) StdoutLine: {'line': b'-- Up-to-date symlink: /home/lee/workspace/ros2_ex/install/px4_msgs/share/px4_msgs/msg/PowerMonitor.msg\n'}
[0.526189] (px4_msgs) StdoutLine: {'line': b'-- Up-to-date symlink: /home/lee/workspace/ros2_ex/install/px4_msgs/share/px4_msgs/msg/PpsCapture.msg\n'}
[0.526209] (px4_msgs) StdoutLine: {'line': b'-- Up-to-date symlink: /home/lee/workspace/ros2_ex/install/px4_msgs/share/px4_msgs/msg/PwmInput.msg\n'}
[0.526248] (px4_msgs) StdoutLine: {'line': b'-- Up-to-date symlink: /home/lee/workspace/ros2_ex/install/px4_msgs/share/px4_msgs/msg/Px4ioStatus.msg\n'}
[0.526266] (px4_msgs) StdoutLine: {'line': b'-- Up-to-date symlink: /home/lee/workspace/ros2_ex/install/px4_msgs/share/px4_msgs/msg/QshellReq.msg\n'}
[0.526297] (px4_msgs) StdoutLine: {'line': b'-- Up-to-date symlink: /home/lee/workspace/ros2_ex/install/px4_msgs/share/px4_msgs/msg/QshellRetval.msg\n'}
[0.526316] (px4_msgs) StdoutLine: {'line': b'-- Up-to-date symlink: /home/lee/workspace/ros2_ex/install/px4_msgs/share/px4_msgs/msg/RadioStatus.msg\n'}
[0.526336] (px4_msgs) StdoutLine: {'line': b'-- Up-to-date symlink: /home/lee/workspace/ros2_ex/install/px4_msgs/share/px4_msgs/msg/RateCtrlStatus.msg\n'}
[0.526355] (px4_msgs) StdoutLine: {'line': b'-- Up-to-date symlink: /home/lee/workspace/ros2_ex/install/px4_msgs/share/px4_msgs/msg/RcChannels.msg\n'}
[0.526376] (px4_msgs) StdoutLine: {'line': b'-- Up-to-date symlink: /home/lee/workspace/ros2_ex/install/px4_msgs/share/px4_msgs/msg/RcParameterMap.msg\n'}
[0.526396] (px4_msgs) StdoutLine: {'line': b'-- Up-to-date symlink: /home/lee/workspace/ros2_ex/install/px4_msgs/share/px4_msgs/msg/Rpm.msg\n'}
[0.526415] (px4_msgs) StdoutLine: {'line': b'-- Up-to-date symlink: /home/lee/workspace/ros2_ex/install/px4_msgs/share/px4_msgs/msg/RtlTimeEstimate.msg\n'}
[0.526434] (px4_msgs) StdoutLine: {'line': b'-- Up-to-date symlink: /home/lee/workspace/ros2_ex/install/px4_msgs/share/px4_msgs/msg/SatelliteInfo.msg\n'}
[0.526462] (px4_msgs) StdoutLine: {'line': b'-- Up-to-date symlink: /home/lee/workspace/ros2_ex/install/px4_msgs/share/px4_msgs/msg/SensorAccel.msg\n'}
[0.526497] (px4_msgs) StdoutLine: {'line': b'-- Up-to-date symlink: /home/lee/workspace/ros2_ex/install/px4_msgs/share/px4_msgs/msg/SensorAccelFifo.msg\n'}
[0.526517] (px4_msgs) StdoutLine: {'line': b'-- Up-to-date symlink: /home/lee/workspace/ros2_ex/install/px4_msgs/share/px4_msgs/msg/SensorBaro.msg\n'}
[0.526537] (px4_msgs) StdoutLine: {'line': b'-- Up-to-date symlink: /home/lee/workspace/ros2_ex/install/px4_msgs/share/px4_msgs/msg/SensorCombined.msg\n'}
[0.526556] (px4_msgs) StdoutLine: {'line': b'-- Up-to-date symlink: /home/lee/workspace/ros2_ex/install/px4_msgs/share/px4_msgs/msg/SensorCorrection.msg\n'}
[0.526589] (px4_msgs) StdoutLine: {'line': b'-- Up-to-date symlink: /home/lee/workspace/ros2_ex/install/px4_msgs/share/px4_msgs/msg/SensorGnssRelative.msg\n'}
[0.526609] (px4_msgs) StdoutLine: {'line': b'-- Up-to-date symlink: /home/lee/workspace/ros2_ex/install/px4_msgs/share/px4_msgs/msg/SensorGps.msg\n'}
[0.526643] (px4_msgs) StdoutLine: {'line': b'-- Up-to-date symlink: /home/lee/workspace/ros2_ex/install/px4_msgs/share/px4_msgs/msg/SensorGyro.msg\n'}
[0.526766] (px4_msgs) StdoutLine: {'line': b'-- Up-to-date symlink: /home/lee/workspace/ros2_ex/install/px4_msgs/share/px4_msgs/msg/SensorGyroFft.msg\n'}
[0.526786] (px4_msgs) StdoutLine: {'line': b'-- Up-to-date symlink: /home/lee/workspace/ros2_ex/install/px4_msgs/share/px4_msgs/msg/SensorGyroFifo.msg\n'}
[0.526804] (px4_msgs) StdoutLine: {'line': b'-- Up-to-date symlink: /home/lee/workspace/ros2_ex/install/px4_msgs/share/px4_msgs/msg/SensorHygrometer.msg\n'}
[0.526996] (px4_msgs) StdoutLine: {'line': b'-- Up-to-date symlink: /home/lee/workspace/ros2_ex/install/px4_msgs/share/px4_msgs/msg/SensorMag.msg\n'}
[0.527018] (px4_msgs) StdoutLine: {'line': b'-- Up-to-date symlink: /home/lee/workspace/ros2_ex/install/px4_msgs/share/px4_msgs/msg/SensorOpticalFlow.msg\n'}
[0.527039] (px4_msgs) StdoutLine: {'line': b'-- Up-to-date symlink: /home/lee/workspace/ros2_ex/install/px4_msgs/share/px4_msgs/msg/SensorPreflightMag.msg\n'}
[0.527058] (px4_msgs) StdoutLine: {'line': b'-- Up-to-date symlink: /home/lee/workspace/ros2_ex/install/px4_msgs/share/px4_msgs/msg/SensorSelection.msg\n'}
[0.527078] (px4_msgs) StdoutLine: {'line': b'-- Up-to-date symlink: /home/lee/workspace/ros2_ex/install/px4_msgs/share/px4_msgs/msg/SensorUwb.msg\n'}
[0.527113] (px4_msgs) StdoutLine: {'line': b'-- Up-to-date symlink: /home/lee/workspace/ros2_ex/install/px4_msgs/share/px4_msgs/msg/SensorsStatus.msg\n'}
[0.527147] (px4_msgs) StdoutLine: {'line': b'-- Up-to-date symlink: /home/lee/workspace/ros2_ex/install/px4_msgs/share/px4_msgs/msg/SensorsStatusImu.msg\n'}
[0.527165] (px4_msgs) StdoutLine: {'line': b'-- Up-to-date symlink: /home/lee/workspace/ros2_ex/install/px4_msgs/share/px4_msgs/msg/SystemPower.msg\n'}
[0.527183] (px4_msgs) StdoutLine: {'line': b'-- Up-to-date symlink: /home/lee/workspace/ros2_ex/install/px4_msgs/share/px4_msgs/msg/TakeoffStatus.msg\n'}
[0.527233] (px4_msgs) StdoutLine: {'line': b'-- Up-to-date symlink: /home/lee/workspace/ros2_ex/install/px4_msgs/share/px4_msgs/msg/TaskStackInfo.msg\n'}
[0.527254] (px4_msgs) StdoutLine: {'line': b'-- Up-to-date symlink: /home/lee/workspace/ros2_ex/install/px4_msgs/share/px4_msgs/msg/TecsStatus.msg\n'}
[0.527303] (px4_msgs) StdoutLine: {'line': b'-- Up-to-date symlink: /home/lee/workspace/ros2_ex/install/px4_msgs/share/px4_msgs/msg/TelemetryStatus.msg\n'}
[0.527354] (px4_msgs) StdoutLine: {'line': b'-- Up-to-date symlink: /home/lee/workspace/ros2_ex/install/px4_msgs/share/px4_msgs/msg/TiltrotorExtraControls.msg\n'}
[0.527378] (px4_msgs) StdoutLine: {'line': b'-- Up-to-date symlink: /home/lee/workspace/ros2_ex/install/px4_msgs/share/px4_msgs/msg/TimesyncStatus.msg\n'}
[0.527415] (px4_msgs) StdoutLine: {'line': b'-- Up-to-date symlink: /home/lee/workspace/ros2_ex/install/px4_msgs/share/px4_msgs/msg/TrajectoryBezier.msg\n'}
[0.527437] (px4_msgs) StdoutLine: {'line': b'-- Up-to-date symlink: /home/lee/workspace/ros2_ex/install/px4_msgs/share/px4_msgs/msg/TrajectorySetpoint.msg\n'}
[0.527466] (px4_msgs) StdoutLine: {'line': b'-- Up-to-date symlink: /home/lee/workspace/ros2_ex/install/px4_msgs/share/px4_msgs/msg/TrajectoryWaypoint.msg\n'}
[0.527495] (px4_msgs) StdoutLine: {'line': b'-- Up-to-date symlink: /home/lee/workspace/ros2_ex/install/px4_msgs/share/px4_msgs/msg/TransponderReport.msg\n'}
[0.527530] (px4_msgs) StdoutLine: {'line': b'-- Up-to-date symlink: /home/lee/workspace/ros2_ex/install/px4_msgs/share/px4_msgs/msg/TuneControl.msg\n'}
[0.527573] (px4_msgs) StdoutLine: {'line': b'-- Up-to-date symlink: /home/lee/workspace/ros2_ex/install/px4_msgs/share/px4_msgs/msg/UavcanParameterRequest.msg\n'}
[0.527615] (px4_msgs) StdoutLine: {'line': b'-- Up-to-date symlink: /home/lee/workspace/ros2_ex/install/px4_msgs/share/px4_msgs/msg/UavcanParameterValue.msg\n'}
[0.527657] (px4_msgs) StdoutLine: {'line': b'-- Up-to-date symlink: /home/lee/workspace/ros2_ex/install/px4_msgs/share/px4_msgs/msg/UlogStream.msg\n'}
[0.527699] (px4_msgs) StdoutLine: {'line': b'-- Up-to-date symlink: /home/lee/workspace/ros2_ex/install/px4_msgs/share/px4_msgs/msg/UlogStreamAck.msg\n'}
[0.527741] (px4_msgs) StdoutLine: {'line': b'-- Up-to-date symlink: /home/lee/workspace/ros2_ex/install/px4_msgs/share/px4_msgs/msg/VehicleAcceleration.msg\n'}
[0.527783] (px4_msgs) StdoutLine: {'line': b'-- Up-to-date symlink: /home/lee/workspace/ros2_ex/install/px4_msgs/share/px4_msgs/msg/VehicleAirData.msg\n'}
[0.527827] (px4_msgs) StdoutLine: {'line': b'-- Up-to-date symlink: /home/lee/workspace/ros2_ex/install/px4_msgs/share/px4_msgs/msg/VehicleAngularAccelerationSetpoint.msg\n'}
[0.527871] (px4_msgs) StdoutLine: {'line': b'-- Up-to-date symlink: /home/lee/workspace/ros2_ex/install/px4_msgs/share/px4_msgs/msg/VehicleAngularVelocity.msg\n'}
[0.527913] (px4_msgs) StdoutLine: {'line': b'-- Up-to-date symlink: /home/lee/workspace/ros2_ex/install/px4_msgs/share/px4_msgs/msg/VehicleAttitude.msg\n'}
[0.527956] (px4_msgs) StdoutLine: {'line': b'-- Up-to-date symlink: /home/lee/workspace/ros2_ex/install/px4_msgs/share/px4_msgs/msg/VehicleAttitudeSetpoint.msg\n'}
[0.527998] (px4_msgs) StdoutLine: {'line': b'-- Up-to-date symlink: /home/lee/workspace/ros2_ex/install/px4_msgs/share/px4_msgs/msg/VehicleCommand.msg\n'}
[0.528042] (px4_msgs) StdoutLine: {'line': b'-- Up-to-date symlink: /home/lee/workspace/ros2_ex/install/px4_msgs/share/px4_msgs/msg/VehicleCommandAck.msg\n'}
[0.528083] (px4_msgs) StdoutLine: {'line': b'-- Up-to-date symlink: /home/lee/workspace/ros2_ex/install/px4_msgs/share/px4_msgs/msg/VehicleConstraints.msg\n'}
[0.528123] (px4_msgs) StdoutLine: {'line': b'-- Up-to-date symlink: /home/lee/workspace/ros2_ex/install/px4_msgs/share/px4_msgs/msg/VehicleControlMode.msg\n'}
[0.528165] (px4_msgs) StdoutLine: {'line': b'-- Up-to-date symlink: /home/lee/workspace/ros2_ex/install/px4_msgs/share/px4_msgs/msg/VehicleGlobalPosition.msg\n'}
[0.528208] (px4_msgs) StdoutLine: {'line': b'-- Up-to-date symlink: /home/lee/workspace/ros2_ex/install/px4_msgs/share/px4_msgs/msg/VehicleImu.msg\n'}
[0.528252] (px4_msgs) StdoutLine: {'line': b'-- Up-to-date symlink: /home/lee/workspace/ros2_ex/install/px4_msgs/share/px4_msgs/msg/VehicleImuStatus.msg\n'}
[0.528296] (px4_msgs) StdoutLine: {'line': b'-- Up-to-date symlink: /home/lee/workspace/ros2_ex/install/px4_msgs/share/px4_msgs/msg/VehicleLandDetected.msg\n'}
[0.528338] (px4_msgs) StdoutLine: {'line': b'-- Up-to-date symlink: /home/lee/workspace/ros2_ex/install/px4_msgs/share/px4_msgs/msg/VehicleLocalPosition.msg\n'}
[0.528381] (px4_msgs) StdoutLine: {'line': b'-- Up-to-date symlink: /home/lee/workspace/ros2_ex/install/px4_msgs/share/px4_msgs/msg/VehicleLocalPositionSetpoint.msg\n'}
[0.528424] (px4_msgs) StdoutLine: {'line': b'-- Up-to-date symlink: /home/lee/workspace/ros2_ex/install/px4_msgs/share/px4_msgs/msg/VehicleMagnetometer.msg\n'}
[0.528466] (px4_msgs) StdoutLine: {'line': b'-- Up-to-date symlink: /home/lee/workspace/ros2_ex/install/px4_msgs/share/px4_msgs/msg/VehicleOdometry.msg\n'}
[0.528518] (px4_msgs) StdoutLine: {'line': b'-- Up-to-date symlink: /home/lee/workspace/ros2_ex/install/px4_msgs/share/px4_msgs/msg/VehicleOpticalFlow.msg\n'}
[0.528558] (px4_msgs) StdoutLine: {'line': b'-- Up-to-date symlink: /home/lee/workspace/ros2_ex/install/px4_msgs/share/px4_msgs/msg/VehicleOpticalFlowVel.msg\n'}
[0.528604] (px4_msgs) StdoutLine: {'line': b'-- Up-to-date symlink: /home/lee/workspace/ros2_ex/install/px4_msgs/share/px4_msgs/msg/VehicleRatesSetpoint.msg\n'}
[0.528653] (px4_msgs) StdoutLine: {'line': b'-- Up-to-date symlink: /home/lee/workspace/ros2_ex/install/px4_msgs/share/px4_msgs/msg/VehicleRoi.msg\n'}
[0.528698] (px4_msgs) StdoutLine: {'line': b'-- Up-to-date symlink: /home/lee/workspace/ros2_ex/install/px4_msgs/share/px4_msgs/msg/VehicleStatus.msg\n'}
[0.528741] (px4_msgs) StdoutLine: {'line': b'-- Up-to-date symlink: /home/lee/workspace/ros2_ex/install/px4_msgs/share/px4_msgs/msg/VehicleThrustSetpoint.msg\n'}
[0.528777] (px4_msgs) StdoutLine: {'line': b'-- Up-to-date symlink: /home/lee/workspace/ros2_ex/install/px4_msgs/share/px4_msgs/msg/VehicleTorqueSetpoint.msg\n'}
[0.528812] (px4_msgs) StdoutLine: {'line': b'-- Up-to-date symlink: /home/lee/workspace/ros2_ex/install/px4_msgs/share/px4_msgs/msg/VehicleTrajectoryBezier.msg\n'}
[0.528853] (px4_msgs) StdoutLine: {'line': b'-- Up-to-date symlink: /home/lee/workspace/ros2_ex/install/px4_msgs/share/px4_msgs/msg/VehicleTrajectoryWaypoint.msg\n'}
[0.528895] (px4_msgs) StdoutLine: {'line': b'-- Up-to-date symlink: /home/lee/workspace/ros2_ex/install/px4_msgs/share/px4_msgs/msg/VtolVehicleStatus.msg\n'}
[0.528939] (px4_msgs) StdoutLine: {'line': b'-- Up-to-date symlink: /home/lee/workspace/ros2_ex/install/px4_msgs/share/px4_msgs/msg/Wind.msg\n'}
[0.528983] (px4_msgs) StdoutLine: {'line': b'-- Up-to-date symlink: /home/lee/workspace/ros2_ex/install/px4_msgs/share/px4_msgs/msg/YawEstimatorStatus.msg\n'}
[0.529044] (px4_msgs) StdoutLine: {'line': b'-- Up-to-date symlink: /home/lee/workspace/ros2_ex/install/px4_msgs/share/ament_index/resource_index/package_run_dependencies/px4_msgs\n'}
[0.529101] (px4_msgs) StdoutLine: {'line': b'-- Up-to-date symlink: /home/lee/workspace/ros2_ex/install/px4_msgs/share/ament_index/resource_index/parent_prefix_path/px4_msgs\n'}
[0.529137] (px4_msgs) StdoutLine: {'line': b'-- Up-to-date symlink: /home/lee/workspace/ros2_ex/install/px4_msgs/share/px4_msgs/environment/ament_prefix_path.sh\n'}
[0.529181] (px4_msgs) StdoutLine: {'line': b'-- Up-to-date symlink: /home/lee/workspace/ros2_ex/install/px4_msgs/share/px4_msgs/environment/ament_prefix_path.dsv\n'}
[0.529227] (px4_msgs) StdoutLine: {'line': b'-- Up-to-date symlink: /home/lee/workspace/ros2_ex/install/px4_msgs/share/px4_msgs/environment/path.sh\n'}
[0.529270] (px4_msgs) StdoutLine: {'line': b'-- Up-to-date symlink: /home/lee/workspace/ros2_ex/install/px4_msgs/share/px4_msgs/environment/path.dsv\n'}
[0.529320] (px4_msgs) StdoutLine: {'line': b'-- Up-to-date symlink: /home/lee/workspace/ros2_ex/install/px4_msgs/share/px4_msgs/local_setup.bash\n'}
[0.529360] (px4_msgs) StdoutLine: {'line': b'-- Up-to-date symlink: /home/lee/workspace/ros2_ex/install/px4_msgs/share/px4_msgs/local_setup.sh\n'}
[0.529406] (px4_msgs) StdoutLine: {'line': b'-- Up-to-date symlink: /home/lee/workspace/ros2_ex/install/px4_msgs/share/px4_msgs/local_setup.zsh\n'}
[0.529449] (px4_msgs) StdoutLine: {'line': b'-- Up-to-date symlink: /home/lee/workspace/ros2_ex/install/px4_msgs/share/px4_msgs/local_setup.dsv\n'}
[0.529482] (px4_msgs) StdoutLine: {'line': b'-- Symlinking: /home/lee/workspace/ros2_ex/install/px4_msgs/share/px4_msgs/package.dsv\n'}
[0.534075] (px4_msgs) StdoutLine: {'line': b'-- Up-to-date symlink: /home/lee/workspace/ros2_ex/install/px4_msgs/share/ament_index/resource_index/packages/px4_msgs\n'}
[0.534158] (px4_msgs) StdoutLine: {'line': b'-- Up-to-date symlink: /home/lee/workspace/ros2_ex/install/px4_msgs/share/px4_msgs/cmake/rosidl_cmake-extras.cmake\n'}
[0.534183] (px4_msgs) StdoutLine: {'line': b'-- Up-to-date symlink: /home/lee/workspace/ros2_ex/install/px4_msgs/share/px4_msgs/cmake/ament_cmake_export_dependencies-extras.cmake\n'}
[0.534205] (px4_msgs) StdoutLine: {'line': b'-- Up-to-date symlink: /home/lee/workspace/ros2_ex/install/px4_msgs/share/px4_msgs/cmake/ament_cmake_export_include_directories-extras.cmake\n'}
[0.534253] (px4_msgs) StdoutLine: {'line': b'-- Up-to-date symlink: /home/lee/workspace/ros2_ex/install/px4_msgs/share/px4_msgs/cmake/ament_cmake_export_libraries-extras.cmake\n'}
[0.534273] (px4_msgs) StdoutLine: {'line': b'-- Up-to-date symlink: /home/lee/workspace/ros2_ex/install/px4_msgs/share/px4_msgs/cmake/ament_cmake_export_targets-extras.cmake\n'}
[0.534308] (px4_msgs) StdoutLine: {'line': b'-- Up-to-date symlink: /home/lee/workspace/ros2_ex/install/px4_msgs/share/px4_msgs/cmake/rosidl_cmake_export_typesupport_targets-extras.cmake\n'}
[0.534328] (px4_msgs) StdoutLine: {'line': b'-- Up-to-date symlink: /home/lee/workspace/ros2_ex/install/px4_msgs/share/px4_msgs/cmake/rosidl_cmake_export_typesupport_libraries-extras.cmake\n'}
[0.534360] (px4_msgs) StdoutLine: {'line': b'-- Up-to-date symlink: /home/lee/workspace/ros2_ex/install/px4_msgs/share/px4_msgs/cmake/px4_msgsConfig.cmake\n'}
[0.534392] (px4_msgs) StdoutLine: {'line': b'-- Up-to-date symlink: /home/lee/workspace/ros2_ex/install/px4_msgs/share/px4_msgs/cmake/px4_msgsConfig-version.cmake\n'}
[0.534433] (px4_msgs) StdoutLine: {'line': b'-- Up-to-date symlink: /home/lee/workspace/ros2_ex/install/px4_msgs/share/px4_msgs/package.xml\n'}
[0.534603] (px4_msgs) StdoutLine: {'line': b'-- Up-to-date: /home/lee/workspace/ros2_ex/install/px4_msgs/lib/libpx4_msgs__rosidl_generator_c.so\n'}
[0.534700] (px4_msgs) StdoutLine: {'line': b'-- Up-to-date: /home/lee/workspace/ros2_ex/install/px4_msgs/lib/libpx4_msgs__rosidl_typesupport_fastrtps_c.so\n'}
[0.534794] (px4_msgs) StdoutLine: {'line': b'-- Up-to-date: /home/lee/workspace/ros2_ex/install/px4_msgs/lib/libpx4_msgs__rosidl_typesupport_fastrtps_cpp.so\n'}
[0.534878] (px4_msgs) StdoutLine: {'line': b'-- Up-to-date: /home/lee/workspace/ros2_ex/install/px4_msgs/lib/libpx4_msgs__rosidl_typesupport_introspection_c.so\n'}
[0.534962] (px4_msgs) StdoutLine: {'line': b'-- Up-to-date: /home/lee/workspace/ros2_ex/install/px4_msgs/lib/libpx4_msgs__rosidl_typesupport_c.so\n'}
[0.535043] (px4_msgs) StdoutLine: {'line': b'-- Up-to-date: /home/lee/workspace/ros2_ex/install/px4_msgs/lib/libpx4_msgs__rosidl_typesupport_introspection_cpp.so\n'}
[0.535125] (px4_msgs) StdoutLine: {'line': b'-- Up-to-date: /home/lee/workspace/ros2_ex/install/px4_msgs/lib/libpx4_msgs__rosidl_typesupport_cpp.so\n'}
[0.554484] (px4_msgs) StdoutLine: {'line': b"Listing '/home/lee/workspace/ros2_ex/install/px4_msgs/local/lib/python3.10/dist-packages/px4_msgs'...\n"}
[0.554577] (px4_msgs) StdoutLine: {'line': b"Listing '/home/lee/workspace/ros2_ex/install/px4_msgs/local/lib/python3.10/dist-packages/px4_msgs/msg'...\n"}
[0.554602] (px4_msgs) StdoutLine: {'line': b"Listing '/home/lee/workspace/ros2_ex/install/px4_msgs/local/lib/python3.10/dist-packages/px4_msgs/srv'...\n"}
[0.556714] (px4_msgs) StdoutLine: {'line': b'-- Up-to-date: /home/lee/workspace/ros2_ex/install/px4_msgs/lib/libpx4_msgs__rosidl_generator_py.so\n'}
[0.556797] (px4_msgs) StdoutLine: {'line': b'-- Up-to-date: /home/lee/workspace/ros2_ex/install/px4_msgs/share/px4_msgs/cmake/export_px4_msgs__rosidl_generator_cExport.cmake\n'}
[0.556843] (px4_msgs) StdoutLine: {'line': b'-- Up-to-date: /home/lee/workspace/ros2_ex/install/px4_msgs/share/px4_msgs/cmake/export_px4_msgs__rosidl_generator_cExport-relwithdebinfo.cmake\n'}
[0.556873] (px4_msgs) StdoutLine: {'line': b'-- Up-to-date: /home/lee/workspace/ros2_ex/install/px4_msgs/share/px4_msgs/cmake/export_px4_msgs__rosidl_typesupport_fastrtps_cExport.cmake\n'}
[0.556894] (px4_msgs) StdoutLine: {'line': b'-- Up-to-date: /home/lee/workspace/ros2_ex/install/px4_msgs/share/px4_msgs/cmake/export_px4_msgs__rosidl_typesupport_fastrtps_cExport-relwithdebinfo.cmake\n'}
[0.556937] (px4_msgs) StdoutLine: {'line': b'-- Up-to-date: /home/lee/workspace/ros2_ex/install/px4_msgs/share/px4_msgs/cmake/export_px4_msgs__rosidl_generator_cppExport.cmake\n'}
[0.556959] (px4_msgs) StdoutLine: {'line': b'-- Up-to-date: /home/lee/workspace/ros2_ex/install/px4_msgs/share/px4_msgs/cmake/export_px4_msgs__rosidl_typesupport_fastrtps_cppExport.cmake\n'}
[0.556980] (px4_msgs) StdoutLine: {'line': b'-- Up-to-date: /home/lee/workspace/ros2_ex/install/px4_msgs/share/px4_msgs/cmake/export_px4_msgs__rosidl_typesupport_fastrtps_cppExport-relwithdebinfo.cmake\n'}
[0.557014] (px4_msgs) StdoutLine: {'line': b'-- Up-to-date: /home/lee/workspace/ros2_ex/install/px4_msgs/share/px4_msgs/cmake/px4_msgs__rosidl_typesupport_introspection_cExport.cmake\n'}
[0.557052] (px4_msgs) StdoutLine: {'line': b'-- Up-to-date: /home/lee/workspace/ros2_ex/install/px4_msgs/share/px4_msgs/cmake/px4_msgs__rosidl_typesupport_introspection_cExport-relwithdebinfo.cmake\n'}
[0.557074] (px4_msgs) StdoutLine: {'line': b'-- Up-to-date: /home/lee/workspace/ros2_ex/install/px4_msgs/share/px4_msgs/cmake/px4_msgs__rosidl_typesupport_cExport.cmake\n'}
[0.557095] (px4_msgs) StdoutLine: {'line': b'-- Up-to-date: /home/lee/workspace/ros2_ex/install/px4_msgs/share/px4_msgs/cmake/px4_msgs__rosidl_typesupport_cExport-relwithdebinfo.cmake\n'}
[0.557138] (px4_msgs) StdoutLine: {'line': b'-- Up-to-date: /home/lee/workspace/ros2_ex/install/px4_msgs/share/px4_msgs/cmake/px4_msgs__rosidl_typesupport_introspection_cppExport.cmake\n'}
[0.557159] (px4_msgs) StdoutLine: {'line': b'-- Up-to-date: /home/lee/workspace/ros2_ex/install/px4_msgs/share/px4_msgs/cmake/px4_msgs__rosidl_typesupport_introspection_cppExport-relwithdebinfo.cmake\n'}
[0.557198] (px4_msgs) StdoutLine: {'line': b'-- Up-to-date: /home/lee/workspace/ros2_ex/install/px4_msgs/share/px4_msgs/cmake/px4_msgs__rosidl_typesupport_cppExport.cmake\n'}
[0.557220] (px4_msgs) StdoutLine: {'line': b'-- Up-to-date: /home/lee/workspace/ros2_ex/install/px4_msgs/share/px4_msgs/cmake/px4_msgs__rosidl_typesupport_cppExport-relwithdebinfo.cmake\n'}
[0.557238] (px4_msgs) StdoutLine: {'line': b'-- Up-to-date: /home/lee/workspace/ros2_ex/install/px4_msgs/share/px4_msgs/cmake/export_px4_msgs__rosidl_generator_pyExport.cmake\n'}
[0.557256] (px4_msgs) StdoutLine: {'line': b'-- Up-to-date: /home/lee/workspace/ros2_ex/install/px4_msgs/share/px4_msgs/cmake/export_px4_msgs__rosidl_generator_pyExport-relwithdebinfo.cmake\n'}
[0.558423] (px4_msgs) CommandEnded: {'returncode': 0}
[0.570788] (px4_msgs) JobEnded: {'identifier': 'px4_msgs', 'rc': 0}
[0.735600] (-) TimerEvent: {}
[0.735674] (MAV) JobStarted: {'identifier': 'MAV'}
[0.735711] (ground) JobStarted: {'identifier': 'ground'}
[0.735740] (MAV) JobProgress: {'identifier': 'MAV', 'progress': 'cmake'}
[0.735761] (MAV) JobProgress: {'identifier': 'MAV', 'progress': 'build'}
[0.735777] (MAV) Command: {'cmd': ['/usr/bin/cmake', '--build', '/home/lee/workspace/ros2_ex/build/MAV', '--', '-j32', '-l32'], 'cwd': '/home/lee/workspace/ros2_ex/build/MAV', 'env': OrderedDict([('GJS_DEBUG_TOPICS', 'JS ERROR;JS LOG'), ('GZ_SIM_SYSTEM_PLUGIN_PATH', ':/home/lee/gazebo_maritime_ws/install/lib:/home/lee/workspace/gz_sim_modle/gazebo_joint_plugin/build:/home/lee/PX4-Autopilot/Tools/sitl_gazebo/build/px4_sitl_default/build_gz'), ('VSCODE_CWD', '/home/lee'), ('VSCODE_ESM_ENTRYPOINT', 'vs/workbench/api/node/extensionHostProcess'), ('LC_TIME', 'lzh_TW'), ('USER', 'lee'), ('GZ_SIM_RESOURCE_PATH', ':/home/lee/PX4-Autopilot/Tools/sitl_gazebo/models:/home/lee/workspace/gz_sim_modle:/usr/share/gz/gz-sim8/worlds:/home/lee/PX4-Autopilot/Tools/simulation/gz/worlds:/home/lee/PX4-Autopilot/Tools/sitl_gazebo/models:/home/lee/PX4-Autopilot/Tools/simulation/gz/models'), ('VSCODE_NLS_CONFIG', '{"userLocale":"en-us","osLocale":"en-us","resolvedLanguage":"en","defaultMessagesFile":"/usr/share/code/resources/app/out/nls.messages.json","locale":"en-us","availableLanguages":{}}'), ('VSCODE_HANDLES_UNCAUGHT_ERRORS', 'true'), ('XDG_SESSION_TYPE', 'x11'), ('GIT_ASKPASS', '/usr/share/code/resources/app/extensions/git/dist/askpass.sh'), ('SHLVL', '0'), ('LD_LIBRARY_PATH', '/home/lee/workspace/ros2_ex/install/px4_msgs/lib:/opt/ros/humble/opt/rviz_ogre_vendor/lib:/opt/ros/humble/lib/x86_64-linux-gnu:/opt/ros/humble/lib:/home/lee/gazebo_maritime_ws/install/lib'), ('HOME', '/home/lee'), ('CHROME_DESKTOP', 'code.desktop'), ('OLDPWD', '/home/lee/workspace/ros2_ex'), ('LESS', '-R'), ('DESKTOP_SESSION', 'ubuntu'), ('TERM_PROGRAM_VERSION', '1.100.2'), ('GIO_LAUNCHED_DESKTOP_FILE', '/usr/share/applications/code.desktop'), ('ZSH', '/home/lee/.oh-my-zsh'), ('LSCOLORS', 'Gxfxcxdxbxegedabagacad'), ('VSCODE_IPC_HOOK', '/run/user/1000/vscode-fab3baac-1.10-main.sock'), ('GTK_MODULES', 'gail:atk-bridge'), ('GNOME_SHELL_SESSION_MODE', 'ubuntu'), ('PAGER', 'less'), ('ROS_PYTHON_VERSION', '3'), ('APPLICATION_INSIGHTS_NO_DIAGNOSTIC_CHANNEL', '1'), ('VSCODE_GIT_ASKPASS_MAIN', '/usr/share/code/resources/app/extensions/git/dist/askpass-main.js'), ('LC_MONETARY', 'lzh_TW'), ('MANAGERPID', '1879'), ('VSCODE_GIT_ASKPASS_NODE', '/usr/share/code/code'), ('SYSTEMD_EXEC_PID', '2136'), ('DBUS_SESSION_BUS_ADDRESS', 'unix:path=/run/user/1000/bus'), ('GIO_LAUNCHED_DESKTOP_FILE_PID', '6966'), ('COLORTERM', 'truecolor'), ('_colcon_cd_root', '/opt/ros/humble/'), ('VSCODE_CRASH_REPORTER_PROCESS_TYPE', 'extensionHost'), ('ROS_DISTRO', 'humble'), ('COLCON_PREFIX_PATH', '/home/lee/workspace/ros2_ex/install:/home/lee/workspace/vrpn/vrpn_optitrack/install'), ('VSCODE_L10N_BUNDLE_LOCATION', ''), ('APPLICATION_INSIGHTS_NO_STATSBEAT', 'true'), ('LOGNAME', 'lee'), ('GTK_IM_MODULE', 'ibus'), ('JOURNAL_STREAM', '8:12659'), ('_P9K_SSH_TTY', ''), ('_', '/usr/bin/colcon'), ('XDG_SESSION_CLASS', 'user'), ('ROS_VERSION', '2'), ('USERNAME', 'lee'), ('GAZEBO_MODEL_PATH', '/home/lee/PX4-Autopilot/Tools/simulation/gz/models'), ('TERM', 'xterm-256color'), ('GNOME_DESKTOP_SESSION_ID', 'this-is-deprecated'), ('ROS_LOCALHOST_ONLY', '0'), ('WINDOWPATH', '2'), ('PATH', '/home/lee/.local/bin:/opt/ros/humble/bin:/usr/local/MATLAB/R2020a/bin/:/home/lee/.local/bin:/usr/local/sbin:/usr/local/bin:/usr/sbin:/usr/bin:/sbin:/bin:/usr/games:/usr/local/games:/snap/bin:/snap/bin:/home/lee/.config/Code/User/globalStorage/github.copilot-chat/debugCommand'), ('SESSION_MANAGER', 'local/lee-System-Product-Name:@/tmp/.ICE-unix/2109,unix/lee-System-Product-Name:/tmp/.ICE-unix/2109'), ('INVOCATION_ID', 'a44a99495a9f4cab8e686121c509e5ed'), ('LC_ADDRESS', 'lzh_TW'), ('XDG_RUNTIME_DIR', '/run/user/1000'), ('XDG_MENU_PREFIX', 'gnome-'), ('GDK_BACKEND', 'x11'), ('DISPLAY', ':1'), ('LANG', 'en_US.UTF-8'), ('LC_TELEPHONE', 'lzh_TW'), ('XDG_CURRENT_DESKTOP', 'Unity'), ('GZ_TRANSPORT_VERSION', '12'), ('XAUTHORITY', '/run/user/1000/gdm/Xauthority'), ('XDG_SESSION_DESKTOP', 'ubuntu'), ('XMODIFIERS', '@im=ibus'), ('LS_COLORS', ''), ('TERM_PROGRAM', 'vscode'), ('VSCODE_GIT_IPC_HANDLE', '/run/user/1000/vscode-git-ca4885e317.sock'), ('SSH_AGENT_LAUNCHER', 'gnome-keyring'), ('SSH_AUTH_SOCK', '/run/user/1000/keyring/ssh'), ('ORIGINAL_XDG_CURRENT_DESKTOP', 'ubuntu:GNOME'), ('AMENT_PREFIX_PATH', '/home/lee/workspace/ros2_ex/install/sensor:/home/lee/workspace/ros2_ex/install/ground:/home/lee/workspace/ros2_ex/install/MAV:/home/lee/workspace/ros2_ex/install/px4_msgs:/home/lee/workspace/vrpn/vrpn_optitrack/install/vrpn_mocap:/opt/ros/humble'), ('LC_NAME', 'lzh_TW'), ('SHELL', '/usr/bin/zsh'), ('QT_ACCESSIBILITY', '1'), ('GDMSESSION', 'ubuntu'), ('GZ_SIM_MODEL_PATH', '/home/lee/PX4-Autopilot/Tools/simulation/gz/models'), ('ELECTRON_RUN_AS_NODE', '1'), ('LC_MEASUREMENT', 'lzh_TW'), ('LC_IDENTIFICATION', 'lzh_TW'), ('GPG_AGENT_INFO', '/run/user/1000/gnupg/S.gpg-agent:0:1'), ('GJS_DEBUG_OUTPUT', 'stderr'), ('P9K_SSH', '0'), ('QT_IM_MODULE', 'ibus'), ('VSCODE_GIT_ASKPASS_EXTRA_ARGS', ''), ('LC_ALL', 'en_US.UTF-8'), ('PWD', '/home/lee/workspace/ros2_ex/build/MAV'), ('XDG_DATA_DIRS', '/usr/share/ubuntu:/usr/share/gnome:/usr/local/share/:/usr/share/:/var/lib/snapd/desktop'), ('XDG_CONFIG_DIRS', '/etc/xdg/xdg-ubuntu:/etc/xdg'), ('GAZEBO_PLUGIN_PATH', ':/home/lee/PX4-Autopilot/build/px4_sitl_default/src/lib'), ('VSCODE_CODE_CACHE_PATH', '/home/lee/.config/Code/CachedData/848b80aeb52026648a8ff9f7c45a9b0a80641e2e'), ('LC_NUMERIC', 'lzh_TW'), ('PYTHONPATH', '/home/lee/workspace/ros2_ex/install/px4_msgs/local/lib/python3.10/dist-packages:/opt/ros/humble/lib/python3.10/site-packages:/opt/ros/humble/local/lib/python3.10/dist-packages'), ('LC_PAPER', 'lzh_TW'), ('COLCON', '1'), ('CMAKE_PREFIX_PATH', '/home/lee/workspace/ros2_ex/install/px4_msgs:/home/lee/workspace/ros2_ex/install/sensor:/home/lee/workspace/ros2_ex/install/ground:/home/lee/workspace/ros2_ex/install/MAV4:/home/lee/workspace/ros2_ex/install/MAV3:/home/lee/workspace/ros2_ex/install/MAV2:/home/lee/workspace/ros2_ex/install/MAV1:/home/lee/workspace/ros2_ex/install/MAV:/home/lee/workspace/vrpn/vrpn_optitrack/install/vrpn_mocap:/opt/ros/humble'), ('VSCODE_PID', '6966')]), 'shell': False}
[0.736287] (ground) JobProgress: {'identifier': 'ground', 'progress': 'cmake'}
[0.736305] (ground) JobProgress: {'identifier': 'ground', 'progress': 'build'}
[0.736320] (ground) Command: {'cmd': ['/usr/bin/cmake', '--build', '/home/lee/workspace/ros2_ex/build/ground', '--', '-j32', '-l32'], 'cwd': '/home/lee/workspace/ros2_ex/build/ground', 'env': OrderedDict([('GJS_DEBUG_TOPICS', 'JS ERROR;JS LOG'), ('GZ_SIM_SYSTEM_PLUGIN_PATH', ':/home/lee/gazebo_maritime_ws/install/lib:/home/lee/workspace/gz_sim_modle/gazebo_joint_plugin/build:/home/lee/PX4-Autopilot/Tools/sitl_gazebo/build/px4_sitl_default/build_gz'), ('VSCODE_CWD', '/home/lee'), ('VSCODE_ESM_ENTRYPOINT', 'vs/workbench/api/node/extensionHostProcess'), ('LC_TIME', 'lzh_TW'), ('USER', 'lee'), ('GZ_SIM_RESOURCE_PATH', ':/home/lee/PX4-Autopilot/Tools/sitl_gazebo/models:/home/lee/workspace/gz_sim_modle:/usr/share/gz/gz-sim8/worlds:/home/lee/PX4-Autopilot/Tools/simulation/gz/worlds:/home/lee/PX4-Autopilot/Tools/sitl_gazebo/models:/home/lee/PX4-Autopilot/Tools/simulation/gz/models'), ('VSCODE_NLS_CONFIG', '{"userLocale":"en-us","osLocale":"en-us","resolvedLanguage":"en","defaultMessagesFile":"/usr/share/code/resources/app/out/nls.messages.json","locale":"en-us","availableLanguages":{}}'), ('VSCODE_HANDLES_UNCAUGHT_ERRORS', 'true'), ('XDG_SESSION_TYPE', 'x11'), ('GIT_ASKPASS', '/usr/share/code/resources/app/extensions/git/dist/askpass.sh'), ('SHLVL', '0'), ('LD_LIBRARY_PATH', '/home/lee/workspace/ros2_ex/install/px4_msgs/lib:/opt/ros/humble/opt/rviz_ogre_vendor/lib:/opt/ros/humble/lib/x86_64-linux-gnu:/opt/ros/humble/lib:/home/lee/gazebo_maritime_ws/install/lib'), ('HOME', '/home/lee'), ('CHROME_DESKTOP', 'code.desktop'), ('OLDPWD', '/home/lee/workspace/ros2_ex'), ('LESS', '-R'), ('DESKTOP_SESSION', 'ubuntu'), ('TERM_PROGRAM_VERSION', '1.100.2'), ('GIO_LAUNCHED_DESKTOP_FILE', '/usr/share/applications/code.desktop'), ('ZSH', '/home/lee/.oh-my-zsh'), ('LSCOLORS', 'Gxfxcxdxbxegedabagacad'), ('VSCODE_IPC_HOOK', '/run/user/1000/vscode-fab3baac-1.10-main.sock'), ('GTK_MODULES', 'gail:atk-bridge'), ('GNOME_SHELL_SESSION_MODE', 'ubuntu'), ('PAGER', 'less'), ('ROS_PYTHON_VERSION', '3'), ('APPLICATION_INSIGHTS_NO_DIAGNOSTIC_CHANNEL', '1'), ('VSCODE_GIT_ASKPASS_MAIN', '/usr/share/code/resources/app/extensions/git/dist/askpass-main.js'), ('LC_MONETARY', 'lzh_TW'), ('MANAGERPID', '1879'), ('VSCODE_GIT_ASKPASS_NODE', '/usr/share/code/code'), ('SYSTEMD_EXEC_PID', '2136'), ('DBUS_SESSION_BUS_ADDRESS', 'unix:path=/run/user/1000/bus'), ('GIO_LAUNCHED_DESKTOP_FILE_PID', '6966'), ('COLORTERM', 'truecolor'), ('_colcon_cd_root', '/opt/ros/humble/'), ('VSCODE_CRASH_REPORTER_PROCESS_TYPE', 'extensionHost'), ('ROS_DISTRO', 'humble'), ('COLCON_PREFIX_PATH', '/home/lee/workspace/ros2_ex/install:/home/lee/workspace/vrpn/vrpn_optitrack/install'), ('VSCODE_L10N_BUNDLE_LOCATION', ''), ('APPLICATION_INSIGHTS_NO_STATSBEAT', 'true'), ('LOGNAME', 'lee'), ('GTK_IM_MODULE', 'ibus'), ('JOURNAL_STREAM', '8:12659'), ('_P9K_SSH_TTY', ''), ('_', '/usr/bin/colcon'), ('XDG_SESSION_CLASS', 'user'), ('ROS_VERSION', '2'), ('USERNAME', 'lee'), ('GAZEBO_MODEL_PATH', '/home/lee/PX4-Autopilot/Tools/simulation/gz/models'), ('TERM', 'xterm-256color'), ('GNOME_DESKTOP_SESSION_ID', 'this-is-deprecated'), ('ROS_LOCALHOST_ONLY', '0'), ('WINDOWPATH', '2'), ('PATH', '/home/lee/.local/bin:/opt/ros/humble/bin:/usr/local/MATLAB/R2020a/bin/:/home/lee/.local/bin:/usr/local/sbin:/usr/local/bin:/usr/sbin:/usr/bin:/sbin:/bin:/usr/games:/usr/local/games:/snap/bin:/snap/bin:/home/lee/.config/Code/User/globalStorage/github.copilot-chat/debugCommand'), ('SESSION_MANAGER', 'local/lee-System-Product-Name:@/tmp/.ICE-unix/2109,unix/lee-System-Product-Name:/tmp/.ICE-unix/2109'), ('INVOCATION_ID', 'a44a99495a9f4cab8e686121c509e5ed'), ('LC_ADDRESS', 'lzh_TW'), ('XDG_RUNTIME_DIR', '/run/user/1000'), ('XDG_MENU_PREFIX', 'gnome-'), ('GDK_BACKEND', 'x11'), ('DISPLAY', ':1'), ('LANG', 'en_US.UTF-8'), ('LC_TELEPHONE', 'lzh_TW'), ('XDG_CURRENT_DESKTOP', 'Unity'), ('GZ_TRANSPORT_VERSION', '12'), ('XAUTHORITY', '/run/user/1000/gdm/Xauthority'), ('XDG_SESSION_DESKTOP', 'ubuntu'), ('XMODIFIERS', '@im=ibus'), ('LS_COLORS', ''), ('TERM_PROGRAM', 'vscode'), ('VSCODE_GIT_IPC_HANDLE', '/run/user/1000/vscode-git-ca4885e317.sock'), ('SSH_AGENT_LAUNCHER', 'gnome-keyring'), ('SSH_AUTH_SOCK', '/run/user/1000/keyring/ssh'), ('ORIGINAL_XDG_CURRENT_DESKTOP', 'ubuntu:GNOME'), ('AMENT_PREFIX_PATH', '/home/lee/workspace/ros2_ex/install/sensor:/home/lee/workspace/ros2_ex/install/ground:/home/lee/workspace/ros2_ex/install/MAV:/home/lee/workspace/ros2_ex/install/px4_msgs:/home/lee/workspace/vrpn/vrpn_optitrack/install/vrpn_mocap:/opt/ros/humble'), ('LC_NAME', 'lzh_TW'), ('SHELL', '/usr/bin/zsh'), ('QT_ACCESSIBILITY', '1'), ('GDMSESSION', 'ubuntu'), ('GZ_SIM_MODEL_PATH', '/home/lee/PX4-Autopilot/Tools/simulation/gz/models'), ('ELECTRON_RUN_AS_NODE', '1'), ('LC_MEASUREMENT', 'lzh_TW'), ('LC_IDENTIFICATION', 'lzh_TW'), ('GPG_AGENT_INFO', '/run/user/1000/gnupg/S.gpg-agent:0:1'), ('GJS_DEBUG_OUTPUT', 'stderr'), ('P9K_SSH', '0'), ('QT_IM_MODULE', 'ibus'), ('VSCODE_GIT_ASKPASS_EXTRA_ARGS', ''), ('LC_ALL', 'en_US.UTF-8'), ('PWD', '/home/lee/workspace/ros2_ex/build/ground'), ('XDG_DATA_DIRS', '/usr/share/ubuntu:/usr/share/gnome:/usr/local/share/:/usr/share/:/var/lib/snapd/desktop'), ('XDG_CONFIG_DIRS', '/etc/xdg/xdg-ubuntu:/etc/xdg'), ('GAZEBO_PLUGIN_PATH', ':/home/lee/PX4-Autopilot/build/px4_sitl_default/src/lib'), ('VSCODE_CODE_CACHE_PATH', '/home/lee/.config/Code/CachedData/848b80aeb52026648a8ff9f7c45a9b0a80641e2e'), ('LC_NUMERIC', 'lzh_TW'), ('PYTHONPATH', '/home/lee/workspace/ros2_ex/install/px4_msgs/local/lib/python3.10/dist-packages:/opt/ros/humble/lib/python3.10/site-packages:/opt/ros/humble/local/lib/python3.10/dist-packages'), ('LC_PAPER', 'lzh_TW'), ('COLCON', '1'), ('CMAKE_PREFIX_PATH', '/home/lee/workspace/ros2_ex/install/px4_msgs:/home/lee/workspace/ros2_ex/install/sensor:/home/lee/workspace/ros2_ex/install/ground:/home/lee/workspace/ros2_ex/install/MAV4:/home/lee/workspace/ros2_ex/install/MAV3:/home/lee/workspace/ros2_ex/install/MAV2:/home/lee/workspace/ros2_ex/install/MAV1:/home/lee/workspace/ros2_ex/install/MAV:/home/lee/workspace/vrpn/vrpn_optitrack/install/vrpn_mocap:/opt/ros/humble'), ('VSCODE_PID', '6966')]), 'shell': False}
[0.736699] (MAV) StdoutLine: {'line': b'\x1b[35m\x1b[1mConsolidate compiler generated dependencies of target mav4\x1b[0m\n'}
[0.736764] (MAV) StdoutLine: {'line': b'\x1b[35m\x1b[1mConsolidate compiler generated dependencies of target mav3\x1b[0m\n'}
[0.736813] (ground) StdoutLine: {'line': b'[ 10%] Built target trajectory_generator\n'}
[0.736866] (ground) StdoutLine: {'line': b'[ 26%] Built target gripper_controller\n'}
[0.736915] (ground) StdoutLine: {'line': b'[ 31%] Built target attitude_controller\n'}
[0.736960] (MAV) StdoutLine: {'line': b'[ 25%] Built target mav2\n'}
[0.737005] (ground) StdoutLine: {'line': b'[ 36%] \x1b[32mBuilding CXX object CMakeFiles/qc_servo.dir/node/qc_servo.cpp.o\x1b[0m\n'}
[0.737050] (MAV) StdoutLine: {'line': b'[ 50%] Built target mav1\n'}
[0.737093] (ground) StdoutLine: {'line': b'[ 47%] Built target wrench_mapper\n'}
[0.737136] (ground) StdoutLine: {'line': b'[ 63%] Built target keyboard_node\n'}
[0.737179] (ground) StdoutLine: {'line': b'[ 73%] Built target position_controller\n'}
[0.737222] (ground) StdoutLine: {'line': b'[ 84%] Built target platform_topic_tool\n'}
[0.737264] (ground) StdoutLine: {'line': b'[ 94%] Built target mocap_px4_bridge\n'}
[0.737524] (MAV) StdoutLine: {'line': b'[100%] Built target mav4\n'}
[0.737566] (MAV) StdoutLine: {'line': b'[100%] Built target mav3\n'}
[0.737589] (MAV) CommandEnded: {'returncode': 0}
[0.737732] (MAV) JobProgress: {'identifier': 'MAV', 'progress': 'install'}
[0.737742] (MAV) Command: {'cmd': ['/usr/bin/cmake', '--install', '/home/lee/workspace/ros2_ex/build/MAV'], 'cwd': '/home/lee/workspace/ros2_ex/build/MAV', 'env': OrderedDict([('GJS_DEBUG_TOPICS', 'JS ERROR;JS LOG'), ('GZ_SIM_SYSTEM_PLUGIN_PATH', ':/home/lee/gazebo_maritime_ws/install/lib:/home/lee/workspace/gz_sim_modle/gazebo_joint_plugin/build:/home/lee/PX4-Autopilot/Tools/sitl_gazebo/build/px4_sitl_default/build_gz'), ('VSCODE_CWD', '/home/lee'), ('VSCODE_ESM_ENTRYPOINT', 'vs/workbench/api/node/extensionHostProcess'), ('LC_TIME', 'lzh_TW'), ('USER', 'lee'), ('GZ_SIM_RESOURCE_PATH', ':/home/lee/PX4-Autopilot/Tools/sitl_gazebo/models:/home/lee/workspace/gz_sim_modle:/usr/share/gz/gz-sim8/worlds:/home/lee/PX4-Autopilot/Tools/simulation/gz/worlds:/home/lee/PX4-Autopilot/Tools/sitl_gazebo/models:/home/lee/PX4-Autopilot/Tools/simulation/gz/models'), ('VSCODE_NLS_CONFIG', '{"userLocale":"en-us","osLocale":"en-us","resolvedLanguage":"en","defaultMessagesFile":"/usr/share/code/resources/app/out/nls.messages.json","locale":"en-us","availableLanguages":{}}'), ('VSCODE_HANDLES_UNCAUGHT_ERRORS', 'true'), ('XDG_SESSION_TYPE', 'x11'), ('GIT_ASKPASS', '/usr/share/code/resources/app/extensions/git/dist/askpass.sh'), ('SHLVL', '0'), ('LD_LIBRARY_PATH', '/home/lee/workspace/ros2_ex/install/px4_msgs/lib:/opt/ros/humble/opt/rviz_ogre_vendor/lib:/opt/ros/humble/lib/x86_64-linux-gnu:/opt/ros/humble/lib:/home/lee/gazebo_maritime_ws/install/lib'), ('HOME', '/home/lee'), ('CHROME_DESKTOP', 'code.desktop'), ('OLDPWD', '/home/lee/workspace/ros2_ex'), ('LESS', '-R'), ('DESKTOP_SESSION', 'ubuntu'), ('TERM_PROGRAM_VERSION', '1.100.2'), ('GIO_LAUNCHED_DESKTOP_FILE', '/usr/share/applications/code.desktop'), ('ZSH', '/home/lee/.oh-my-zsh'), ('LSCOLORS', 'Gxfxcxdxbxegedabagacad'), ('VSCODE_IPC_HOOK', '/run/user/1000/vscode-fab3baac-1.10-main.sock'), ('GTK_MODULES', 'gail:atk-bridge'), ('GNOME_SHELL_SESSION_MODE', 'ubuntu'), ('PAGER', 'less'), ('ROS_PYTHON_VERSION', '3'), ('APPLICATION_INSIGHTS_NO_DIAGNOSTIC_CHANNEL', '1'), ('VSCODE_GIT_ASKPASS_MAIN', '/usr/share/code/resources/app/extensions/git/dist/askpass-main.js'), ('LC_MONETARY', 'lzh_TW'), ('MANAGERPID', '1879'), ('VSCODE_GIT_ASKPASS_NODE', '/usr/share/code/code'), ('SYSTEMD_EXEC_PID', '2136'), ('DBUS_SESSION_BUS_ADDRESS', 'unix:path=/run/user/1000/bus'), ('GIO_LAUNCHED_DESKTOP_FILE_PID', '6966'), ('COLORTERM', 'truecolor'), ('_colcon_cd_root', '/opt/ros/humble/'), ('VSCODE_CRASH_REPORTER_PROCESS_TYPE', 'extensionHost'), ('ROS_DISTRO', 'humble'), ('COLCON_PREFIX_PATH', '/home/lee/workspace/ros2_ex/install:/home/lee/workspace/vrpn/vrpn_optitrack/install'), ('VSCODE_L10N_BUNDLE_LOCATION', ''), ('APPLICATION_INSIGHTS_NO_STATSBEAT', 'true'), ('LOGNAME', 'lee'), ('GTK_IM_MODULE', 'ibus'), ('JOURNAL_STREAM', '8:12659'), ('_P9K_SSH_TTY', ''), ('_', '/usr/bin/colcon'), ('XDG_SESSION_CLASS', 'user'), ('ROS_VERSION', '2'), ('USERNAME', 'lee'), ('GAZEBO_MODEL_PATH', '/home/lee/PX4-Autopilot/Tools/simulation/gz/models'), ('TERM', 'xterm-256color'), ('GNOME_DESKTOP_SESSION_ID', 'this-is-deprecated'), ('ROS_LOCALHOST_ONLY', '0'), ('WINDOWPATH', '2'), ('PATH', '/home/lee/.local/bin:/opt/ros/humble/bin:/usr/local/MATLAB/R2020a/bin/:/home/lee/.local/bin:/usr/local/sbin:/usr/local/bin:/usr/sbin:/usr/bin:/sbin:/bin:/usr/games:/usr/local/games:/snap/bin:/snap/bin:/home/lee/.config/Code/User/globalStorage/github.copilot-chat/debugCommand'), ('SESSION_MANAGER', 'local/lee-System-Product-Name:@/tmp/.ICE-unix/2109,unix/lee-System-Product-Name:/tmp/.ICE-unix/2109'), ('INVOCATION_ID', 'a44a99495a9f4cab8e686121c509e5ed'), ('LC_ADDRESS', 'lzh_TW'), ('XDG_RUNTIME_DIR', '/run/user/1000'), ('XDG_MENU_PREFIX', 'gnome-'), ('GDK_BACKEND', 'x11'), ('DISPLAY', ':1'), ('LANG', 'en_US.UTF-8'), ('LC_TELEPHONE', 'lzh_TW'), ('XDG_CURRENT_DESKTOP', 'Unity'), ('GZ_TRANSPORT_VERSION', '12'), ('XAUTHORITY', '/run/user/1000/gdm/Xauthority'), ('XDG_SESSION_DESKTOP', 'ubuntu'), ('XMODIFIERS', '@im=ibus'), ('LS_COLORS', ''), ('TERM_PROGRAM', 'vscode'), ('VSCODE_GIT_IPC_HANDLE', '/run/user/1000/vscode-git-ca4885e317.sock'), ('SSH_AGENT_LAUNCHER', 'gnome-keyring'), ('SSH_AUTH_SOCK', '/run/user/1000/keyring/ssh'), ('ORIGINAL_XDG_CURRENT_DESKTOP', 'ubuntu:GNOME'), ('AMENT_PREFIX_PATH', '/home/lee/workspace/ros2_ex/install/sensor:/home/lee/workspace/ros2_ex/install/ground:/home/lee/workspace/ros2_ex/install/MAV:/home/lee/workspace/ros2_ex/install/px4_msgs:/home/lee/workspace/vrpn/vrpn_optitrack/install/vrpn_mocap:/opt/ros/humble'), ('LC_NAME', 'lzh_TW'), ('SHELL', '/usr/bin/zsh'), ('QT_ACCESSIBILITY', '1'), ('GDMSESSION', 'ubuntu'), ('GZ_SIM_MODEL_PATH', '/home/lee/PX4-Autopilot/Tools/simulation/gz/models'), ('ELECTRON_RUN_AS_NODE', '1'), ('LC_MEASUREMENT', 'lzh_TW'), ('LC_IDENTIFICATION', 'lzh_TW'), ('GPG_AGENT_INFO', '/run/user/1000/gnupg/S.gpg-agent:0:1'), ('GJS_DEBUG_OUTPUT', 'stderr'), ('P9K_SSH', '0'), ('QT_IM_MODULE', 'ibus'), ('VSCODE_GIT_ASKPASS_EXTRA_ARGS', ''), ('LC_ALL', 'en_US.UTF-8'), ('PWD', '/home/lee/workspace/ros2_ex/build/MAV'), ('XDG_DATA_DIRS', '/usr/share/ubuntu:/usr/share/gnome:/usr/local/share/:/usr/share/:/var/lib/snapd/desktop'), ('XDG_CONFIG_DIRS', '/etc/xdg/xdg-ubuntu:/etc/xdg'), ('GAZEBO_PLUGIN_PATH', ':/home/lee/PX4-Autopilot/build/px4_sitl_default/src/lib'), ('VSCODE_CODE_CACHE_PATH', '/home/lee/.config/Code/CachedData/848b80aeb52026648a8ff9f7c45a9b0a80641e2e'), ('LC_NUMERIC', 'lzh_TW'), ('PYTHONPATH', '/home/lee/workspace/ros2_ex/install/px4_msgs/local/lib/python3.10/dist-packages:/opt/ros/humble/lib/python3.10/site-packages:/opt/ros/humble/local/lib/python3.10/dist-packages'), ('LC_PAPER', 'lzh_TW'), ('COLCON', '1'), ('CMAKE_PREFIX_PATH', '/home/lee/workspace/ros2_ex/install/px4_msgs:/home/lee/workspace/ros2_ex/install/sensor:/home/lee/workspace/ros2_ex/install/ground:/home/lee/workspace/ros2_ex/install/MAV4:/home/lee/workspace/ros2_ex/install/MAV3:/home/lee/workspace/ros2_ex/install/MAV2:/home/lee/workspace/ros2_ex/install/MAV1:/home/lee/workspace/ros2_ex/install/MAV:/home/lee/workspace/vrpn/vrpn_optitrack/install/vrpn_mocap:/opt/ros/humble'), ('VSCODE_PID', '6966')]), 'shell': False}
[0.737893] (MAV) StdoutLine: {'line': b'-- Install configuration: "RelWithDebInfo"\n'}
[0.737919] (MAV) StdoutLine: {'line': b'-- Execute custom install script\n'}
[0.737938] (MAV) StdoutLine: {'line': b'-- Up-to-date symlink: /home/lee/workspace/ros2_ex/install/MAV/lib/MAV/mav1\n'}
[0.737957] (MAV) StdoutLine: {'line': b'-- Up-to-date symlink: /home/lee/workspace/ros2_ex/install/MAV/lib/MAV/mav2\n'}
[0.737978] (MAV) StdoutLine: {'line': b'-- Up-to-date symlink: /home/lee/workspace/ros2_ex/install/MAV/lib/MAV/mav3\n'}
[0.737997] (MAV) StdoutLine: {'line': b'-- Up-to-date symlink: /home/lee/workspace/ros2_ex/install/MAV/lib/MAV/mav4\n'}
[0.738015] (MAV) StdoutLine: {'line': b'-- Up-to-date symlink: /home/lee/workspace/ros2_ex/install/MAV/share/MAV/launch/mav_launch.xml\n'}
[0.738033] (MAV) StdoutLine: {'line': b'-- Up-to-date symlink: /home/lee/workspace/ros2_ex/install/MAV/share/ament_index/resource_index/package_run_dependencies/MAV\n'}
[0.738052] (MAV) StdoutLine: {'line': b'-- Up-to-date symlink: /home/lee/workspace/ros2_ex/install/MAV/share/ament_index/resource_index/parent_prefix_path/MAV\n'}
[0.738071] (MAV) StdoutLine: {'line': b'-- Up-to-date symlink: /home/lee/workspace/ros2_ex/install/MAV/share/MAV/environment/ament_prefix_path.sh\n'}
[0.738089] (MAV) StdoutLine: {'line': b'-- Up-to-date symlink: /home/lee/workspace/ros2_ex/install/MAV/share/MAV/environment/ament_prefix_path.dsv\n'}
[0.738108] (MAV) StdoutLine: {'line': b'-- Up-to-date symlink: /home/lee/workspace/ros2_ex/install/MAV/share/MAV/environment/path.sh\n'}
[0.738126] (MAV) StdoutLine: {'line': b'-- Up-to-date symlink: /home/lee/workspace/ros2_ex/install/MAV/share/MAV/environment/path.dsv\n'}
[0.738144] (MAV) StdoutLine: {'line': b'-- Up-to-date symlink: /home/lee/workspace/ros2_ex/install/MAV/share/MAV/local_setup.bash\n'}
[0.738162] (MAV) StdoutLine: {'line': b'-- Up-to-date symlink: /home/lee/workspace/ros2_ex/install/MAV/share/MAV/local_setup.sh\n'}
[0.738180] (MAV) StdoutLine: {'line': b'-- Up-to-date symlink: /home/lee/workspace/ros2_ex/install/MAV/share/MAV/local_setup.zsh\n'}
[0.738197] (MAV) StdoutLine: {'line': b'-- Up-to-date symlink: /home/lee/workspace/ros2_ex/install/MAV/share/MAV/local_setup.dsv\n'}
[0.738215] (MAV) StdoutLine: {'line': b'-- Symlinking: /home/lee/workspace/ros2_ex/install/MAV/share/MAV/package.dsv\n'}
[0.738233] (MAV) StdoutLine: {'line': b'-- Up-to-date symlink: /home/lee/workspace/ros2_ex/install/MAV/share/ament_index/resource_index/packages/MAV\n'}
[0.738251] (MAV) StdoutLine: {'line': b'-- Up-to-date symlink: /home/lee/workspace/ros2_ex/install/MAV/share/MAV/cmake/MAVConfig.cmake\n'}
[0.738269] (MAV) StdoutLine: {'line': b'-- Up-to-date symlink: /home/lee/workspace/ros2_ex/install/MAV/share/MAV/cmake/MAVConfig-version.cmake\n'}
[0.738292] (MAV) StdoutLine: {'line': b'-- Up-to-date symlink: /home/lee/workspace/ros2_ex/install/MAV/share/MAV/package.xml\n'}
[0.738313] (MAV) CommandEnded: {'returncode': 0}
[0.738428] (MAV) JobEnded: {'identifier': 'MAV', 'rc': 0}
[0.835700] (-) TimerEvent: {}
[0.935912] (-) TimerEvent: {}
[1.036100] (-) TimerEvent: {}
[1.136336] (-) TimerEvent: {}
[1.236539] (-) TimerEvent: {}
[1.336727] (-) TimerEvent: {}
[1.436955] (-) TimerEvent: {}
[1.537144] (-) TimerEvent: {}
[1.637459] (-) TimerEvent: {}
[1.737650] (-) TimerEvent: {}
[1.837842] (-) TimerEvent: {}
[1.938036] (-) TimerEvent: {}
[1.971159] (ground) StderrLine: {'line': b'\x1b[01m\x1b[K/home/lee/workspace/ros2_ex/src/ground/node/qc_servo.cpp:\x1b[m\x1b[K In constructor \xe2\x80\x98\x1b[01m\x1b[KMAV::MAV(std::shared_ptr<rclcpp::Node>, std::string)\x1b[m\x1b[K\xe2\x80\x99:\n'}
[1.971274] (ground) StderrLine: {'line': b'\x1b[01m\x1b[K/home/lee/workspace/ros2_ex/src/ground/node/qc_servo.cpp:39:14:\x1b[m\x1b[K \x1b[01;35m\x1b[Kwarning: \x1b[m\x1b[Kvariable \xe2\x80\x98\x1b[01m\x1b[Kqos\x1b[m\x1b[K\xe2\x80\x99 set but not used [\x1b[01;35m\x1b[K\x1b]8;;https://gcc.gnu.org/onlinedocs/gcc/Warning-Options.html#index-Wunused-but-set-variable\x07-Wunused-but-set-variable\x1b]8;;\x07\x1b[m\x1b[K]\n'}
[1.971315] (ground) StderrLine: {'line': b'   39 |         auto \x1b[01;35m\x1b[Kqos\x1b[m\x1b[K = rclcpp::QoS(rclcpp::QoSInitialization(qos_profile.history, 5), qos_profile);\n'}
[1.971338] (ground) StderrLine: {'line': b'      |              \x1b[01;35m\x1b[K^~~\x1b[m\x1b[K\n'}
[2.038116] (-) TimerEvent: {}
[2.138353] (-) TimerEvent: {}
[2.238542] (-) TimerEvent: {}
[2.338732] (-) TimerEvent: {}
[2.438921] (-) TimerEvent: {}
[2.539152] (-) TimerEvent: {}
[2.639355] (-) TimerEvent: {}
[2.739540] (-) TimerEvent: {}
[2.839727] (-) TimerEvent: {}
[2.939944] (-) TimerEvent: {}
[3.040135] (-) TimerEvent: {}
[3.140353] (-) TimerEvent: {}
[3.240623] (-) TimerEvent: {}
[3.340824] (-) TimerEvent: {}
[3.441120] (-) TimerEvent: {}
[3.541361] (-) TimerEvent: {}
[3.641580] (-) TimerEvent: {}
[3.741799] (-) TimerEvent: {}
[3.842024] (-) TimerEvent: {}
[3.942272] (-) TimerEvent: {}
[4.042475] (-) TimerEvent: {}
[4.142669] (-) TimerEvent: {}
[4.242890] (-) TimerEvent: {}
[4.343071] (-) TimerEvent: {}
[4.443248] (-) TimerEvent: {}
[4.543435] (-) TimerEvent: {}
[4.643612] (-) TimerEvent: {}
[4.743790] (-) TimerEvent: {}
[4.843966] (-) TimerEvent: {}
[4.944142] (-) TimerEvent: {}
[5.044314] (-) TimerEvent: {}
[5.144491] (-) TimerEvent: {}
[5.244670] (-) TimerEvent: {}
[5.344848] (-) TimerEvent: {}
[5.445030] (-) TimerEvent: {}
[5.545246] (-) TimerEvent: {}
[5.645463] (-) TimerEvent: {}
[5.745653] (-) TimerEvent: {}
[5.845832] (-) TimerEvent: {}
[5.946048] (-) TimerEvent: {}
[6.046260] (-) TimerEvent: {}
[6.146438] (-) TimerEvent: {}
[6.246616] (-) TimerEvent: {}
[6.346793] (-) TimerEvent: {}
[6.446976] (-) TimerEvent: {}
[6.547240] (-) TimerEvent: {}
[6.647422] (-) TimerEvent: {}
[6.747630] (-) TimerEvent: {}
[6.847813] (-) TimerEvent: {}
[6.948001] (-) TimerEvent: {}
[7.048179] (-) TimerEvent: {}
[7.148386] (-) TimerEvent: {}
[7.248570] (-) TimerEvent: {}
[7.348761] (-) TimerEvent: {}
[7.448950] (-) TimerEvent: {}
[7.522049] (ground) StdoutLine: {'line': b'[100%] \x1b[32m\x1b[1mLinking CXX executable qc_servo\x1b[0m\n'}
[7.549028] (-) TimerEvent: {}
[7.647328] (ground) StdoutLine: {'line': b'[100%] Built target qc_servo\n'}
[7.649114] (-) TimerEvent: {}
[7.653867] (ground) CommandEnded: {'returncode': 0}
[7.654229] (ground) JobProgress: {'identifier': 'ground', 'progress': 'install'}
[7.654323] (ground) Command: {'cmd': ['/usr/bin/cmake', '--install', '/home/lee/workspace/ros2_ex/build/ground'], 'cwd': '/home/lee/workspace/ros2_ex/build/ground', 'env': OrderedDict([('GJS_DEBUG_TOPICS', 'JS ERROR;JS LOG'), ('GZ_SIM_SYSTEM_PLUGIN_PATH', ':/home/lee/gazebo_maritime_ws/install/lib:/home/lee/workspace/gz_sim_modle/gazebo_joint_plugin/build:/home/lee/PX4-Autopilot/Tools/sitl_gazebo/build/px4_sitl_default/build_gz'), ('VSCODE_CWD', '/home/lee'), ('VSCODE_ESM_ENTRYPOINT', 'vs/workbench/api/node/extensionHostProcess'), ('LC_TIME', 'lzh_TW'), ('USER', 'lee'), ('GZ_SIM_RESOURCE_PATH', ':/home/lee/PX4-Autopilot/Tools/sitl_gazebo/models:/home/lee/workspace/gz_sim_modle:/usr/share/gz/gz-sim8/worlds:/home/lee/PX4-Autopilot/Tools/simulation/gz/worlds:/home/lee/PX4-Autopilot/Tools/sitl_gazebo/models:/home/lee/PX4-Autopilot/Tools/simulation/gz/models'), ('VSCODE_NLS_CONFIG', '{"userLocale":"en-us","osLocale":"en-us","resolvedLanguage":"en","defaultMessagesFile":"/usr/share/code/resources/app/out/nls.messages.json","locale":"en-us","availableLanguages":{}}'), ('VSCODE_HANDLES_UNCAUGHT_ERRORS', 'true'), ('XDG_SESSION_TYPE', 'x11'), ('GIT_ASKPASS', '/usr/share/code/resources/app/extensions/git/dist/askpass.sh'), ('SHLVL', '0'), ('LD_LIBRARY_PATH', '/home/lee/workspace/ros2_ex/install/px4_msgs/lib:/opt/ros/humble/opt/rviz_ogre_vendor/lib:/opt/ros/humble/lib/x86_64-linux-gnu:/opt/ros/humble/lib:/home/lee/gazebo_maritime_ws/install/lib'), ('HOME', '/home/lee'), ('CHROME_DESKTOP', 'code.desktop'), ('OLDPWD', '/home/lee/workspace/ros2_ex'), ('LESS', '-R'), ('DESKTOP_SESSION', 'ubuntu'), ('TERM_PROGRAM_VERSION', '1.100.2'), ('GIO_LAUNCHED_DESKTOP_FILE', '/usr/share/applications/code.desktop'), ('ZSH', '/home/lee/.oh-my-zsh'), ('LSCOLORS', 'Gxfxcxdxbxegedabagacad'), ('VSCODE_IPC_HOOK', '/run/user/1000/vscode-fab3baac-1.10-main.sock'), ('GTK_MODULES', 'gail:atk-bridge'), ('GNOME_SHELL_SESSION_MODE', 'ubuntu'), ('PAGER', 'less'), ('ROS_PYTHON_VERSION', '3'), ('APPLICATION_INSIGHTS_NO_DIAGNOSTIC_CHANNEL', '1'), ('VSCODE_GIT_ASKPASS_MAIN', '/usr/share/code/resources/app/extensions/git/dist/askpass-main.js'), ('LC_MONETARY', 'lzh_TW'), ('MANAGERPID', '1879'), ('VSCODE_GIT_ASKPASS_NODE', '/usr/share/code/code'), ('SYSTEMD_EXEC_PID', '2136'), ('DBUS_SESSION_BUS_ADDRESS', 'unix:path=/run/user/1000/bus'), ('GIO_LAUNCHED_DESKTOP_FILE_PID', '6966'), ('COLORTERM', 'truecolor'), ('_colcon_cd_root', '/opt/ros/humble/'), ('VSCODE_CRASH_REPORTER_PROCESS_TYPE', 'extensionHost'), ('ROS_DISTRO', 'humble'), ('COLCON_PREFIX_PATH', '/home/lee/workspace/ros2_ex/install:/home/lee/workspace/vrpn/vrpn_optitrack/install'), ('VSCODE_L10N_BUNDLE_LOCATION', ''), ('APPLICATION_INSIGHTS_NO_STATSBEAT', 'true'), ('LOGNAME', 'lee'), ('GTK_IM_MODULE', 'ibus'), ('JOURNAL_STREAM', '8:12659'), ('_P9K_SSH_TTY', ''), ('_', '/usr/bin/colcon'), ('XDG_SESSION_CLASS', 'user'), ('ROS_VERSION', '2'), ('USERNAME', 'lee'), ('GAZEBO_MODEL_PATH', '/home/lee/PX4-Autopilot/Tools/simulation/gz/models'), ('TERM', 'xterm-256color'), ('GNOME_DESKTOP_SESSION_ID', 'this-is-deprecated'), ('ROS_LOCALHOST_ONLY', '0'), ('WINDOWPATH', '2'), ('PATH', '/home/lee/.local/bin:/opt/ros/humble/bin:/usr/local/MATLAB/R2020a/bin/:/home/lee/.local/bin:/usr/local/sbin:/usr/local/bin:/usr/sbin:/usr/bin:/sbin:/bin:/usr/games:/usr/local/games:/snap/bin:/snap/bin:/home/lee/.config/Code/User/globalStorage/github.copilot-chat/debugCommand'), ('SESSION_MANAGER', 'local/lee-System-Product-Name:@/tmp/.ICE-unix/2109,unix/lee-System-Product-Name:/tmp/.ICE-unix/2109'), ('INVOCATION_ID', 'a44a99495a9f4cab8e686121c509e5ed'), ('LC_ADDRESS', 'lzh_TW'), ('XDG_RUNTIME_DIR', '/run/user/1000'), ('XDG_MENU_PREFIX', 'gnome-'), ('GDK_BACKEND', 'x11'), ('DISPLAY', ':1'), ('LANG', 'en_US.UTF-8'), ('LC_TELEPHONE', 'lzh_TW'), ('XDG_CURRENT_DESKTOP', 'Unity'), ('GZ_TRANSPORT_VERSION', '12'), ('XAUTHORITY', '/run/user/1000/gdm/Xauthority'), ('XDG_SESSION_DESKTOP', 'ubuntu'), ('XMODIFIERS', '@im=ibus'), ('LS_COLORS', ''), ('TERM_PROGRAM', 'vscode'), ('VSCODE_GIT_IPC_HANDLE', '/run/user/1000/vscode-git-ca4885e317.sock'), ('SSH_AGENT_LAUNCHER', 'gnome-keyring'), ('SSH_AUTH_SOCK', '/run/user/1000/keyring/ssh'), ('ORIGINAL_XDG_CURRENT_DESKTOP', 'ubuntu:GNOME'), ('AMENT_PREFIX_PATH', '/home/lee/workspace/ros2_ex/install/sensor:/home/lee/workspace/ros2_ex/install/ground:/home/lee/workspace/ros2_ex/install/MAV:/home/lee/workspace/ros2_ex/install/px4_msgs:/home/lee/workspace/vrpn/vrpn_optitrack/install/vrpn_mocap:/opt/ros/humble'), ('LC_NAME', 'lzh_TW'), ('SHELL', '/usr/bin/zsh'), ('QT_ACCESSIBILITY', '1'), ('GDMSESSION', 'ubuntu'), ('GZ_SIM_MODEL_PATH', '/home/lee/PX4-Autopilot/Tools/simulation/gz/models'), ('ELECTRON_RUN_AS_NODE', '1'), ('LC_MEASUREMENT', 'lzh_TW'), ('LC_IDENTIFICATION', 'lzh_TW'), ('GPG_AGENT_INFO', '/run/user/1000/gnupg/S.gpg-agent:0:1'), ('GJS_DEBUG_OUTPUT', 'stderr'), ('P9K_SSH', '0'), ('QT_IM_MODULE', 'ibus'), ('VSCODE_GIT_ASKPASS_EXTRA_ARGS', ''), ('LC_ALL', 'en_US.UTF-8'), ('PWD', '/home/lee/workspace/ros2_ex/build/ground'), ('XDG_DATA_DIRS', '/usr/share/ubuntu:/usr/share/gnome:/usr/local/share/:/usr/share/:/var/lib/snapd/desktop'), ('XDG_CONFIG_DIRS', '/etc/xdg/xdg-ubuntu:/etc/xdg'), ('GAZEBO_PLUGIN_PATH', ':/home/lee/PX4-Autopilot/build/px4_sitl_default/src/lib'), ('VSCODE_CODE_CACHE_PATH', '/home/lee/.config/Code/CachedData/848b80aeb52026648a8ff9f7c45a9b0a80641e2e'), ('LC_NUMERIC', 'lzh_TW'), ('PYTHONPATH', '/home/lee/workspace/ros2_ex/install/px4_msgs/local/lib/python3.10/dist-packages:/opt/ros/humble/lib/python3.10/site-packages:/opt/ros/humble/local/lib/python3.10/dist-packages'), ('LC_PAPER', 'lzh_TW'), ('COLCON', '1'), ('CMAKE_PREFIX_PATH', '/home/lee/workspace/ros2_ex/install/px4_msgs:/home/lee/workspace/ros2_ex/install/sensor:/home/lee/workspace/ros2_ex/install/ground:/home/lee/workspace/ros2_ex/install/MAV4:/home/lee/workspace/ros2_ex/install/MAV3:/home/lee/workspace/ros2_ex/install/MAV2:/home/lee/workspace/ros2_ex/install/MAV1:/home/lee/workspace/ros2_ex/install/MAV:/home/lee/workspace/vrpn/vrpn_optitrack/install/vrpn_mocap:/opt/ros/humble'), ('VSCODE_PID', '6966')]), 'shell': False}
[7.658532] (ground) StdoutLine: {'line': b'-- Install configuration: "RelWithDebInfo"\n'}
[7.658736] (ground) StdoutLine: {'line': b'-- Execute custom install script\n'}
[7.658874] (ground) StdoutLine: {'line': b'-- Up-to-date symlink: /home/lee/workspace/ros2_ex/install/ground/lib/ground/keyboard_node\n'}
[7.658993] (ground) StdoutLine: {'line': b'-- Up-to-date symlink: /home/lee/workspace/ros2_ex/install/ground/lib/ground/attitude_controller\n'}
[7.659109] (ground) StdoutLine: {'line': b'-- Up-to-date symlink: /home/lee/workspace/ros2_ex/install/ground/lib/ground/gripper_controller\n'}
[7.659216] (ground) StdoutLine: {'line': b'-- Up-to-date symlink: /home/lee/workspace/ros2_ex/install/ground/lib/ground/position_controller\n'}
[7.659321] (ground) StdoutLine: {'line': b'-- Up-to-date symlink: /home/lee/workspace/ros2_ex/install/ground/lib/ground/qc_servo\n'}
[7.659421] (ground) StdoutLine: {'line': b'-- Up-to-date symlink: /home/lee/workspace/ros2_ex/install/ground/lib/ground/wrench_mapper\n'}
[7.659516] (ground) StdoutLine: {'line': b'-- Up-to-date symlink: /home/lee/workspace/ros2_ex/install/ground/lib/ground/trajectory_generator\n'}
[7.659614] (ground) StdoutLine: {'line': b'-- Up-to-date symlink: /home/lee/workspace/ros2_ex/install/ground/lib/ground/platform_topic_tool\n'}
[7.659713] (ground) StdoutLine: {'line': b'-- Up-to-date symlink: /home/lee/workspace/ros2_ex/install/ground/lib/ground/mocap_px4_bridge\n'}
[7.659855] (ground) StdoutLine: {'line': b'-- Up-to-date symlink: /home/lee/workspace/ros2_ex/install/ground/share/ground/launch/ground_launch.xml\n'}
[7.659909] (ground) StdoutLine: {'line': b'-- Up-to-date symlink: /home/lee/workspace/ros2_ex/install/ground/share/ground/launch/topic_tool_launch.xml\n'}
[7.659995] (ground) StdoutLine: {'line': b'-- Up-to-date symlink: /home/lee/workspace/ros2_ex/install/ground/share/ament_index/resource_index/package_run_dependencies/ground\n'}
[7.660071] (ground) StdoutLine: {'line': b'-- Up-to-date symlink: /home/lee/workspace/ros2_ex/install/ground/share/ament_index/resource_index/parent_prefix_path/ground\n'}
[7.660147] (ground) StdoutLine: {'line': b'-- Up-to-date symlink: /home/lee/workspace/ros2_ex/install/ground/share/ground/environment/ament_prefix_path.sh\n'}
[7.660218] (ground) StdoutLine: {'line': b'-- Up-to-date symlink: /home/lee/workspace/ros2_ex/install/ground/share/ground/environment/ament_prefix_path.dsv\n'}
[7.660299] (ground) StdoutLine: {'line': b'-- Up-to-date symlink: /home/lee/workspace/ros2_ex/install/ground/share/ground/environment/path.sh\n'}
[7.660366] (ground) StdoutLine: {'line': b'-- Up-to-date symlink: /home/lee/workspace/ros2_ex/install/ground/share/ground/environment/path.dsv\n'}
[7.660429] (ground) StdoutLine: {'line': b'-- Up-to-date symlink: /home/lee/workspace/ros2_ex/install/ground/share/ground/local_setup.bash\n'}
[7.660497] (ground) StdoutLine: {'line': b'-- Up-to-date symlink: /home/lee/workspace/ros2_ex/install/ground/share/ground/local_setup.sh\n'}
[7.660562] (ground) StdoutLine: {'line': b'-- Up-to-date symlink: /home/lee/workspace/ros2_ex/install/ground/share/ground/local_setup.zsh\n'}
[7.660627] (ground) StdoutLine: {'line': b'-- Up-to-date symlink: /home/lee/workspace/ros2_ex/install/ground/share/ground/local_setup.dsv\n'}
[7.660679] (ground) StdoutLine: {'line': b'-- Symlinking: /home/lee/workspace/ros2_ex/install/ground/share/ground/package.dsv\n'}
[7.665600] (ground) StdoutLine: {'line': b'-- Up-to-date symlink: /home/lee/workspace/ros2_ex/install/ground/share/ament_index/resource_index/packages/ground\n'}
[7.665686] (ground) StdoutLine: {'line': b'-- Up-to-date symlink: /home/lee/workspace/ros2_ex/install/ground/share/ground/cmake/groundConfig.cmake\n'}
[7.665732] (ground) StdoutLine: {'line': b'-- Up-to-date symlink: /home/lee/workspace/ros2_ex/install/ground/share/ground/cmake/groundConfig-version.cmake\n'}
[7.665778] (ground) StdoutLine: {'line': b'-- Up-to-date symlink: /home/lee/workspace/ros2_ex/install/ground/share/ground/package.xml\n'}
[7.666785] (ground) CommandEnded: {'returncode': 0}
[7.671322] (ground) JobEnded: {'identifier': 'ground', 'rc': 0}
[7.671587] (-) EventReactorShutdown: {}
